Désignation article;Désignation famille;Désignation sous famille;Article;Prix VENTE;Stock en UV;Code TVA
FRAIS ADMINISTRATIF           	ARTICLES DIVERS               	ARTICLES DIVERS               	1	1.7	150	2
VERRE BAVIK 50CL              	ARTICLES DIVERS               	VERRERIE                      	3	2	108	2
FACT CONSIGNE NON RESTITUEE   	SERVICES                      	SERVICES FRAIS                	4	30	-46	2
EFFET PAPILLON IPA 33VP       	BIERES                        	BIERE 20/25/33/35CL VP        	8	2.055	83	2
RHUM ABUELO 12 ANEJO 70CL     	ALCOOL                        	RHUMS TIERS                   	10	27	5	2
RHUM ANGOSTURA 1919 AMBRE 70CL	ALCOOL                        	RHUMS TIERS                   	13	34.33662353516	3	2
RHUM BRUGAL ESP.EXTRA DRY 70CL	ALCOOL                        	RHUMS TIERS                   	17	13.3652	17	2
RHUM DIPLOMATICO RES.EXCLU 70C	ALCOOL                        	RHUMS TIERS                   	20	37.10785522461	6	2
FRISURE EPICEA 1ER PRIX 20KG  	ARTICLES DIVERS               	CORBEILLES - COFFRETS- CARTONS	35	41.36	1	2
MARTINI BLANC 100CL           	ALCOOL                        	VERMOUTHS                     	45	10.4	23	2
MARTINI ROUGE 100CL           	ALCOOL                        	VERMOUTHS                     	46	10.3	13	2
RHUM DIPLOMATICO AMBASSADOR 70	ALCOOL                        	RHUMS TIERS                   	48	156.4704052734	1	2
LILLET BLANC 75CL             	ALCOOL                        	VINS DE LIQUEUR               	50	14.1	2	2
LILLET ROUGE 75CL             	ALCOOL                        	VINS DE LIQUEUR               	51	14.08	6	2
LILLET ROSE 75CL              	ALCOOL                        	VINS DE LIQUEUR               	52	12.129	0	2
BERGER PASTIS JAUNE 100 CL    	ALCOOL                        	ANIS                          	57	13.28680027008	6	2
CASANIS 100CL                 	ALCOOL                        	ANIS                          	58	15.79	9	2
PASTIS 51 100CL               	ALCOOL                        	ANIS                          	60	16.17474951744	5	2
RICARD 100CL                  	ALCOOL                        	ANIS                          	62	16.95	18	2
BITTER AROMATIC ANGOSTURA 20CL	ALCOOL                        	BITTERS                       	65	16.95	21	3
PICON BIERE 100CL             	ALCOOL                        	BITTERS                       	66	10.75	22	2
BERGER BLANC 100CL            	ALCOOL                        	ANIS                          	75	15.4098563385	7	2
PINT EDGE                     	ARTICLES DIVERS               	VERRERIE                      	76	1.5	0	2
ARMAGNAC MAUBET VSOP 70CL     	ALCOOL                        	ARMAGNAC                      	91	35.92350082398	1	2
ABSINTHE VERT & V. BERGER 70CL	ALCOOL                        	ABSINTHES                     	95	18.5	2	2
LIBERTINE FLEUR ABSINTHE 70CL 	ALCOOL                        	ABSINTHES                     	99	26.08295974731	2	2
ANISETTE EXTRA FINE M.B. 70CL 	ALCOOL                        	LIQUEURS CREMES               	142	11.5	5	2
BAILEY'S CREME WHISKY 70CL    	ALCOOL                        	LIQUEURS CREMES               	144	12.85	17	2
LIQ AMARULA FRUIT CREAM 70CL  	ALCOOL                        	LIQUEURS CREMES               	146	15.75	7	2
CHOUFFE COFFEE LIQUEUR   70CL 	ALCOOL                        	LIQUEURS CREMES               	147	12.65	10	2
WHISKY BIG PEAT TOURBE 70CL   	ALCOOL                        	WHISKY                        	148	33	2	2
COINTREAU LIQUEUR 70CL        	ALCOOL                        	LIQUEURS CREMES               	152	16.95	13	2
LIQUEUR CACAO BRUN MB 70CL    	ALCOOL                        	LIQUEURS CREMES               	154	10.1	1	2
CREME CASSIS GIFFARD 100CL    	ALCOOL                        	LIQUEURS CREMES               	155	10.3179599762	9	2
GIN CHRISTIAN DROUIN BLEU 70CL	ALCOOL                        	GIN                           	156	22.99	0	2
KRUPNIK VODKA AROM.MIEL EPI 70	ALCOOL                        	LIQUEURS CREMES               	166	13.2	5	2
LIQUEUR CURACAO BLEU 70CL     	ALCOOL                        	LIQUEURS CREMES               	171	10.8	2	2
LIQUEUR ABRICOT MB 70 CL      	ALCOOL                        	LIQUEURS CREMES               	176	10.4	1	2
LIQUEUR SOUTHERN COMFORT 70CL 	ALCOOL                        	LIQUEURS CREMES               	181	19.8	8	2
PARFAIT TRIPLE SEC 70CL       	ALCOOL                        	LIQUEURS CREMES               	182	13.09535980225	5	2
LIQUEUR FIREBALL 70CL         	ALCOOL                        	LIQUEURS CREMES               	183	23.18249940872	-2	2
MINT'S VERT 15° MB 70CL       	ALCOOL                        	LIQUEURS CREMES               	188	10.45	77	2
PISANG AMBON LIQUEUR 70CL     	ALCOOL                        	LIQUEURS CREMES               	190	11.17	6	2
VODKA ARRANGE STOLI CITROS 70C	ALCOOL                        	VODKA                         	192	13.961	17	2
VODKA ARRANGE STOLI HOT 70CL  	ALCOOL                        	VODKA                         	193	13.961	13	2
VODKA ARRANGE STOLI MIEL 70CL 	ALCOOL                        	VODKA                         	197	13.691	11	2
VODKA SOBIESKI 70CL           	ALCOOL                        	VODKA                         	206	10.9	41	2
VODKA ZUBROWKA HERB BISON 70CL	ALCOOL                        	VODKA                         	210	14.3	0	2
TEQUILA JOSE CUERVO GOLD 70CL 	ALCOOL                        	TEQUILA                       	212	18.38050624847	12	2
WH.LAPHROAIG QUARTER CASK 70CL	ALCOOL                        	WHISKY ECOSSAIS               	223	40	8	2
WHISKY TOKINOKA WHITE 40° 50CL	ALCOOL                        	WHISKY                        	225	21	8	2
WHISKY BALLANTINES 21A 70CL   	ALCOOL                        	WHISKY VIEUX                  	233	122.397	1	2
WHISKY JACK DANIEL'S N°7  70CL	ALCOOL                        	BOURBON                       	257	17.9	39	2
WH JIM BEAM WHITE 70CL        	ALCOOL                        	BOURBON                       	258	9.8774	87	2
WH CONNEMARA DISTILLER'S 70CL 	ALCOOL                        	WHISKY IRLANDAIS              	264	33.25	6	2
WHISKY PADDY 70CL             	ALCOOL                        	WHISKY IRLANDAIS              	275	17.04120597839	13	2
MAUBET CUVEE COUP COEUR 75CL  	VINS                          	COTES DE GASCOGNE             	291	5.778000283241	0	2
VILLA DRIA PETIT MANSENG 75CL 	VINS CAVE UNIQUEMENT          	COTES DE GASCOGNE             	295	4.653	6	2
MAUBET BLANC SEC FRUITE 75CL  	VINS                          	COTES DE GASCOGNE             	297	4.2	0	2
RHUM ARRANGE EPICES 70CL      	ALCOOL                        	RHUMS DOMS                    	298	19.28711929321	2	2
LONGUEROCHE L'OC BLANC 75CL   	VINS                          	IGP OC                        	302	4.859999871254	23	2
LONGUEROCHE L'OC ROSE 75CL    	VINS                          	IGP OC                        	303	4.927500128746	195	2
LONGUEROCHE L'OC ROUGE 75CL   	VINS                          	IGP OC                        	304	4.859999871254	8	2
LONGUEROCHE LE VIOGNIER  75CL 	VINS                          	IGP OC                        	305	7.019999742508	7	2
RAMON BILBAO CRIANZA 75CL     	VINS CAVE UNIQUEMENT          	ESPAGNE                       	327	5.418	6	2
ESCUDO ROJO CHARDONNAY 75CL   	VINS CAVE UNIQUEMENT          	VINS CAVE UNIQUEMENT          	332	13.33800029755	4	2
ESCUDO ROJO ROUGE 2022 75CL   	VINS CAVE UNIQUEMENT          	CHILI                         	333	14.48200044632	22	2
LA CLEF DU VIN TRAVEL PEUGEOT 	ARTICLES DIVERS               	CARAFES + ART VINS SPIRITUEUX 	368	37.03749895096	0	2
CARAFE PICPOUL BEC BISEAUTE   	ARTICLES DIVERS               	CARAFES + ART VINS SPIRITUEUX 	369	25.09999990463	2	2
VERRE ESPRIT 180 MERLOT 40CL  	ARTICLES DIVERS               	CARAFES + ART VINS SPIRITUEUX 	370	8.550000190735	8	2
DÉTENDEURS INTERM 3 SORTIES   	MATERIELS                     	MATERIEL VENTE                	395	106.11	-9	2
DETENDEUR PRINC AP.GAUCHE     	MATERIELS                     	MATERIEL VENTE                	396	135.1	-1	2
EFFET PAPILLON IPA 75VP       	BIERES                        	BIERE 75VP                    	405	4.096300013065	114	2
EFFET PAP PALE ALE 33VP       	BIERES                        	BIERE 20/25/33/35CL VP        	407	1.978679938316	82	2
GROUPE OCCASION               	MATERIELS                     	MATERIEL VENTE                	408	1471.35	-2	2
ADAPTATEUR RINCAGE TETE CREUSE	MATERIELS                     	VENTE MATERIEL MOBILE         	415	76.7	0	2
FROID SEC 1 TIRAGE 1/3CV 70L/H	MATERIELS                     	VENTE MATERIEL MOBILE         	423	1690	0	2
GROUPE FC LINE CONV 70 -1/2CV 	MATERIELS                     	MATERIEL VENTE                	432	1471.35	0	2
LONGUEROCHE TRADITION RGE 75CL	VINS                          	CORBIERES BLLE                	434	6.3	39	2
LONGUEROCHE C RAOUL RGE 75CL  	VINS                          	CORBIERES BLLE                	436	15.45749974251	11	2
LONGUEROCHE C RESERVEE RG 75CL	VINS                          	CORBIERES BLLE                	437	8.5	13	2
BIB 10L FUT CHENE ROUGE       	VINS                          	CORBIERES BIB                 	438	32.36999950409	11	2
BIB 10L TRADITION ROUGE 12°5  	VINS                          	CORBIERES BIB                 	439	24.56999950409	3	2
BIB 5L FUT CHENE ROUGE        	VINS                          	CORBIERES BIB                 	440	19.36999950409	0	2
BIB 5L TRADITION ROUGE 12°5   	VINS                          	CORBIERES BIB                 	441	15.46999950409	2	2
SUZE 100CL                    	ALCOOL                        	GENTIANES                     	479	10.95	4	2
PASSOA 70CL                   	ALCOOL                        	LIQUEURS CREMES               	481	12.036	0	2
BIB 3L MUSCAT RIVESALTES      	VINS                          	MUSCAT                        	483	26.22100009918	3	2
MUSCAT VALAURIA 100CL         	VINS                          	MUSCAT                        	485	8.1	0	2
RATZ AMBREE 30L               	BIERES                        	BIERE FUT 30L                 	522	2.9	570	2
SAS PILS 30L                  	BIERES                        	BIERE FUT 30L                 	525	2.17	3210	2
HOMMELBIER 30L                	BIERES                        	BIERE FUT 30L                 	528	3.15	120	2
ST STEFANUS BLONDE 20L        	BIERES                        	BIERE FUT 20L                 	535	3.89	1180	2
RATZ BLANCHE 30L              	BIERES                        	BIERE FUT 30L                 	549	3.05	390	2
RATZ NOEL 30L                 	BIERES                        	BIERE FUT 30L                 	557	3.252540066242	0	2
LUPULUS TRIPLE BLONDE 20L     	BIERES                        	BIERE FUT 20L                 	558	4.15	760	2
LUPULUS BRUNE 20L             	BIERES                        	BIERE FUT 20L                 	559	4.329360103607	0	2
DUPONT MONKS STOUT 20L        	BIERES                        	BIERE FUT 20L                 	561	3.939320135117	340	2
MOINETTE AMBREE 20L           	BIERES                        	BIERE FUT 20L                 	583	4.602236956358	240	2
DUPONT BLANCHE HAINAUT BIO 20L	BIERES                        	BIERE FUT 20L                 	590	3.766000080109	0	2
BOON FRAMBOISE 25VC           	BIERES                        	BIERE 25CL VC                 	603	2.024490088224	382	2
BOON KRIEK 25VC               	BIERES                        	BIERE 25CL VC                 	604	1.534244978428	380	2
BOON FARO 25VC                	BIERES                        	BIERE 25CL VC                 	605	1.448404994607	317	2
DUCHESSE BOURGOGNE 25VC       	BIERES                        	BIERE 25CL VC                 	610	1.627044993639	72	2
GRISETTE BLANCHE BIO 25VC     	BIERES                        	BIERE 25CL VC                 	611	1.186500036717	177	2
GRISETTE BLONDE BIO 25VC      	BIERES                        	BIERE 25CL VC                 	612	1.277885046601	573	2
HOMMELBIER 25VC               	BIERES                        	BIERE 25CL VC                 	614	0.9928800344467	258	2
LINDEMANS KRIEK 25VC          	BIERES                        	BIERE 25CL VC                 	622	1.357054960728	412	2
LINDEMANS GUEUZE 25VC         	BIERES                        	BIERE 25CL VC                 	625	1.027179968357	54	2
BLANCHE DE NAMUR 25VC         	BIERES                        	BIERE 25CL VC                 	627	0.9946999847889	72	2
AREND BLONDE 33VC             	BIERES                        	BIERE 33CL VC                 	642	1.630607964993	0	2
BARBAR BLONDE MECA 33VC       	BIERES                        	BIERE 33CL VC                 	647	1.776600074768	141	2
ST BERNARDUS BLANCHE 33VC     	BIERES                        	BIERE 33CL VC                 	658	1.15608497262	137	2
ST BERNARDUS TRIPLE 33VC      	BIERES                        	BIERE 33CL VC                 	659	1.538015085459	4	2
BRUGSE ZOT BLONDE 33VC        	BIERES                        	BIERE 33CL VC                 	664	1.587605017424	0	2
BUSH AMBREE CARACTERE 33VC    	BIERES                        	BIERE 33CL VC                 	665	1.77407501936	89	2
CAROLUS AMBRIO 33VC           	BIERES                        	BIERE 33CL VC                 	669	1.743624979258	6	2
CAROLUS CLASSIC 33VC          	BIERES                        	BIERE 33CL VC                 	670	1.70143006444	48	2
CAROLUS TRIPLE 33VC           	BIERES                        	BIERE 33CL VC                 	672	1.714479982853	170	2
CHIMAY TRIPLE 33VC            	BIERES                        	BIERE 33CL VC                 	673	1.579961950779	66	2
CHIMAY BLEU 33VC              	BIERES                        	BIERE 33CL VC                 	674	1.719480071068	4	2
DELIRIUM TREMENS 33VC         	BIERES                        	BIERE 33CL VC                 	679	1.768469974995	2	2
DE RANKE GULDENBERG 33VC      	BIERES                        	BIERE 33CL VC                 	699	1.707229989767	358	2
GULDEN DRAAK 33VC             	BIERES                        	BIERE 33CL VC                 	701	1.488330044746	9	2
HERCULE STOUT 33VC X12        	BIERES                        	BIERE 33CL VC                 	706	2.34029994607	59	2
KAPITTEL BLONDE 33VC          	BIERES                        	BIERE 33CL VC                 	710	1.041180038452	322	2
KARMELIET TRIPLE 33VC         	BIERES                        	BIERE 33CL VC                 	714	1.84265999198	293	2
MOINETTE BLONDE 33VC          	BIERES                        	BIERE 33CL VC                 	726	1.662279963493	140	2
MOINETTE AMBREE 33VC          	BIERES                        	BIERE 33CL VC                 	729	1.662279963493	409	2
ORVAL 33VC                    	BIERES                        	BIERE 33CL VC                 	732	1.830335021019	217	2
PATER LIEVEN BLONDE 33VC      	BIERES                        	BIERE 33CL VC                 	734	1.459134960175	114	2
PATER LIEVEN BRUNE 33VC       	BIERES                        	BIERE 33CL VC                 	735	1.408819961548	51	2
PATER LIEVEN TRIPLE 33VC      	BIERES                        	BIERE 33CL VC                 	736	1.758260035515	66	2
ROCHEFORT 10 33VC             	BIERES                        	BIERE 33CL VC                 	746	2.25170493722	301	2
ROCHEFORT 6 33VC              	BIERES                        	BIERE 33CL VC                 	747	1.43492000401	35	2
ROCHEFORT 8 33VC              	BIERES                        	BIERE 33CL VC                 	748	1.768130069971	246	2
QUINTINE AMBREE 33VC X12      	BIERES                        	BIERE 33CL VC                 	751	1.997964055538	82	2
SAISON DUPONT 33VC            	BIERES                        	BIERE 33CL VC                 	752	1.302969974279	1310	2
QUINTINE BLONDE 33VC X12      	BIERES                        	BIERE 33CL VC                 	753	1.935500073433	102	2
ST BERNARDUS ABT 12 33VC      	BIERES                        	BIERE 33CL VC                 	756	1.808149969578	126	2
ST BERNARDUS PRIOR 8° 33VC    	BIERES                        	BIERE 33CL VC                 	757	1.430922060013	52	2
QUINTINE NOEL 33VC            	BIERES                        	BIERE NOEL/HIVER 25/33        	759	1.770408017635	0	2
ST FEUILLIEN GRAND CRU 33VC   	BIERES                        	BIERE 33CL VC                 	762	1.899934989214	3	2
STRAFFE HENDRIK TRIPLE 33VC   	BIERES                        	BIERE 33CL VC                 	764	1.887702019215	49	2
STRAFFE HENDRIK QUADRUPLE 33VC	BIERES                        	BIERE 33CL VC                 	765	2.187760043144	51	2
WESTMALLE DOUBLE 33VC         	BIERES                        	BIERE 33CL VC                 	782	1.442460045219	192	2
WESTMALLE TRIPLE 33VC         	BIERES                        	BIERE 33CL VC                 	783	1.787850058079	84	2
WITKAP TRIPLE 33VC            	BIERES                        	BIERE 33CL VC                 	785	1.664694027901	132	2
DE RANKE XX BITTER 33VC       	BIERES                        	BIERE 33CL VC                 	786	1.582964938879	345	2
LEFORT TRIPLE 33VC            	BIERES                        	BIERE 33CL VC                 	788	1.763635015488	217	2
DE RANK SAISON DOTTIGNIES 33VC	BIERES                        	BIERE 33CL VC                 	789	1.745654970408	119	2
DE RANKE NOIR DOTTIGNIES 33VC 	BIERES                        	BIERE 33CL VC                 	790	1.886449998617	98	2
DE RANKE SIMPLEX BLONDE 33VC  	BIERES                        	BIERE 33CL VC                 	792	1.56512991786	321	2
DE RANKE BACK TO BLACK 75VC   	BIERES                        	BIERE 75VC                    	797	7.311941285133	9	2
BREWDOG BLACK JACQUES 33VP    	BIERES                        	BIERE 20/25/33/35CL VP        	799	8.653	3	2
BREWDOG TOKYO 33VP            	BIERES                        	BIERE 20/25/33/35CL VP        	806	7.003	0	2
GUE MOINES SERIE NOIRE 33VP   	BIERES                        	BIERE 20/25/33/35CL VP        	812	1.88972992301	28	2
GUE MOINES LABELLE NEIPA 33VP 	BIERES                        	BIERE 20/25/33/35CL VP        	820	2.292653925419	61	2
RATZ AMBREE 33VP              	BIERES                        	BIERE 20/25/33/35CL VP        	866	1.43531999588	93	2
RATZ BLANCHE 33VP             	BIERES                        	BIERE 20/25/33/35CL VP        	867	1.43531999588	150	2
RATZ BLONDE 33VP              	BIERES                        	BIERE 20/25/33/35CL VP        	868	1.431479033232	295	2
RATZ NOEL 33VP                	BIERES                        	BIERE NOEL/HIVER 25/33        	870	1.462184947729	0	2
ST PATRICK RATZ 33VP          	BIERES                        	BIERE 20/25/33/35CL VP        	872	1.452199921608	0	2
GUE MOINES ROI DE COEUR 33VP  	BIERES                        	BIERE 20/25/33/35CL VP        	873	1.919095985889	218	2
GUE MOINES GAME OVER 33VP     	BIERES                        	BIERE 20/25/33/35CL VP        	874	1.94690702796	99	2
ST STEFANUS ABBAYE BLONDE 33VP	BIERES                        	BIERE 20/25/33/35CL VP        	875	2.16160004139	0	2
GUE MOINES BLDE OCCITANIE 33VP	BIERES                        	BIERE 20/25/33/35CL VP        	877	1.697156066895	216	2
BACCHUS FRAMBOISE 37.5VC      	BIERES                        	BIERE 37.5CL                  	887	2.655675077438	-8	2
MOINETTE BONS VOEUX 37,5VC    	BIERES                        	BIERE 37.5CL                  	888	2.286899971962	907	2
BOON OUDE GUEUZE 37.5VC       	BIERES                        	BIERE 37.5CL                  	891	2.652774941921	67	2
GUE MOINES PREAMBULE 33VP     	BIERES                        	BIERE 20/25/33/35CL VP        	892	1.94690702796	259	2
OUD BEERSEL OUDE GUEUZE 37.5VP	BIERES                        	BIERE 37.5CL                  	895	4.07708407402	19	2
SCHLENKERLA RAUCH. MAERZ. 50VC	BIERES                        	BIERE 50CL VC                 	936	1.83126003027	44	2
DUO PRESTIGE BLANC 75CL       	VINS CAVE UNIQUEMENT          	COTES CATALANES               	947	7.2	4	2
AUTHENTIQUE DU MAS RGE 75CL   	VINS CAVE UNIQUEMENT          	COTES CATALANES               	949	5.67	20	2
BLANCHE DES HONNELLES 75VC    	BIERES                        	BIERE 75VC                    	951	3.022061891556	0	2
BLANCHE DE NAMUR 75VC         	BIERES                        	BIERE 75VC                    	952	2.655819928646	56	2
MOINETTE BONS VOEUX 75VC      	BIERES                        	BIERE 75VC                    	953	3.987760162354	430	2
BOON OUDE GUEUZE 75VP !! X12!!	BIERES                        	BIERE 75VP                    	955	5.026373848915	23	2
CANTILLON GUEUZE BIO 75VP     	BIERES                        	BIERE 75VP                    	962	8.38613986969	18	2
CANTILLON KRIEK BIO 75VP      	BIERES                        	BIERE 75VP                    	963	10.93164103031	106	2
CAROLUS CUV IMPERIAL BLDE 75VP	BIERES                        	BIERE 75VP                    	966	6.595591082573	4	2
CAROLUS C. IMPERIAL DARK 75VP 	BIERES                        	BIERE 75VP                    	967	6.078553190231	3	2
DUCHESSE DE BOURGOGNE 75VC    	BIERES                        	BIERE 75VC                    	975	6.074194693565	68	2
HANSSENS OUDE KRIEK 75VC      	BIERES                        	BIERE 75VC                    	977	6.265	1	2
HOMMELBIER 75VC               	BIERES                        	BIERE 75VC                    	978	2.659999966621	156	2
SEDUCTION RGE 75CL            	VINS CAVE UNIQUEMENT          	COTES CATALANES               	980	5.85	36	2
KAPITTEL BLONDE 75VC          	BIERES                        	BIERE 75VC                    	982	2.642500066757	58	2
KARMELIET TRIPLE 75VP   X6    	BIERES                        	BIERE 75VP                    	983	4.670160140991	0	2
KASTEEL CUV. CHATEAU 75VC     	BIERES                        	BIERE 75VC                    	985	3.289	12	2
SEDUCTION BLANC 75CL          	VINS CAVE UNIQUEMENT          	COTES CATALANES               	991	5.85	-2	2
LINDEMANS KRIEK 75VP          	BIERES                        	BIERE 75VP                    	993	3.794447908402	1	2
MJG BRIU BLANC MUSCAT SEC 75CL	VINS CAVE UNIQUEMENT          	OC                            	995	3.6	91	2
LUPULUS TRIPLE BLONDE 75VC    	BIERES                        	BIERE 75VC                    	996	3.736070108414	127	2
LUPULUS BRUNE 75VC            	BIERES                        	BIERE 75VC                    	997	3.621799850464	76	2
MOINETTE BIO 75VC             	BIERES                        	BIERE 75VC                    	1000	3.965360116959	50	2
MOINETTE BLONDE 75VC          	BIERES                        	BIERE 75VC                    	1001	3.72620985508	63	2
MOINETTE AMBREE 75VC          	BIERES                        	BIERE 75VC                    	1004	3.556699895859	48	2
MJG BRIU BANYULS AOC 75CL     	VINS CAVE UNIQUEMENT          	COTES DU ROUSSILLON           	1006	7.2	18	2
MJG BRIU TAUTAVEL 75CL        	VINS CAVE UNIQUEMENT          	COTES DU ROUSSILLON VILLAGE   	1010	5.49	15	2
SAISON DUPONT 75VC            	BIERES                        	BIERE 75VC                    	1011	3.022525107861	253	2
ST BERNARDUS TRIPLE 75VP      	BIERES                        	BIERE 75VP                    	1012	4.387844884396	10	2
BRUGSE ZOT BLONDE 75VP        	BIERES                        	BIERE 75VP                    	1028	4.001171951294	0	2
CUVEE DES TROLLS TRIPLE 75VP  	BIERES                        	BIERE 75VP                    	1030	4.181625115871	0	2
PAIX DIEU TRIPLE 33VC X12     	BIERES                        	BIERE 33CL VC                 	1036	1.965329951048	24	2
GUE MOINES BLDE OCCITANIE 20L 	BIERES                        	BIERE FUT 20L                 	1038	3.05	540	2
PANNEAU MURAL PVC BLANC       	MATERIELS                     	VENTE MATERIEL MOBILE         	1041	123.6	0	2
FLEXIBLE HP 1,5 M AVEC CABLE  	MATERIELS                     	MATERIEL VENTE                	1042	103.37	0	2
RATZ AMBREE 75VP              	BIERES                        	BIERE 75VP                    	1050	2.958984146118	49	2
RATZ BLANCHE 75VP             	BIERES                        	BIERE 75VP                    	1051	3.003039879799	46	2
RATZ BLONDE 75VP              	BIERES                        	BIERE 75VP                    	1052	2.958984146118	70	2
MISTER B BAMBA 20L K          	BIERES                        	BIERE FUT 20L                 	1054	4.37920003891	40	2
ST BERNARDUS ABT 12 75VP      	BIERES                        	BIERE 75VP                    	1055	5.176935148239	54	2
ST FEUILLIEN GRAND CRU 75VP   	BIERES                        	BIERE 75VP                    	1056	5.354400157929	0	2
STRAFFE HENDRIK QUADRUPLE 75VP	BIERES                        	BIERE 75VP                    	1057	5.265470147133	23	2
STRAFFE HENDRIK TRIPLE 75VP   	BIERES                        	BIERE 75VP                    	1059	5.185349907875	24	2
MISTER B BAHIA GUAVA 20LK     	BIERES                        	BIERE FUT 20L                 	1062	4.09359998703	260	2
MOINETTE BONS VOEUX 150VP     	BIERES                        	BIERE 150 CL/200CL            	1064	16.68424472809	17	2
MISTER B BESTIA IPA 33BTE     	BIERES                        	BIERE 33/44/50 CL CANETTE     	1065	1.846665018797	92	2
CHIMAY PREMIERE BLEUE 150VP   	BIERES                        	BIERE 150 CL/200CL            	1067	12.84452996924	0	2
LUPULUS TRIPLE KRUSH 150VP    	BIERES                        	BIERE 150 CL/200CL            	1073	11.56820383072	6	2
MISTER B BAHIA GUAVA 33BTE    	BIERES                        	BIERE 33/44/50 CL CANETTE     	1079	1.847204947472	7	2
ADAPTATEUR RINCAGE U          	MATERIELS                     	VENTE MATERIEL MOBILE         	1080	90.12	0	2
ST FEUILLIEN TRIPLE 900VC     	BIERES                        	BIERE 900 CL                  	1084	69.50566585541	0	2
PRESSION 25CL A 3.50€         	BIERES                        	BIERE PRESSION COMPTOIR       	1086	1.95	-31	2
PRESSION 50CL A 6€            	BIERES                        	BIERE PRESSION COMPTOIR       	1087	3	-38	2
 PRESSION SPEC 25CL À 4.50    	BIERES                        	BIERE PRESSION COMPTOIR       	1094	2.5	-63	2
PRESSION SPEC 50CL À 8.50     	BIERES                        	BIERE PRESSION COMPTOIR       	1095	4.5	-98	2
TETE DE SOUTIRAGE U           	MATERIELS                     	VENTE MATERIEL MOBILE         	1097	153.66	0	2
DE RANKE PERE NOEL 33VC       	BIERES                        	BIERE NOEL/HIVER 25/33        	1121	1.73851993084	83	2
ST BERNARDUS XMAS 33VC        	BIERES                        	BIERE NOEL/HIVER 25/33        	1123	1.702202041149	0	2
ST FEUILLIEN NOEL 33VC        	BIERES                        	BIERE NOEL/HIVER 25/33        	1124	1.186837983131	0	2
ST BERNARDUS XMAS 75VP  X6    	BIERES                        	BIERE NOEL/HIVER 75           	1134	4.36760995388	0	2
COGNAC GAUTIER VS 70CL        	ALCOOL                        	COGNAC                        	1152	30.36635543823	13	2
ANGELUS BLONDE 75VP           	BIERES                        	BIERE 75VP                    	1161	3.538484930992	0	2
DOUILLE INOX 3/8 – 3/8        	MATERIELS                     	MATERIEL VENTE                	1163	6.74	0	2
MISTER B BAMBA 33BTE          	BIERES                        	BIERE 33/44/50 CL CANETTE     	1168	2.041334974766	164	2
MISTER B BUBBA  33BTE         	BIERES                        	BIERE 33/44/50 CL CANETTE     	1170	2.20221397996	-16	2
DE MOLEN HEMEL & AARDE 33VP   	BIERES                        	BIERE 20/25/33/35CL VP        	1187	3.053	2	2
MARTINI ROSATO 100CL          	ALCOOL                        	VERMOUTHS                     	1203	10.45200004578	10	2
DE RANKE FRANC BELGE 33VC     	BIERES                        	BIERE 33CL VC                 	1207	1.673155039549	298	2
JAMBE DE BOIS TRIPLE 33VC     	BIERES                        	BIERE 33CL VC                 	1232	1.833234983683	199	2
MISTER B BAZOOKA DIPA 33BTE   	BIERES                        	BIERE 33/44/50 CL CANETTE     	1233	2.041334974766	0	2
SAKE CHOYA 75CL               	ALCOOL                        	ALCOOL DE RIZ                 	1242	12.9	0	2
TARAS BOULBA EXTRA HOPPY 33VC 	BIERES                        	BIERE 33CL VC                 	1245	1.563659954071	130	2
GUINNESS 30L                  	BIERES                        	BIERE FUT 30L                 	1264	4.27	210	2
TIBIDABO BARREL 1 STOUT 20LK  	BIERES                        	BIERE FUT 20L                 	1270	7.53	20	2
AXIS T 3 TIRAGE FUT NOIR      	MATERIELS                     	MATERIEL VENTE                	1272	1113	0	2
GROUPE FC LINE CONV 40 1/4CV  	MATERIELS                     	MATERIEL VENTE                	1274	990.57	0	2
PANNEAU MURAL PVC BLANC       	MATERIELS                     	VENTE MATERIEL MOBILE         	1277	51.5	3	2
LICORNE 30L INOX              	BIERES                        	BIERE FUT 30L                 	1279	2.955	1800	2
PANNEAU THERMOPRESSION 380X260	MATERIELS                     	VENTE MATERIEL MOBILE         	1280	49.92	0	2
EGOUTTOIR GRILLE TOTAL INOX304	MATERIELS                     	MATERIEL VENTE                	1282	434.69	0	2
PILSNER URQUELL BLONDE 30L    	BIERES                        	BIERE FUT 30L                 	1286	3.487500071526	0	2
ECARTEUR GROUPE MOUSSE        	MATERIELS                     	MATERIEL VENTE                	1292	2.36	0	2
COUVERCLE H40 COIN DROIT      	MATERIELS                     	MATERIEL VENTE                	1293	157.28	0	2
COUVERCLE H40 COIN BISOTE     	MATERIELS                     	MATERIEL VENTE                	1294	152.7	0	2
TUYAU ALIMENTAIRE TRESSE 8X14 	MATERIELS                     	MATERIEL VENTE                	1295	89	0	2
CIRCLIPS GUEST 3/8 (9.5MM)    	MATERIELS                     	MATERIEL VENTE                	1296	0.6	0	2
COLONNE ITALIENNE 2T CHROME   	MATERIELS                     	MATERIEL VENTE                	1297	658	0	2
COLONNE LODGE 2T CHROME       	MATERIELS                     	MATERIEL VENTE                	1298	682	0	2
RODENBACH CLASSIC 20L         	BIERES                        	BIERE FUT 20L                 	1321	4.513185095787	160	2
FRANZISKANER WEISS HELL 6L    	BIERES                        	BIERES FUT 5L/6L/12.5L        	1339	23.6	0	2
JUPILER 6L                    	BIERES                        	BIERES FUT 5L/6L/12.5L        	1342	22.65	11	2
LEFFE BLONDE 6L               	BIERES                        	BIERES FUT 5L/6L/12.5L        	1343	25	14	2
STELLA ARTOIS 6L              	BIERES                        	BIERES FUT 5L/6L/12.5L        	1354	24.75	21	2
RODENBACH CLASSIC 25VC        	BIERES                        	BIERE 25CL VC                 	1366	0.9421999692917	215	2
DUVEL 19,5 L                  	BIERES                        	BIERE FUT 16L/19,5L           	1372	104.5935752869	10	2
HOEGAARDEN BLANCHE 6L         	BIERES                        	BIERES FUT 5L/6L/12.5L        	1378	24.05	11	2
DIEKIRCH GRAND CRU 6L         	BIERES                        	BIERES FUT 5L/6L/12.5L        	1379	27.05	-7	2
KWAK 33VC                     	BIERES                        	BIERE 33CL VC                 	1391	2.056535047293	47	2
QUEUE DE CHARRUE BRUNE 33VC   	BIERES                        	BIERE 33CL VC                 	1400	1.189652007987	2	2
QUEUE DE CHARRUE BLONDE 33VC  	BIERES                        	BIERE 33CL VC                 	1401	1.302970060706	217	2
QUEUE DE CHARRUE TRIPLE 33VC  	BIERES                        	BIERE 33CL VC                 	1402	1.487700033188	20	2
TONGERLO PRIOR TRIPLE 33VC    	BIERES                        	BIERE 33CL VC                 	1406	2.008728032112	0	2
TRAPPE BLONDE 33VC            	BIERES                        	BIERE 33CL VC                 	1407	1.604280018807	229	2
TRAPPE ISIDOR 33VC            	BIERES                        	BIERE 33CL VC                 	1411	1.573975002766	52	2
TRAPPE QUADRUPLE 33VC         	BIERES                        	BIERE 33CL VC                 	1412	1.774799966812	91	2
TRAPPE TRIPLE 33VC            	BIERES                        	BIERE 33CL VC                 	1413	1.695195066929	168	2
DESPERADOS 33VP X12           	BIERES                        	BIERE 20/25/33/35CL VP        	1439	1.338627020121	120	2
OPTION ROBINET COMPENSATEUR   	MATERIELS                     	MATERIEL VENTE                	1442	28.86	0	2
RUBAN PVC NOIR 50MM           	MATERIELS                     	MATERIEL VENTE                	1443	19.2	0	2
BANDE ARMAFLEX ADHESIVE 50MM  	MATERIELS                     	MATERIEL VENTE                	1444	47.38	0	2
PLATEAU CHAUDRONNÉ INOX       	MATERIELS                     	MATERIEL VENTE                	1454	393.33	0	2
CONDENSATEUR DE DEMARRAGE     	MATERIELS                     	MATERIEL VENTE                	1458	58.34	0	2
PINCE A DENUDER               	MATERIELS                     	MATERIEL VENTE                	1460	34.93	0	2
CISAILLE POUR TUYAU POLYAMIDE 	MATERIELS                     	MATERIEL VENTE                	1461	70.04	0	2
LAME POUR CISAILLE            	MATERIELS                     	MATERIEL VENTE                	1463	24.16	0	2
PERONI NASTRO AZZURO 33VP     	BIERES                        	BIERE 20/25/33/35CL VP        	1467	1.167377020121	712	2
PILSNER URQUEL 33VP           	BIERES                        	BIERE 20/25/33/35CL VP        	1468	1.252125012875	156	2
GUE MOINES DAME DE COEUR 33VP 	BIERES                        	BIERE 20/25/33/35CL VP        	1469	1.905943926573	109	2
HEINEKEN 33BTE                	BIERES                        	BIERE 33/44/50 CL CANETTE     	1484	0.8058339631558	792	2
KRONENBOURG 33BTE             	BIERES                        	BIERE 33/44/50 CL CANETTE     	1485	0.6612300083041	384	2
ERDINGER WEISS HELL 50VC      	BIERES                        	BIERE 50CL VC                 	1505	1.842950040102	210	2
FRANZISKANER WEISS DUNK 50VC  	BIERES                        	BIERE 50CL VC                 	1506	1.85455006361	321	2
FRANZISKANER WEIS  NATUR 50VC 	BIERES                        	BIERE 50CL VC                 	1507	1.85455006361	296	2
FRANZISKANER WEIS KRISTAL 50VC	BIERES                        	BIERE 50CL VC                 	1509	1.786400032044	88	2
ERDINGER WEISS SANS ALC 50VC  	BIERES                        	BIERE 50CL VC                 	1517	1.842950040102	97	3
GDM SUPER POWER 33VP X24      	BIERES                        	BIERE 20/25/33/35CL VP        	1524	1.908547031879	72	2
JEVER PILS 50VC               	BIERES                        	BIERE 50CL VC                 	1528	1.690700012445	627	2
COLLIER COLSON 176MM          	MATERIELS                     	MATERIEL VENTE                	1531	17.87	0	2
COLLIER COLSON 260MM          	MATERIELS                     	MATERIEL VENTE                	1532	20.86	0	2
COLLIER COLSON 357MM          	MATERIELS                     	MATERIEL VENTE                	1533	32.73	0	2
COUPE TUBE MINI 4 A 16MM      	MATERIELS                     	MATERIEL VENTE                	1534	20.49	0	2
PAULANER SALVATOR 50VC        	BIERES                        	BIERE 50CL VC                 	1535	1.947350078821	134	2
COUPE TUBE STANDARD 6 A 28MM  	MATERIELS                     	MATERIEL VENTE                	1536	24.87	0	2
PAULANER HEFE WEIS NATUR 50VC 	BIERES                        	BIERE 50CL VC                 	1537	1.710999923945	692	2
JEU DE CLE DE 6 PANS          	MATERIELS                     	MATERIEL VENTE                	1550	36.05	0	2
BOUCHON GUEST 3/8 (9.5MM)     	MATERIELS                     	MATERIEL VENTE                	1551	1.65	0	2
QUEUE DE CHARRUE BLONDE 75VC  	BIERES                        	BIERE 75VP                    	1562	3.331374847889	57	2
BROOKLYN BLACK OPS 75VP       	BIERES                        	BIERE 75VP                    	1565	17.85366000189	55	2
BROOKLYN CUVEE NOIRE 75VP     	BIERES                        	BIERE 75VP                    	1567	17.363	24	2
BROOKLYN SILVER ANNIV LAG 75VP	BIERES                        	BIERE 75VP                    	1571	10.988	36	2
KWAK 75VP X6                  	BIERES                        	BIERE 75VP                    	1586	4.480903124809	0	2
AUGMENTATEUR GUEST 5/16-3/8   	MATERIELS                     	MATERIEL VENTE                	1588	4.38	0	2
COF QUEUE CHARRUE 4X33CL + 1V 	BIERES                        	BIERE COFFRET                 	1590	12.30990945816	1	2
UNION DOUBLE EGAL 3/8-3/8     	MATERIELS                     	MATERIEL VENTE                	1592	4.86	0	2
TE EGAL 3/8 (9.5MM)           	MATERIELS                     	MATERIEL VENTE                	1595	6.72	0	2
NICE CHOUFFE 20L              	BIERES                        	BIERE NOEL/HIVER FUT          	1597	4.06	80	2
TONGERLO CHRISTMAS 30L        	BIERES                        	BIERE NOEL/HIVER FUT          	1598	3.4	120	2
EQUERRE INEGLAE MIXTE SM      	MATERIELS                     	MATERIEL VENTE                	1601	8.35	0	2
EQUERRE A QUEUE LISSE 3/8-3/8 	MATERIELS                     	MATERIEL VENTE                	1602	6.91	0	2
THERMOSTAT RANKO K50 -2.5°+14°	MATERIELS                     	MATERIEL VENTE                	1603	48.06	0	2
THERMOSTAT ELIWELL ID961      	MATERIELS                     	MATERIEL VENTE                	1604	53.67	0	2
BROSSE DE TETE DE SOUTIRAGE   	MATERIELS                     	VENTE MATERIEL MOBILE         	1605	21.45	0	2
BROSSE DE TETE DE SOUTIRAGE   	MATERIELS                     	VENTE MATERIEL MOBILE         	1606	21.45	0	2
VANNE SORTIE BIERE            	MATERIELS                     	VENTE MATERIEL MOBILE         	1607	37.65	0	2
DEGRAISSANT INOX AEROSOL      	MATERIELS                     	MATERIEL VENTE                	1608	28.4	0	2
ROBINET ALPHA 1 COMPENSATEUR  	MATERIELS                     	MATERIEL VENTE                	1609	154.2	0	2
QUEUE CRANTE ALPHA1 LG10      	MATERIELS                     	MATERIEL VENTE                	1610	13.96	0	2
QUEUE CRANTE ALPHA1 LG22      	MATERIELS                     	MATERIEL VENTE                	1611	13.96	0	2
CLE DE SERRAGE POUR ROBINET   	MATERIELS                     	MATERIEL VENTE                	1612	4.92	0	2
EFFET PAPILLON WHEAT ALE 75VP 	BIERES                        	BIERE 75VP                    	1618	3.828527898789	115	2
ASAHI SUPER DRY 33VP          	BIERES                        	BIERE 20/25/33/35CL VP        	1632	1.316250032187	240	2
CIDRE BRUT 75CL               	CIDRES                        	CIDRE BLLE                    	1649	1.936221051216	11	2
CIDRE DOUX 75CL               	CIDRES                        	CIDRE BLLE                    	1650	1.936221051216	44	2
KAS CITRON 150PET X6          	SOFTS                         	BOISSONS SUCREES PET          	1666	1.99	114	3
CIDRE KUPELA DEMI-SEC 4°  33VP	CIDRES                        	CIDRE BLLE                    	1672	1.828676006794	394	2
OASIS TROPICAL 33BTE          	SOFTS                         	BOISSONS SUCREES BTE          	1673	0.7	1926	3
ORANGINA 150PET               	SOFTS                         	BOISSONS SUCREES PET          	1674	2.170840072632	44	3
SCHWEPPES INDIAN TONIC 150PET 	SOFTS                         	BOISSONS SUCREES PET          	1678	1.85	66	3
COCA COLA ZERO 33VC           	SOFTS                         	BOISSONS SUCREES VC           	1679	0.98	2276	3
COCA COLA 33VC                	SOFTS                         	BOISSONS SUCREES VC           	1680	0.97	3579	3
RAUCH NEC ABRICOT S/PLACE 20CL	JUS DE FRUIT                  	JUS DE FRUITS VP/VC/PET       	1683	2	0	4
RAUCH ACE S/PLACE 20CL        	JUS DE FRUIT                  	JUS DE FRUITS VP/VC/PET       	1684	2	0	4
RAUCH N. ANANAS S/PLACE 20CL  	JUS DE FRUIT                  	JUS DE FRUITS VP/VC/PET       	1685	2	-2	4
MAGNERS ORIGINAL CIDER 33VP   	CIDERS                        	CIDER BLLE                    	1686	1.778895038366	-24	2
RAUCH FRAISE S/PLACE 20CL     	JUS DE FRUIT                  	JUS DE FRUITS VP/VC/PET       	1687	2	0	4
RAUCH MANGUE S/PLACE 20CL     	JUS DE FRUIT                  	JUS DE FRUITS VP/VC/PET       	1690	2	0	4
RAUCH ORANGE PULP S/PLACE 20CL	JUS DE FRUIT                  	JUS DE FRUITS VP/VC/PET       	1691	2	0	4
RAUCH PAMPLEM. S/PLACE 20CL   	JUS DE FRUIT                  	JUS DE FRUITS VP/VC/PET       	1692	2	0	4
RAUCH POIRE S/PLACE 20CL      	JUS DE FRUIT                  	JUS DE FRUITS VP/VC/PET       	1693	2	0	4
RAUCH TOMATE S/PLACE 20CL     	JUS DE FRUIT                  	JUS DE FRUITS VP/VC/PET       	1696	2	0	4
ORANGINA 25VC                 	SOFTS                         	BOISSONS SUCREES VC           	1721	0.952	975	3
SCHWEPPES INDIAN TONIC 25VC   	SOFTS                         	BOISSONS SUCREES VC           	1725	0.95	816	3
COCA COLA S/PLACE 33 CL       	SOFTS                         	BOISSONS SUCREES VC COMPTOIR  	1726	1.301499983668	-6	4
NESTEA PECHE S/ PLACE 20 CL   	SOFTS                         	BOISSONS SUCREES VC COMPTOIR  	1727	1.8	0	4
ORANGINA S/PLACE 33CL         	SOFTS                         	BOISSONS SUCREES VC COMPTOIR  	1728	2.708390287399	0	4
DU CLAU POMME CERISE 75VP     	JUS DE FRUIT                  	JUS DE FRUIT GAZEIFIE VP      	1730	3.587999987602	0	3
CACOLAC 25BTE                 	SOFTS                         	BOISSONS SUCREES BTE          	1740	0.999269977212	23	3
COCA COLA 33BTE X24 X24 X24   	SOFTS                         	BOISSONS SUCREES BTE          	1741	0.73	1367	3
X30 COCA 33BTE                	SOFTS                         	BOISSONS SUCREES BTE          	1742	0.7425000160933	1591	3
COCA COLA SANS SUCRE 33BTE X24	SOFTS                         	BOISSONS SUCREES BTE          	1743	0.7141499787569	216	3
FANTA CITRON 33BTE            	SOFTS                         	BOISSONS SUCREES BTE          	1745	0.65	24	3
FANTA ORANGE 33BTE            	SOFTS                         	BOISSONS SUCREES BTE          	1746	0.7721000313759	935	3
ORANGINA JAUNE 33BTE          	SOFTS                         	BOISSONS SUCREES BTE          	1750	0.6637399911881	1450	3
SCHWEPPES INDIAN TONIC 33BTE  	SOFTS                         	BOISSONS SUCREES BTE          	1756	0.7052400290966	59	3
EAU SOURCE CRISTALINE 150PET  	EAUX                          	EAUX PET                      	1761	0.3	3222	3
EAU SOURCE CRISTALINE 50PET   	EAUX                          	EAUX PET                      	1762	0.235	3996	3
BADOIT 100VC                  	EAUX                          	EAUX VC/VP                    	1766	0.895049983263	768	3
BADOIT 50VC                   	EAUX                          	EAUX VC/VP                    	1767	0.749250009656	220	3
PERRIER S/ PLACE 33CL         	EAUX                          	EAUX VC/VP                    	1768	2.727269899964	-10	4
X30 COCA SANS SUCRE 33BTE X30 	SOFTS                         	BOISSONS SUCREES BTE          	1776	0.7141	1140	3
SAN PELLEGRINO 100VC          	EAUX                          	EAUX VC/VP                    	1779	1.19	1225	3
SAN PELLEGRINO 50VC           	EAUX                          	EAUX VC/VP                    	1780	0.87	1220	3
VICHY ST YORRE 33VP           	EAUX                          	EAUX VC/VP                    	1782	0.66	0	3
VITTEL 100VC                  	EAUX                          	EAUX VC/VP                    	1783	0.9990000128746	509	3
VITTEL 25VC                   	EAUX                          	EAUX VC/VP                    	1784	0.8590050369501	1	3
VITTEL 50VC                   	EAUX                          	EAUX VC/VP                    	1785	0.875	40	3
PERRIER 33BTE                 	EAUX                          	EAUX BTE                      	1786	0.65	313	3
EVIAN 50VC                    	EAUX                          	EAUX VC/VP                    	1804	0.935	119	3
CARTOUCHE CO2 10KG            	GAZ                           	GAZ PLEIN                     	1805	42.4	57	2
CARTOUCHE GAZ MIXTE 10KG      	GAZ                           	GAZ PLEIN                     	1806	51.6	3	2
CAFE MOULU PERLE NOIRE 1KG    	ALIMENTAIRES                  	CAFE                          	1811	18.4	39	3
SUCRE CASSONADE ANTILLAISE 5KG	ALIMENTAIRES                  	SUCRE DOSES                   	1812	14	0	3
SUCRE BUCHETTES 100 X 4G      	ALIMENTAIRES                  	SUCRE DOSES                   	1813	2.39	0	3
NAPPE PAPIER 10X1.20M         	ARTICLES DIVERS               	JETABLES                      	1835	4.67	0	2
PAILLES BLANCHES X500 NON EMB.	ARTICLES DIVERS               	JETABLES                      	1837	8.274999856949	0	2
TASSES A CAFE ANSES 20CL X50  	ARTICLES DIVERS               	JETABLES                      	1841	2.55	0	2
CAFE GRAIN PERLE NOIRE 1KG    	ALIMENTAIRES                  	CAFE                          	1851	18.4	21	3
COCA COLA REG 125PET X12      	SOFTS                         	BOISSONS SUCREES PET          	1858	1.912005078793	328	3
SAUCISSE SECHE RUSTADOU AU KG 	ARTICLES DIVERS               	TERRINE - BOCAUX - SAUCIS-FROM	1866	9.763	0	3
VALISETTE 1 BLLE              	ARTICLES DIVERS               	CORBEILLES - COFFRETS- CARTONS	1868	0.9315000027418	29	2
CAISSE BOIS 12BLLES X33CL VIDE	ARTICLES DIVERS               	CORBEILLES - COFFRETS- CARTONS	1872	5.35	60	2
COF BOIS NOIR ECHEC + ACCESS  	ARTICLES DIVERS               	CORBEILLES - COFFRETS- CARTONS	1884	16.64	0	2
COF BOIS FLASQUE + ENTO INOX  	ARTICLES DIVERS               	CORBEILLES - COFFRETS- CARTONS	1885	16.64	0	2
COFFRET V2 2 PIECES           	ARTICLES DIVERS               	ARTICLES DE CAVE / BIERE & VIN	1892	10.79	0	2
CORB. BAMBOU RECT NATUREL PM  	ARTICLES DIVERS               	CORBEILLES - COFFRETS- CARTONS	1902	2.027999925613	35	2
CORB BAMBOU RECT NATUREL GM   	ARTICLES DIVERS               	CORBEILLES - COFFRETS- CARTONS	1904	2.37900005579	37	2
RANGE COUVERT BOIS MARRON     	ARTICLES DIVERS               	CORBEILLES - COFFRETS- CARTONS	1917	2.5	0	2
VALISETTE 2 BLLES             	ARTICLES DIVERS               	CORBEILLES - COFFRETS- CARTONS	1924	1.428000068665	43	2
VALISETTE 3 BLLES             	ARTICLES DIVERS               	CORBEILLES - COFFRETS- CARTONS	1925	1.8	53	2
CHOPE BARBAR VERRE TREMPE 29CL	ARTICLES DIVERS               	VERRERIE                      	1932	2.344186858821	-1	2
CHOPE BARBAR 45CL             	ARTICLES DIVERS               	VERRERIE                      	1933	2.386229891634	-4	2
CHOPES 25CL BO OR/METAL       	ARTICLES DIVERS               	VERRERIE                      	1934	1.636271929562	-1	2
CHOPES 50CL BO OR/METAL       	ARTICLES DIVERS               	VERRERIE                      	1935	2.09988245635	0	2
CHOPE GRES CHIMAY 50CL        	ARTICLES DIVERS               	VERRERIE                      	1936	4.023638174295	0	2
CHOPE HB 100CL                	ARTICLES DIVERS               	VERRERIE                      	1937	3.363448043346	0	2
CHOPE LINDEMANS FARO          	ARTICLES DIVERS               	VERRERIE                      	1938	1.662406967187	-8	2
CHOPE SCHLENKERLA 40CL        	ARTICLES DIVERS               	VERRERIE                      	1939	0.01136299974602	0	2
VERRE PAGE 24                 	ARTICLES DIVERS               	VERRERIE                      	1941	2.2726	227	2
PINTE CARLING 50CL            	ARTICLES DIVERS               	VERRERIE                      	1942	1.988525	0	2
PIED KWAK SANS VERRE          	ARTICLES DIVERS               	VERRERIE                      	1943	2.886201956654	-133	2
PIED KWAK QUADRO SANS VERRE   	ARTICLES DIVERS               	VERRERIE                      	1944	7.747293217945	0	2
VERRE JEAN PRIMUS 50CL        	ARTICLES DIVERS               	VERRERIE                      	1945	2	1068	2
VERRE 35CL MC                 	ARTICLES DIVERS               	VERRERIE                      	1946	0.01136299974602	0	2
VERRE ABBAYE DE FLOREFFE 25 CL	ARTICLES DIVERS               	VERRERIE                      	1947	1.522642037928	-12	2
VERRE ABBAYE ROCS 33CL        	ARTICLES DIVERS               	VERRERIE                      	1948	2.016932472909	-6	2
VERRE AB. ROCS / MONTAGNARDE  	ARTICLES DIVERS               	VERRERIE                      	1949	2.011250978327	-6	2
VERRE ACHEL 33CL              	ARTICLES DIVERS               	VERRERIE                      	1950	2.386229891634	6	2
VERRE AUTOUR D'UNE BIERE GUSTO	ARTICLES DIVERS               	VERRERIE                      	1951	1.602182962072	0	2
VERRE AUTOUR D'UNE BIERE 25CL 	ARTICLES DIVERS               	VERRERIE                      	1952	1.011306983745	0	2
VERRE AUTOUR D'UNE BIERE 50CL 	ARTICLES DIVERS               	VERRERIE                      	1953	1.17038896749	0	2
VERRE SKUMENN 33CL            	ARTICLES DIVERS               	VERRERIE                      	1957	2.2	-36	2
VERRE BARBAR 45CL             	ARTICLES DIVERS               	VERRERIE                      	1958	2.453271608973	-24	2
VERRE BAVIK 25CL              	ARTICLES DIVERS               	VERRERIE                      	1959	0.4499747975618	-48	2
VERRE BAVIK PIED 25CL         	ARTICLES DIVERS               	VERRERIE                      	1960	1.398785239315	-18	2
VERRE BLANCHE  FLOREFFE 25 CL 	ARTICLES DIVERS               	VERRERIE                      	1966	1.988525	0	2
VERRE BLANCHE BRUXELLES 50 CL 	ARTICLES DIVERS               	VERRERIE                      	1967	3.136187989163	-24	2
VERRE BLANCHE BRUXELLES 33 CL 	ARTICLES DIVERS               	VERRERIE                      	1968	2.055566717339	-138	2
VERRE BO 33CL OR-METAL        	ARTICLES DIVERS               	VERRERIE                      	1970	0.943128981036	0	2
VERRE BOON FRAMBOISE 25 CL    	ARTICLES DIVERS               	VERRERIE                      	1973	2.037385880494	18	2
VERRE BOURGOGNE FLANDRES 25CL 	ARTICLES DIVERS               	VERRERIE                      	1976	1.865804554486	6	2
VERRE BRIGAND 25 CL           	ARTICLES DIVERS               	VERRERIE                      	1978	2.028295462072	0	2
VERRE BRIGAND 33 CL           	ARTICLES DIVERS               	VERRERIE                      	1979	2.028295462072	12	2
VERRE BROOKLYN 33CL           	ARTICLES DIVERS               	VERRERIE                      	1980	2.055566717339	-12	2
VERRE BRUGSE ZOT 33           	ARTICLES DIVERS               	VERRERIE                      	1981	2.52258603251	-12	2
VERRE BUSH                    	ARTICLES DIVERS               	VERRERIE                      	1982	1.806717037928	-26	2
VERRE BUSH NEW 33CL           	ARTICLES DIVERS               	VERRERIE                      	1983	3.127097706199	-30	2
VERRE CAFFREYS 25CL           	ARTICLES DIVERS               	VERRERIE                      	1984	0.01136299974602	0	2
VERRE CAFFREYS 50CL           	ARTICLES DIVERS               	VERRERIE                      	1985	0.01136299974602	0	2
VERRE CARLING 25CL            	ARTICLES DIVERS               	VERRERIE                      	1987	0.01136299974602	0	2
VERRE CAROLUS 33CL            	ARTICLES DIVERS               	VERRERIE                      	1988	2.59076396749	-15	2
VERRE CAROLUS 25 CL           	ARTICLES DIVERS               	VERRERIE                      	1989	2.215785054183	-30	2
VERRE CAROLUS 15 CL           	ARTICLES DIVERS               	VERRERIE                      	1990	2.441908619809	-24	2
VERRE CAROLUS CUVEE/KEISER 33 	ARTICLES DIVERS               	VERRERIE                      	1992	2.779389912701	0	2
VERRE CUVEE TROLLS JAUGE 25CL 	ARTICLES DIVERS               	VERRERIE                      	1993	1.981707152319	-115	2
VERRE CUVEE DES TROLLS 50 CL  	ARTICLES DIVERS               	VERRERIE                      	1994	2.629398076463	-6	2
VERRE CELTIKA                 	ARTICLES DIVERS               	VERRERIE                      	1995	3.97705	120	2
VERRE CHARLES QUINT 4 ANSES 33	ARTICLES DIVERS               	VERRERIE                      	1996	3.861147402167	0	2
VERRE CHIMAY 25 CL            	ARTICLES DIVERS               	VERRERIE                      	1997	2.563492847681	-78	2
VERRE CHIMAY CLASSIQUE 33CL   	ARTICLES DIVERS               	VERRERIE                      	1998	1.999887989163	0	2
DESTOCKAGE VERRES 25/33/50CL  	ARTICLES DIVERS               	VERRERIE                      	1999	4.1667	-19	2
DESTOCKAGE VERRES 25/33/50CL  	ARTICLES DIVERS               	VERRERIE                      	2000	1.6667	3	2
VERRE CHOUFFE JAUGE 50CL      	ARTICLES DIVERS               	VERRERIE                      	2001	2.783935054183	-53	2
VERRE CHOUFFE HOUBLON 33 CL   	ARTICLES DIVERS               	VERRERIE                      	2002	2.266918505418	0	2
VERRE CIMOISE 25CL            	ARTICLES DIVERS               	VERRERIE                      	2003	0.001136300053971	-18	2
VERRE CINEY 25 CL             	ARTICLES DIVERS               	VERRERIE                      	2004	2.16919674443	0	2
VERRE COCA                    	ARTICLES DIVERS               	VERRERIE                      	2005	1	24	2
VERRE COFFEE CHOUFFE 15 CL    	ARTICLES DIVERS               	VERRERIE                      	2006	2.011250978327	-2	2
VERRE CONNEMARA               	ARTICLES DIVERS               	VERRERIE                      	2007	0.01136299974602	0	2
VERRE COPERES 25CL            	ARTICLES DIVERS               	VERRERIE                      	2008	1.5	156	2
VERRE CHARLES QUINT           	ARTICLES DIVERS               	VERRERIE                      	2009	3.066873565626	0	2
VERRE DE KONNINCK 25 CL       	ARTICLES DIVERS               	VERRERIE                      	2010	1.162434902167	-6	2
VERRE DE KONNINCK 33 CL       	ARTICLES DIVERS               	VERRERIE                      	2011	1.479462652016	0	2
VERRE DELIRIUM 25CL           	ARTICLES DIVERS               	VERRERIE                      	2012	2.215785054183	-1	2
VERRE DELIRIUM 33CL           	ARTICLES DIVERS               	VERRERIE                      	2013	2.215785054183	-6	2
VERRE DELIRIUM NOEL 33CL      	ARTICLES DIVERS               	VERRERIE                      	2014	2.554402293801	0	2
VERRE DEMI DE MELEE           	ARTICLES DIVERS               	VERRERIE                      	2015	2.499860054183	0	2
VERRE DE RANK 33 CL           	ARTICLES DIVERS               	VERRERIE                      	2016	2.76689043498	48	2
VERRE DIEKIRCH 25CL           	ARTICLES DIVERS               	VERRERIE                      	2017	0.9988077092111	0	2
VERRE DUCHESSE DE BOURGOGNE   	ARTICLES DIVERS               	VERRERIE                      	2018	1.930573701084	0	2
VERRE MINI DUVEL 16,5CL       	ARTICLES DIVERS               	VERRERIE                      	2019	1.104483603251	-6	2
VERRE DUVEL BALLON 33CL       	ARTICLES DIVERS               	VERRERIE                      	2020	1.409012010837	-42	2
VERRE DUVEL 12CL              	ARTICLES DIVERS               	VERRERIE                      	2021	1.1363	-12	2
VERRE DUVEL 30 CL GRADUE 18CL 	ARTICLES DIVERS               	VERRERIE                      	2022	1.409012010837	-60	2
VERRE EL GRANDE 25 CL         	ARTICLES DIVERS               	VERRERIE                      	2023	1.318107962072	-12	2
VERRE ERDINGER 50 CL          	ARTICLES DIVERS               	VERRERIE                      	2024	2.310097891331	6	2
VERRE QUEUE DE CHARRUE 300CL  	ARTICLES DIVERS               	VERRERIE                      	2025	13.54469608669	-1	2
VERRE FARO LIND. COURT 25CL   	ARTICLES DIVERS               	VERRERIE                      	2026	1.662406967187	-12	2
VERRE FARO LIND. DROIT 25CL   	ARTICLES DIVERS               	VERRERIE                      	2027	1.334016228175	0	2
VERRE FILOU 25 CL             	ARTICLES DIVERS               	VERRERIE                      	2028	0.01136299974602	0	2
VERRE FILOU 50 CL             	ARTICLES DIVERS               	VERRERIE                      	2029	0.01136299974602	-6	2
VERRE FRANZISKANER 50CL       	ARTICLES DIVERS               	VERRERIE                      	2030	2.180559733594	-7	2
VERRE FRUIT DEFENDU           	ARTICLES DIVERS               	VERRERIE                      	2031	2.299871119809	0	2
VERRE GAVROCHE                	ARTICLES DIVERS               	VERRERIE                      	2032	1.797626619506	0	2
VERRE GLENLIVET 20CL          	ARTICLES DIVERS               	VERRERIE                      	2033	0.01136299974602	0	2
VERRE GOLIATH 33 CL           	ARTICLES DIVERS               	VERRERIE                      	2034	2.596445597529	0	2
VERRE GORDON 25 CL            	ARTICLES DIVERS               	VERRERIE                      	2035	2.010114760685	0	2
VERRE GORDON 33 CL            	ARTICLES DIVERS               	VERRERIE                      	2036	2.429409413004	0	2
VERRE GRANINI                 	ARTICLES DIVERS               	VERRERIE                      	2037	0.01136299974602	606	2
VERRE GRISETTE 25 CL          	ARTICLES DIVERS               	VERRERIE                      	2038	2.328278728175	-36	2
VERRE GROLSCH 50CL            	ARTICLES DIVERS               	VERRERIE                      	2039	1.5	-480	2
VERRE GROLSCH 25CL            	ARTICLES DIVERS               	VERRERIE                      	2040	1.5	-192	2
VERRE GUILLOTINE 25 CL        	ARTICLES DIVERS               	VERRERIE                      	2041	2.281690282965	0	2
VERRE GUILLOTINE 33 CL        	ARTICLES DIVERS               	VERRERIE                      	2042	2.281690282965	0	2
VERRE GUINNESS 25CL           	ARTICLES DIVERS               	VERRERIE                      	2043	1.1363	-24	2
VERRE GUINNESS 50CL           	ARTICLES DIVERS               	VERRERIE                      	2044	2.2726	-12	2
VERRE GUINESS 28 CL           	ARTICLES DIVERS               	VERRERIE                      	2045	0.9544919701994	0	2
VERRE GUINESS 56 CL           	ARTICLES DIVERS               	VERRERIE                      	2046	1.588547402167	0	2
VERRE GULDEN DRAAK 33 CL      	ARTICLES DIVERS               	VERRERIE                      	2047	2.398729369354	-7	2
VERRE HAPKIN 33 CL            	ARTICLES DIVERS               	VERRERIE                      	2048	2.373730684829	0	2
VERRE HIGHLAND PARK           	ARTICLES DIVERS               	VERRERIE                      	2049	0.001136300053971	0	2
VERRE HOEGAARDEN 25 CL        	ARTICLES DIVERS               	VERRERIE                      	2050	1.924892206502	-7	2
VERRE HOEPFNER FERRARA 25CL   	ARTICLES DIVERS               	VERRERIE                      	2051	0.01136299974602	-4	2
VERRE HOMMELBIER 25 CL        	ARTICLES DIVERS               	VERRERIE                      	2052	1.933982624924	-18	2
VERRE HOPUS 25 CL             	ARTICLES DIVERS               	VERRERIE                      	2053	2.287371913004	-18	2
VERRE HOPUS 33 CL             	ARTICLES DIVERS               	VERRERIE                      	2054	3.127097706199	-30	2
VERRE HOPUS SHOOTER 4 CL      	ARTICLES DIVERS               	VERRERIE                      	2055	1.41696607616	0	2
VERRE CHOUFFE HOUBLON JAUG25CL	ARTICLES DIVERS               	VERRERIE                      	2056	2.215785054183	0	2
VERRE JAMESON 20CL            	ARTICLES DIVERS               	VERRERIE                      	2057	0.01136299974602	0	2
VERRE JEVER POKAL 25CL        	ARTICLES DIVERS               	VERRERIE                      	2058	0.01136299974602	0	2
VERRE JUPILER 25CL            	ARTICLES DIVERS               	VERRERIE                      	2059	0.7874559211314	-5	2
VERRE JUPILER 33CL            	ARTICLES DIVERS               	VERRERIE                      	2060	0.7874559211314	0	2
VERRE JUPILER PIED 25CL       	ARTICLES DIVERS               	VERRERIE                      	2061	1.30901754365	0	2
VERRE KAPITTEL 25CL           	ARTICLES DIVERS               	VERRERIE                      	2062	1.990797570741	360	2
VERRE KARLSBRAU 25CL          	ARTICLES DIVERS               	VERRERIE                      	2063	1.70445	-24	2
VERRE TRIPLE KARMELIET 58CL   	ARTICLES DIVERS               	VERRERIE                      	2064	3.148687195969	-75	2
VERRE KARMELIET  38CL         	ARTICLES DIVERS               	VERRERIE                      	2065	2.462362162852	-209	2
VERRE KASTEEL 25 CL           	ARTICLES DIVERS               	VERRERIE                      	2066	2.145334413004	-7	2
VERRE KASTEELBIER JAUGE 33CL  	ARTICLES DIVERS               	VERRERIE                      	2067	2.145334413004	0	2
VERRE KASTEEL 33 CL           	ARTICLES DIVERS               	VERRERIE                      	2068	2.145334413004	-9	2
VERRE KASTEEL JAUGE 25CL      	ARTICLES DIVERS               	VERRERIE                      	2069	2.145334413004	-4	2
VERRE KASTEEL CUVEE DU CHATEAU	ARTICLES DIVERS               	VERRERIE                      	2070	2.145334413004	0	2
VERRE KWAK SANS SUPPORT       	ARTICLES DIVERS               	VERRERIE                      	2071	4.212264119506	-122	2
VERRE KWAK FOND PLAT 33CL     	ARTICLES DIVERS               	VERRERIE                      	2072	4.21794547863	24	2
VERRE LAPHROAIG               	ARTICLES DIVERS               	VERRERIE                      	2073	0.01136299974602	0	2
VERRE LA TRAPPE 25 CL         	ARTICLES DIVERS               	VERRERIE                      	2074	1.708995141482	-10	2
VERRE LEFFE 25 CL             	ARTICLES DIVERS               	VERRERIE                      	2075	1.680587668574	-6	2
VERRE LEFFE 33 CL             	ARTICLES DIVERS               	VERRERIE                      	2076	1.852168994582	0	2
VERRE LEROY STOUT 33 CL       	ARTICLES DIVERS               	VERRERIE                      	2077	1.990797570741	0	2
VERRE SERIGRAPHIE LIBERTINE   	ARTICLES DIVERS               	VERRERIE                      	2078	1.818080027092	0	2
VERRE A PIED LICORNE 25 CL    	ARTICLES DIVERS               	VERRERIE                      	2079	1.124937010837	-324	2
VERRE LICORNE 50 CL           	ARTICLES DIVERS               	VERRERIE                      	2080	2.045339945817	-186	2
VERRE LICORNE BLACK 25 CL     	ARTICLES DIVERS               	VERRERIE                      	2081	1.409012010837	-284	2
VERRE LIEFMAN 25CL PIED       	ARTICLES DIVERS               	VERRERIE                      	2082	2.154424831426	0	2
VERRE LIEFMANS 25 CL BAS      	ARTICLES DIVERS               	VERRERIE                      	2083	1.623772722757	0	2
VERRE A PIED LILLET TASTE 50CL	ARTICLES DIVERS               	VERRERIE                      	2084	0.01136299974602	0	2
VERRE LINDEMANS 3 LOGOS 33 CL 	ARTICLES DIVERS               	VERRERIE                      	2085	1.689678086996	-36	2
VERRE LINDEMANS KRIEK BALLON  	ARTICLES DIVERS               	VERRERIE                      	2086	1.680587668574	-39	2
VERRE LUPULUS 33 CL           	ARTICLES DIVERS               	VERRERIE                      	2087	3.282770630646	-255	2
VERRE MC EWANS                	ARTICLES DIVERS               	VERRERIE                      	2088	1.490825641179	0	2
VERRE MAREDSOUS JAUGE25CL FUT 	ARTICLES DIVERS               	VERRERIE                      	2089	2.113518016255	-133	2
VERRE MAREDSOUS JAUGE 33CL    	ARTICLES DIVERS               	VERRERIE                      	2090	2.113518016255	-31	2
VERRE MAREDSOUS JAUGE50CL     	ARTICLES DIVERS               	VERRERIE                      	2091	1.655589119506	6	2
VERRE MAREDSOUS GRES          	ARTICLES DIVERS               	VERRERIE                      	2092	4.5452	-1	2
VERRE MARTINS PALE ALE 33 CL  	ARTICLES DIVERS               	VERRERIE                      	2093	1.818080027092	0	2
VERRE MOEDER OVERSTE 33 CL    	ARTICLES DIVERS               	VERRERIE                      	2094	2.01920504365	0	2
VERRE MOEDER OVERSTE 25 CL    	ARTICLES DIVERS               	VERRERIE                      	2095	2.06238456502	0	2
VERRE MOINETTE 25 CL          	ARTICLES DIVERS               	VERRERIE                      	2096	1.708995141482	12	2
VERRE MOINETTE 33 CL          	ARTICLES DIVERS               	VERRERIE                      	2097	1.935118842566	0	2
VERRE MOINETTE BONVOEUX       	ARTICLES DIVERS               	VERRERIE                      	2098	2.162378896749	0	2
VERRE MONK'S STOUT            	ARTICLES DIVERS               	VERRERIE                      	2099	1.933982624924	36	2
VERRE MYSTIC 25 CL            	ARTICLES DIVERS               	VERRERIE                      	2100	1.874894972909	0	2
VERRE NAMUR BLANCHE 25CL      	ARTICLES DIVERS               	VERRERIE                      	2101	1.624999940395	0	2
VERRE BAL. NEUTRE BREUGHEL    	ARTICLES DIVERS               	VERRERIE                      	2102	1.10221103251	0	2
VERRE NONIC LICORNE 25 CL     	ARTICLES DIVERS               	VERRERIE                      	2104	1.374923043346	66	2
VERRE NONIC LICORNE 50 CL     	ARTICLES DIVERS               	VERRERIE                      	2105	1.92034706502	66	2
VERRE ORVAL 33CL              	ARTICLES DIVERS               	VERRERIE                      	2106	2.666895967794	0	2
VERRE SAS PILS 25CL           	ARTICLES DIVERS               	VERRERIE                      	2107	1.5	648	2
VERRE PAGE 24 TRIPLE          	ARTICLES DIVERS               	VERRERIE                      	2108	2.84075	-5	2
VERRE PATER LIEVEN 33CL       	ARTICLES DIVERS               	VERRERIE                      	2110	2.028295462072	-8	2
VERRE PAULANER 50CL           	ARTICLES DIVERS               	VERRERIE                      	2111	2.215785054183	-28	2
VERRE PECH MEL BUSH 33 CL     	ARTICLES DIVERS               	VERRERIE                      	2112	3.014604032207	0	2
VERRE PERONI 25 CL            	ARTICLES DIVERS               	VERRERIE                      	2113	0.9658550270915	492	2
VERRE PETRUS 25 CL            	ARTICLES DIVERS               	VERRERIE                      	2114	1.649907624924	-78	2
VERRE PILSNER URQUELL 25CL    	ARTICLES DIVERS               	VERRERIE                      	2116	0.9658550270915	-13	2
VERRE PILSNER URQUELL 50CL    	ARTICLES DIVERS               	VERRERIE                      	2117	1.340833940399	-105	2
VERRE JEAN PRIMUS 25CL        	ARTICLES DIVERS               	VERRERIE                      	2119	0.943128981036	816	2
VERRE PRIMUS OR SS PIED  25CL 	ARTICLES DIVERS               	VERRERIE                      	2120	1.658998043346	1040	2
VERRE QUEUE DE CHARRUE 25CLFUT	ARTICLES DIVERS               	VERRERIE                      	2122	1.643089777243	-6	2
VERRE QUEUE DE CHARRUE 33CL   	ARTICLES DIVERS               	VERRERIE                      	2123	1.643089777243	76	2
VERRE QUEUE CHARRUE 50 CL     	ARTICLES DIVERS               	VERRERIE                      	2124	1.861259413004	0	2
VERRE QUINTINE 33CL           	ARTICLES DIVERS               	VERRERIE                      	2125	2.596445597529	0	2
VERRE ROCHEFORT 33CL          	ARTICLES DIVERS               	VERRERIE                      	2127	2.385093673992	77	2
VERRE RODENBACH 33 CL         	ARTICLES DIVERS               	VERRERIE                      	2128	1.643089777243	0	2
VERRE RODENBACH GRD CRU       	ARTICLES DIVERS               	VERRERIE                      	2129	1.797626619506	0	2
VERRE RODENBACH 25 CL         	ARTICLES DIVERS               	VERRERIE                      	2130	1.374923043346	0	2
VERRE RUSSIAN STD LONG DRINK  	ARTICLES DIVERS               	VERRERIE                      	2131	1.1363	0	2
VERRE SAISON 1900             	ARTICLES DIVERS               	VERRERIE                      	2132	2.103291244733	60	2
VERRE SCHNEIDER AVENTINUS 30CL	ARTICLES DIVERS               	VERRERIE                      	2135	0.01136299974602	0	2
VERRE SCHNEIDER WEISS 50CL    	ARTICLES DIVERS               	VERRERIE                      	2136	0.01136299974602	5	2
VERRE ST BERNADUS 25 CL FUT   	ARTICLES DIVERS               	VERRERIE                      	2137	1.840806005418	0	2
VERRE ST BERNARDUS 33 CL      	ARTICLES DIVERS               	VERRERIE                      	2138	1.840806005418	42	2
VERRE STELLA 25 CL PIED       	ARTICLES DIVERS               	VERRERIE                      	2139	1.178343032813	6	2
VERRE STELLA 50 CL            	ARTICLES DIVERS               	VERRERIE                      	2140	1.832851940095	0	2
VERRE ST FEUILLIEN 33CL       	ARTICLES DIVERS               	VERRERIE                      	2141	2.568037989163	-13	2
VERRE ST FEUILLEN GRD CRU 33CL	ARTICLES DIVERS               	VERRERIE                      	2144	3.113280057907	0	2
VERRE ST FEUILLIEN SAISON 33CL	ARTICLES DIVERS               	VERRERIE                      	2145	1.765810222757	-12	2
VERRE STRAFF HENDRIK          	ARTICLES DIVERS               	VERRERIE                      	2146	2.953243673992	6	2
VERRE TEISSEIRE 35CL          	ARTICLES DIVERS               	VERRERIE                      	2147	0.01136299974602	85	2
VERRE TONGERLO 20/25CL        	ARTICLES DIVERS               	VERRERIE                      	2148	1.980570934677	-65	2
VERRE TRAPPE 33 CL            	ARTICLES DIVERS               	VERRERIE                      	2149	2.563492847681	-31	2
VERRE TROUBADOURE 33 CL       	ARTICLES DIVERS               	VERRERIE                      	2153	1.87716754365	0	2
VERRE TULLAMORE DEW           	ARTICLES DIVERS               	VERRERIE                      	2154	0.01136299974602	0	2
VERRE UR PILS 25CL            	ARTICLES DIVERS               	VERRERIE                      	2155	1.70445	0	2
VERRE URQUELL PIED            	ARTICLES DIVERS               	VERRERIE                      	2156	2.121472081578	0	2
VERRE URTHEL 33 CL            	ARTICLES DIVERS               	VERRERIE                      	2157	2.196467864239	0	2
VERRE URTHEL SAISONNIERE 33 CL	ARTICLES DIVERS               	VERRERIE                      	2158	1.805580684829	0	2
VERRE VEDETT 25CL             	ARTICLES DIVERS               	VERRERIE                      	2159	1.116982877785	-108	2
VERRE VEDETT 50CL             	ARTICLES DIVERS               	VERRERIE                      	2160	2.2726	6	2
VERRE VEDETT DROIT            	ARTICLES DIVERS               	VERRERIE                      	2161	1.229476619506	0	2
VERRE VEDETT PIED             	ARTICLES DIVERS               	VERRERIE                      	2162	1.405603086996	-6	2
VERRE VICHTENAAR              	ARTICLES DIVERS               	VERRERIE                      	2163	1.060167931968	0	2
VERRE VILLIERS                	ARTICLES DIVERS               	VERRERIE                      	2165	2.510086825705	0	2
VERRE WELTENBURG ISAR 50CL    	ARTICLES DIVERS               	VERRERIE                      	2166	0.01136299974602	0	2
VERRE WELTENBURG TRUMPF 25CL  	ARTICLES DIVERS               	VERRERIE                      	2167	0.01136299974602	0	2
VERRE WELTENBURG WEISS HOP50CL	ARTICLES DIVERS               	VERRERIE                      	2168	0.01136299974602	0	2
VERRE WESTMALE 33 CL          	ARTICLES DIVERS               	VERRERIE                      	2169	2.708939271522	-6	2
VERRE WITKAP                  	ARTICLES DIVERS               	VERRERIE                      	2170	2.190786369658	0	2
VERRE WITTEKERKE              	ARTICLES DIVERS               	VERRERIE                      	2171	1.126073296207	-12	2
APERO MIX NOTEKRAKER 5KG      	ARTICLES DIVERS               	GATEAUX APERITIF              	2172	31.08	8	3
HORECA MIX NOTEKRAKER 5KG     	ARTICLES DIVERS               	GATEAUX APERITIF              	2173	29.9	10	3
MIX PAPRIKA NOTEKRAKER 5KG    	ARTICLES DIVERS               	GATEAUX APERITIF              	2174	29.9	6	3
LOCATION TENTE ABRI FACIL 3X3 	SERVICES                      	SERVICES LOCATIONS            	2176	41.6667	-7	2
LOCATION 1 KIT DE 2 LIAISONS  	SERVICES                      	SERVICES LOCATIONS            	2177	47.5	0	2
SAC ESPERANCE KRAFT 3 BLLES   	ARTICLES DIVERS               	CORBEILLES - COFFRETS- CARTONS	2178	0.3624999895692	0	2
COFF CALENDRIER AVENT BIERES  	ARTICLES DIVERS               	CORBEILLES - COFFRETS- CARTONS	2179	8.45	5	2
VERRE SAISON DUPONT 25/33CL   	ARTICLES DIVERS               	VERRERIE                      	2180	2	42	2
BACHE PUBLICITAIRE            	ARTICLES DIVERS               	ART. PUB.                     	2181	8.3334	9	2
POLO PUBLICITAIRE             	ARTICLES DIVERS               	ART. PUB.                     	2182	10	0	2
T SHIRT PUBLICITAIRE          	ARTICLES DIVERS               	ART. PUB.                     	2183	8	-1	2
VERRE MEAN SARDINE 30CL       	ARTICLES DIVERS               	VERRERIE                      	2184	4	0	2
VERRE FUZETEA 30CL            	ARTICLES DIVERS               	VERRERIE                      	2185	1	12	2
VERRE ABSINTHE                	ARTICLES DIVERS               	VERRERIE                      	2186	2.333379960263	0	2
LOC 1 KIT DEMI-COTE ABRI FACIL	SERVICES                      	SERVICES LOCATIONS            	2187	39.1667	0	2
LOCATION BANC BODEGA          	SERVICES                      	SERVICES LOCATIONS            	2188	8.3334	0	2
LOC 1 LEST FONTE 15KG PR TENTE	SERVICES                      	SERVICES LOCATIONS            	2189	39.1667	0	2
VERRE GUE DES MOINES 25CL     	ARTICLES DIVERS               	VERRERIE                      	2190	2	-6	2
VERRE PAULANER 3L             	ARTICLES DIVERS               	VERRERIE                      	2191	43.75	0	2
VERRE KAPITTEL 33CL           	ARTICLES DIVERS               	VERRERIE                      	2192	2.5	360	2
LOCATION MACHINE PERFECT DRAFT	SERVICES                      	SERVICES LOCATIONS            	2194	8.3334	0	2
TERR JAMBON PERIG & TOMME 180G	ARTICLES DIVERS               	TERRINE - BOCAUX - SAUCIS-FROM	2196	2.5	0	3
FRAIRINE CUISSE GRENOUILLE 90G	ARTICLES DIVERS               	TERRINE - BOCAUX - SAUCIS-FROM	2197	2.1875	0	3
LOCATION TABLE BODEGA         	SERVICES                      	SERVICES LOCATIONS            	2198	12.5	0	2
TARTARE TRUITE MAGRET FUME 90G	ARTICLES DIVERS               	TERRINE - BOCAUX - SAUCIS-FROM	2199	2.5	0	3
TARTARE HOMARD AUX ZESTES 90G 	ARTICLES DIVERS               	TERRINE - BOCAUX - SAUCIS-FROM	2200	2.5	0	3
DELICE TOMATES SECHEES 90G    	ARTICLES DIVERS               	TERRINE - BOCAUX - SAUCIS-FROM	2201	2.249999940395	0	3
TAPENADE OLIVES NOIRES 90G    	ARTICLES DIVERS               	TERRINE - BOCAUX - SAUCIS-FROM	2202	2.249999940395	0	3
CROUSTIL'AIL & FINES HERB 100G	ARTICLES DIVERS               	TERRINE - BOCAUX - SAUCIS-FROM	2203	3.125	0	3
GROUPE FROID 2TBG 35L/BIER+EAU	MATERIELS                     	MATERIEL VENTE                	2204	903.45	-2	2
GROUPE FROID 3TBG 1/2 CV      	MATERIELS                     	MATERIEL VENTE                	2205	1142.5	0	2
ADAPTATEUR FUT BONDE S TETE A 	MATERIELS                     	MATERIEL VENTE                	2206	38.95	0	2
ADAPTATEUR RINCAGE A          	MATERIELS                     	MATERIEL VENTE                	2207	80.3	0	2
ADAPTATEUR RINCAGE G          	MATERIELS                     	MATERIEL VENTE                	2208	80.3	0	2
AGITATEUR EBM TÊTE ROTATIVE   	MATERIELS                     	MATERIEL VENTE                	2209	129.13	-2	2
COLONNE OCCASION              	MATERIELS                     	MATERIEL VENTE                	2210	641.1666	-2	2
DESANAMAX                     	MATERIELS                     	MATERIEL VENTE                	2211	1.087	-1	2
DETENDEUR PRINC.N²CO² 2SORTIES	MATERIELS                     	MATERIEL VENTE                	2212	118.55	0	2
DETENDEUR HP GAUCHE MALE 1/4  	MATERIELS                     	MATERIEL VENTE                	2213	115.95	-1	2
DETENDEUR SECONDAIRE          	MATERIELS                     	MATERIEL VENTE                	2214	76	0	2
FIESTA 200 CLASSIC DIRECT 1CV 	MATERIELS                     	MATERIEL VENTE                	2215	3027.36	0	2
FIESTA 36 1T + COMPENS 1/4CV  	MATERIELS                     	VENTE MATERIEL MOBILE         	2216	1275.58	0	2
FLEXIBLE HP 1,5 M - AVEC CABLE	MATERIELS                     	MATERIEL VENTE                	2217	104.4	-3	2
JOINT TORIQUE FLEXIBLE HP     	MATERIELS                     	MATERIEL VENTE                	2218	1.28	-3	2
KIT CONDENSATEURS PERF PLATINE	MATERIELS                     	MATERIEL VENTE                	2219	20.9	0	2
LAVE VERRES CLASSIC 35X35     	MATERIELS                     	MATERIEL VENTE                	2220	1890	0	2
MACH GLACE GRANULAIRE 85KG/24H	MATERIELS                     	MATERIEL VENTE                	2222	1722.5	0	2
MACHINE PERFECT DRAFT         	MATERIELS                     	MATERIEL VENTE                	2223	239	3	2
MACHINE TIRAGE PRESSION       	MATERIELS                     	MATERIEL VENTE                	2224	2500	0	2
MACH TIRAGE PRESSION COMPLETE:	MATERIELS                     	MATERIEL VENTE                	2225	12508.92	-2	2
PLATEAU EMBOUTI 400X400       	MATERIELS                     	MATERIEL VENTE                	2233	244.47	-1	2
PUREXOL BIDON 12,5KG          	MATERIELS                     	MATERIEL VENTE                	2234	81.14	0	2
ADAPTATEUR RINÇAGE KEYKEG     	MATERIELS                     	VENTE MATERIEL MOBILE         	2242	82.69	16	2
TUYAUX ET RACCORDS            	MATERIELS                     	MATERIEL VENTE                	2244	50	-2	2
TUYAU ALIM BICOUCHE LUPULUS   	MATERIELS                     	MATERIEL VENTE                	2245	211	0	2
FROID SEC 1 TIRAGE 1/8CV 24L/H	MATERIELS                     	VENTE MATERIEL MOBILE         	2247	1032.7	0	2
VENTE H40 1T DIRECT 1/3CV     	MATERIELS                     	VENTE MATERIEL MOBILE         	2248	1113	0	2
VENTE CHAISE PVC              	MATERIELS                     	MATERIEL VENTE                	2250	6.2	-12	2
FIESTA200 CLASSIC DIRECT 1/2CV	MATERIELS                     	MATERIEL VENTE                	2251	2533.95	0	2
VENTE FAUTEUIL RIO +          	MATERIELS                     	MATERIEL VENTE                	2252	5.1666	-24	2
TABLE RONDE REFACTUREE        	MATERIELS                     	MATERIEL VENTE                	2253	9.2	-3	2
TABLE MICHIGAN BORDEAUX REFACT	MATERIELS                     	MATERIEL VENTE                	2254	16.09	-1	2
FORFAIT MONTAGE COMPRENANT :  	SERVICES                      	SERVICES FRAIS                	2255	140	0	2
FRAIS DE DEPLACEMENTS         	SERVICES                      	SERVICES FRAIS                	2256	83.3334	-4	2
MANO BOUTEILLE DOUBLE SORTIE  	MATERIELS                     	MATERIEL VENTE                	2257	150.65	-1	2
FRAIS DE LIVRAISON + REPRISE  	SERVICES                      	SERVICES FRAIS                	2258	41.6667	-62	2
FRAIS DE REJET DE TRAITE      	SERVICES                      	SERVICES FRAIS                	2259	20.6	-44	2
FRAIS DE REMISE               	SERVICES                      	SERVICES FRAIS                	2260	41.6675	0	2
FRAIS MAIN D'OEUVRE           	SERVICES                      	SERVICES FRAIS                	2262	41.667	0	2
LOCATION COMPTOIR ABRI FACIL  	SERVICES                      	SERVICES LOCATIONS            	2264	8.3233	-24	2
LOC TENTE ABRI FACI 4X4+4 LEST	SERVICES                      	SERVICES LOCATIONS            	2265	79.584	0	2
LOCATION TENTE ABRI 4X8+ LESTS	SERVICES                      	SERVICES LOCATIONS            	2266	189.6	0	2
LOCATION BACHE ROUGE 3C ABS   	SERVICES                      	SERVICES LOCATIONS            	2267	8.334	-2	2
LOCATION BUVETTE HEXAGONALE   	SERVICES                      	SERVICES LOCATIONS            	2268	62.5	0	2
LOCATION CAMION FRIGO 3T5     	SERVICES                      	SERVICES LOCATIONS            	2269	410.8333	-1	2
LOCATION CHAISE PLASTIQUE     	SERVICES                      	SERVICES LOCATIONS            	2270	1.25	-226	2
LOCATION COMPTOIRS ABS 2M     	SERVICES                      	SERVICES LOCATIONS            	2271	8.3334	24	2
FRAIS PICKING                 	SERVICES                      	SERVICES FRAIS                	2272	25	21	2
LOCATION FRIGO 300 BOITES     	SERVICES                      	SERVICES LOCATIONS            	2273	20.8333	-10	2
LOCATION MACHINE A CAFE 10L   	SERVICES                      	SERVICES LOCATIONS            	2275	16.6666	-13	2
LOCATION MACHINE 2 TIRAGES    	SERVICES                      	SERVICES LOCATIONS            	2276	20.8333	-9	2
LOCATION MACHINE 1 TIRAGE     	SERVICES                      	SERVICES LOCATIONS            	2277	20.8333	-49	2
LOCATION REMORQUE FRIGO       	SERVICES                      	SERVICES LOCATIONS            	2278	350	-4	2
LOCATION TABLE RONDE PVC      	SERVICES                      	SERVICES LOCATIONS            	2279	1.6666	-59	2
LOCATION TABLE CARRE PVC      	SERVICES                      	SERVICES LOCATIONS            	2280	1.6666	-15	2
LOCATION TETE CREUSE          	SERVICES                      	SERVICES LOCATIONS            	2281	130	-33	2
SANITATION 1T PRESSION CHEZ OB	SERVICES                      	SERVICES TECHNIQUES           	2285	50	-3	2
SANITATION 1/2 T PRESSION EXT.	SERVICES                      	SERVICES TECHNIQUES           	2286	66.6675	-153	2
LOCATION TETE PLATE           	SERVICES                      	SERVICES LOCATIONS            	2294	130	-69	2
LOCATION TETE KEYKEG          	SERVICES                      	SERVICES LOCATIONS            	2295	130	-68	2
LOCATION TETE TRAPPE          	SERVICES                      	SERVICES LOCATIONS            	2296	130	-2	2
RH MILLONARIO SOLERA 15A 70CL 	ALCOOL                        	RHUMS TIERS                   	2304	33.1	1	2
CARPANO ANTICA FORMULA 100CL  	ALCOOL                        	VERMOUTHS                     	2308	23.7841	9	2
ABSINTHES MORAND 70 CL        	ALCOOL                        	ABSINTHES                     	2313	32.9815	4	2
AMER CYNAR 100CL              	ALCOOL                        	LIQUEURS CREMES               	2318	17.5	7	2
VODKA ABSOLUT 70CL            	ALCOOL                        	VODKA                         	2324	15	0	2
MEZCAL REY ZAPOTECO BIO 50CL  	ALCOOL                        	TEQUILA                       	2331	29.7405	0	2
CAMPLAZENS IGP OC GRENACHE75CL	VINS                          	IGP OC                        	2358	5.2504	56	2
CAMPLAZENS MARSELAN RGE 75CL  	VINS                          	IGP OC                        	2359	5.4	2	2
CAMPLAZENS SYRAH 75CL         	VINS                          	AOP LIMOUX                    	2360	5.4	81	2
CAMPLAZENS VIOGNIER BLC 75CL  	VINS                          	IGP COTEAUX NARBONNE          	2361	5.872499871254	237	2
BIB 10L GAYREL ROUGE          	VINS                          	COTES DU TARN                 	2363	21.5	32	2
BIB 10L GAYREL ROSE           	VINS                          	COTES DU TARN                 	2364	21.5	5	2
SAC REUTILISABLE 45X45X22     	ARTICLES DIVERS               	SACS REUTILISABES             	2365	0.25	0	2
PROSECCO RICCADONNA 75CL      	VINS                          	VIN MOUSSEUX DE QUALITE       	2374	7.5	1	2
CHAMP TRICHET AUTH BRUT 75CL  	VINS                          	CHAMPAGNE                     	2376	19.7	17	2
CHAMP TRICHET AUTH ROSE 75CL  	VINS                          	CHAMPAGNE                     	2377	19.5	13	2
CH TRICHET HERITAGE 1E CRU 75C	VINS                          	CHAMPAGNE                     	2378	23	30	2
CH TRICHET AUTH DEMI-SEC 75CL 	VINS                          	CHAMPAGNE                     	2379	19.7	12	2
CHAMP TRICHET AUTH BRUT 37.5CL	VINS                          	CHAMPAGNE                     	2380	11.7	31	2
BASQUELAND IMPARABLE 30L K    	BIERES                        	BIERE FUT 30L                 	2403	4.477544975281	510	2
BIOLEGERE DUPONT 20L          	BIERES                        	BIERE FUT 20L                 	2426	3.64	20	2
SAS PILS 25 VC                	BIERES                        	BIERE 25CL VC                 	2445	0.55	2654	2
CAMPARI LIQUEUR AMERE 100CL   	ALCOOL                        	LIQUEURS CREMES               	2464	20.05	4	2
BASQ IMPARABLE 33VP BOUTEILLE 	BIERES                        	BIERE 20/25/33/35CL VP        	2465	2.078004012108	181	2
HANSSENS LAMB RASPBERRY 37.5VP	BIERES                        	BIERE 37.5CL                  	2551	4.579112150669	0	2
HANSSENS OUDBEITJE 37.5VP     	BIERES                        	BIERE 37.5CL                  	2552	3.782924852371	3	2
HANSSENS SCHAARB KRIEK 37,5VP 	BIERES                        	BIERE 37.5CL                  	2553	5.501979002953	10	2
CUVEE DE RANKE 75VC           	BIERES                        	BIERE 75VC                    	2558	5.662979865074	54	2
LIVINUS BLONDE 75VC           	BIERES                        	BIERE 75VC                    	2559	3.095119905472	97	2
LUPULUS ORGANICUS BIO 75VC    	BIERES                        	BIERE 75VC                    	2560	4.098714959621	57	2
CAROLUS WHISKY INFUSED 75VP   	BIERES                        	BIERE 75VP                    	2563	7.536977210045	0	2
LINDEMANS SPONTANBASIL 75VP   	BIERES                        	BIERE 75VP                    	2568	9.54074819088	197	2
STRAFFE HENDRIK HERITAGE 75VP 	BIERES                        	BIERE 75VP                    	2569	12.3	-1	2
TRAPPE QUADRUPLE OAK A 37.5VP 	BIERES                        	BIERE 37.5CL                  	2604	8.98743	18	2
BROOKLYN FRAMBOISIE SOUR 75VP 	BIERES                        	BIERE 75VP                    	2606	15.754	18	2
FRAIS DE LIVRAISON ALLER      	SERVICES                      	SERVICES FRAIS                	2609	20.8334	0	2
CAISSE BOIS 8X33CL 1/2 VIDE   	ARTICLES DIVERS               	CORBEILLES - COFFRETS- CARTONS	2629	4.615	49	2
CAISSE BOIS 8*33CL LARGE      	ARTICLES DIVERS               	CORBEILLES - COFFRETS- CARTONS	2630	4.9	60	2
CAISSE BOIS VIDE HEXA 7X25CL  	ARTICLES DIVERS               	CORBEILLES - COFFRETS- CARTONS	2631	5.1	27	2
LOCATION TETE GUINNESS        	SERVICES                      	SERVICES LOCATIONS            	2648	130	-2	2
LOCATION TETE TRIANGULAIRE    	SERVICES                      	SERVICES LOCATIONS            	2649	130	-17	2
CAMPLAZENS RESERVE ROUGE 75CL 	VINS                          	LA CLAPE                      	2681	8.5	5	2
OUROBOROS STRONGGUS NOIRE 33VP	BIERES                        	BIERE 20/25/33/35CL VP        	2689	2.347375005484	15	2
SAINTE CRU WHITE RABBIT 33VP  	BIERES                        	BIERE 20/25/33/35CL VP        	2696	1.908060021401	0	2
SAINTE CRU ORANGE MECANIQ 33VP	BIERES                        	BIERE 20/25/33/35CL VP        	2697	2.018940008879	0	2
GUE MOINES SERIE NOIRE 15L    	BIERES                        	BIERE FUT 10L/15L             	2709	3.75	60	2
FRAIS LIVRAISON               	SERVICES                      	SERVICES FRAIS                	2798	45	2	2
EDGE B 6 BARREL IMP STOUT 20LK	BIERES                        	BIERE FUT 20L                 	2836	6.25	20	2
FRAIS NETTOYAGE MACHINE A CAFE	SERVICES                      	NETTOYAGE                     	2870	16.6667	-5	2
REFACTURATION BACHE ROUGE ABS 	MATERIELS                     	MATERIEL VENTE                	2880	80	-1	2
PIECE DETACHEE CPTOIR P/TENTE 	MATERIELS                     	MATERIEL VENTE                	2889	4.1666	-10	2
CARTON VIDE 24X33 HAUTE       	ARTICLES DIVERS               	CORBEILLES - COFFRETS- CARTONS	2895	0.75	0	2
CARTON VIDE 24X33 BASSE       	ARTICLES DIVERS               	CORBEILLES - COFFRETS- CARTONS	2896	0.8	0	2
CARTON VIDE 24X25 HAUTE       	ARTICLES DIVERS               	CORBEILLES - COFFRETS- CARTONS	2897	0.7	0	2
CARTON VIDE 20X37,5           	ARTICLES DIVERS               	CORBEILLES - COFFRETS- CARTONS	2900	0.85	0	2
TETE CREUSE MICRO MATIC       	MATERIELS                     	VENTE MATERIEL MOBILE         	2903	139.44	25	2
TETE PLATE ALUMASC JG3/8 GUEST	MATERIELS                     	VENTE MATERIEL MOBILE         	2904	80.51	-2	2
FRAIS CONDIT CARTON DELIRIUM  	SERVICES                      	SERVICES FRAIS                	2932	8.4	-7	2
FRAIS CONDIT CARTON 25/33/75CL	SERVICES                      	SERVICES FRAIS                	2934	3.6	-6	2
FRAIS CONDITIONNEMENT 33CL    	SERVICES                      	SERVICES FRAIS                	2939	2.4	-14	2
POMPE PYTHON TOTTON 7M EQUIPEE	MATERIELS                     	MATERIEL VENTE                	2943	132.52	-1	2
MACHINE FROID SEC 1T FS25     	MATERIELS                     	VENTE MATERIEL MOBILE         	2946	807.2428	0	2
LOCATION FRIGO VITRINE        	SERVICES                      	SERVICES LOCATIONS            	2960	33.33	0	2
INTERVENTION TECHNIQUE        	SERVICES                      	SERVICES TECHNIQUES           	2963	41.6666	-30	2
FRAIS CONDIT CARTON 50CL      	SERVICES                      	SERVICES FRAIS                	2970	3.2	-6	2
CONVIVIALITE ROUGE 75CL       	VINS                          	IGP COTEAUX NARBONNE          	2972	4.590000128746	160	2
GARAGE SOUP  44BTE            	BIERES                        	BIERE 33/44/50 CL CANETTE     	2978	3.2535	265	2
CAISSON BOIS SUR MESURE       	MATERIELS                     	MATERIEL VENTE                	2987	3200	-1	2
LUPULUS BLANCHE 20L           	BIERES                        	BIERE FUT 20L                 	3021	3.8	460	2
L'EXCUSE DEUS EX MACHINE 30L D	BIERES                        	BIERE FUT 30L                 	3113	6	30	2
DE RANKE KRIEK 75VC           	BIERES                        	BIERE 75VC                    	3139	6.267239713669	52	2
GUE MOINES ROI COEUR IPA 15L  	BIERES                        	BIERE FUT 10L/15L             	3145	3.4	300	2
MACHINE A GLACONS N55A AIR    	MATERIELS                     	MATERIEL VENTE                	3164	1730	-1	2
CAISSE BOIS 6X33CL HAUTE VIDE 	ARTICLES DIVERS               	CORBEILLES - COFFRETS- CARTONS	3165	4.6	0	2
CHAMP TRICHET CARACTERE 75CL  	VINS                          	CHAMPAGNE                     	3172	21.417	37	2
KWAK 6L                       	BIERES                        	BIERES FUT 5L/6L/12.5L        	3179	26.55	10	2
DETENDEUR BOUTEILLE (MANO)    	MATERIELS                     	MATERIEL VENTE                	3216	95	0	2
ROBINET ALPHA 1 CRANTE CHROME 	MATERIELS                     	MATERIEL VENTE                	3217	114.78	0	2
FIESTA 35 1T DIRECT 1/3CV     	MATERIELS                     	VENTE MATERIEL MOBILE         	3249	1256.46	0	2
FIESTA 37 2T + COMPENS 1/4CV  	MATERIELS                     	VENTE MATERIEL MOBILE         	3250	1390.33	0	2
FIESTA 100 2T DIRECT 3/8CV    	MATERIELS                     	VENTE MATERIEL MOBILE         	3251	1948.39	0	2
FIESTA 100 2T + COMPENS 3/8CV 	MATERIELS                     	VENTE MATERIEL MOBILE         	3252	1967.51	-1	2
FROID SEC 1 TIRAGE 1/5CV 40L/H	MATERIELS                     	VENTE MATERIEL MOBILE         	3273	1386.5	0	2
FROID SEC 2 TIRAGE 1/5CV 40L/H	MATERIELS                     	VENTE MATERIEL MOBILE         	3274	1510.81	0	2
FROID SEC 1 TIRAGE 1/3CV 70L/H	MATERIELS                     	VENTE MATERIEL MOBILE         	3275	1798.34	0	2
FROID SEC 2 TIRAGE 1/3CV 70L/H	MATERIELS                     	VENTE MATERIEL MOBILE         	3276	2046.29	0	2
TETE TRIANGLE GRUNDY JG 3/8   	MATERIELS                     	VENTE MATERIEL MOBILE         	3277	80.51	0	2
TETE KEYKEG ROBINET A BILLE   	MATERIELS                     	VENTE MATERIEL MOBILE         	3278	121	22	2
SOCLE RINCAGE ALUMASC TP JG3/8	MATERIELS                     	VENTE MATERIEL MOBILE         	3279	53.81	0	2
SOCLE RINCAGE GRUNDY TT JG 3/8	MATERIELS                     	VENTE MATERIEL MOBILE         	3280	52.17	0	2
SOCLE RINCAGE SANKEY TC JG 3/8	MATERIELS                     	VENTE MATERIEL MOBILE         	3281	53.81	0	2
DETENDEUR PRINCIPAL BOUTEILLE 	MATERIELS                     	VENTE MATERIEL MOBILE         	3297	74.2	-1	2
DETENDEUR PRINCIPAL BOUTEILLE 	MATERIELS                     	VENTE MATERIEL MOBILE         	3298	84.53	0	2
TABLE SUN GRISE REFACT        	MATERIELS                     	MATERIEL VENTE                	3388	22.9	0	2
STE CRU DON'T PANIC 33VP      	BIERES                        	BIERE 20/25/33/35CL VP        	3411	2.027718038559	51	2
GIN CITADELLE ARTISANAL 70CL  	ALCOOL                        	GIN                           	3418	20.6	0	2
OPTION TUYAU RENFORCE 1T      	MATERIELS                     	MATERIEL VENTE                	3423	16.5	0	2
KIT SANIT BONDE S BIDON PLAST 	MATERIELS                     	VENTE MATERIEL MOBILE         	3433	130	0	2
ADAPTATEUR KEYKEG SUR BONDE S 	MATERIELS                     	MATERIEL VENTE                	3434	98.99	0	2
JEUX DE CLES                  	MATERIELS                     	MATERIEL VENTE                	3435	21.84	0	2
TENDEUR CENTRAL MAT           	MATERIELS                     	MATERIEL VENTE                	3436	25	0	2
LAUGAR AURRERA STANITSA 33VP  	BIERES                        	BIERE 20/25/33/35CL VP        	3466	3.68560005188	0	2
LAUGAR FUNERALOPOLIS 33VP     	BIERES                        	BIERE 20/25/33/35CL VP        	3470	3.68560005188	114	2
FAUTEUIL BYSANCE BOIS TEINTE  	MATERIELS                     	MATERIEL VENTE                	3487	36.139	0	2
TABOURET BAR TEINTE VERT      	MATERIELS                     	MATERIEL VENTE                	3488	40.52	0	2
KARMELIET TRIPLE 6L           	BIERES                        	BIERES FUT 5L/6L/12.5L        	3553	28.55	26	2
SABLES CITRON 100G ETUI       	ARTICLES DIVERS               	TERRINE - BOCAUX - SAUCIS-FROM	3562	2.874999940395	0	3
ORANGETTES CHOCOLAT NOIR 80G  	ARTICLES DIVERS               	TERRINE - BOCAUX - SAUCIS-FROM	3563	4.375	0	3
SABLES FOURRES A LA FRAMB 100G	ARTICLES DIVERS               	TERRINE - BOCAUX - SAUCIS-FROM	3564	3.000000119209	0	3
QUINCE VANILLA BLACK VELV 20LK	BIERES                        	BIERE FUT 20L                 	3585	5.45	20	2
VERRE BROOKLYN 25CL           	ARTICLES DIVERS               	VERRERIE                      	3587	2.055566717339	24	2
H100 2T 3/8CV POIDS 55K DIRECT	MATERIELS                     	VENTE MATERIEL MOBILE         	3669	1484.956151123	0	2
VERRE LA CORNE BOIS DES PENDUS	ARTICLES DIVERS               	VERRERIE                      	3670	6.5	0	2
TETE PLATE TYPE A MICROMATIC  	MATERIELS                     	VENTE MATERIEL MOBILE         	3678	165.74	-7	2
LAUGAR BASATIA 20L K          	BIERES                        	BIERE FUT 20L                 	3697	5.636875033379	100	2
GOB REUTILISABLES J25/30CL X50	ARTICLES DIVERS               	REUTILISABLES                 	3738	8.6	237	2
VERRE PAIX DIEU 25/30CL       	ARTICLES DIVERS               	VERRERIE                      	3754	10.75	0	2
TABLES COMPTOIR FERIA + JUPES 	MATERIELS                     	MATERIEL VENTE                	3763	363.3334	0	2
KIT COTES BACHES 4X4 BLC 520G 	MATERIELS                     	MATERIEL VENTE                	3764	249.17	0	2
STRUCTURE HT GAMME 4X4 PRO50  	MATERIELS                     	MATERIEL VENTE                	3765	749.17	0	2
RAMASSE GOUTTES 400X200       	MATERIELS                     	MATERIEL VENTE                	3766	145	0	2
REFACT FRAIS FESTIVAL BIERE   	SERVICES                      	SERVICES FRAIS                	3773	305	0	2
LAUGAR AUPA TOVARISCH 20L K   	BIERES                        	BIERE FUT 20L                 	3784	6.874629940987	0	2
SCHWEPPES AGRUME 25VC         	SOFTS                         	BOISSONS SUCREES VC           	3794	0.95	96	3
POCHETTE 1 BLLE ESPRIT ECO ARG	ARTICLES DIVERS               	CORBEILLES - COFFRETS- CARTONS	3797	0.5	0	2
GUE MOINES ROI COEUR IPA 30L  	BIERES                        	BIERE FUT 30L                 	3830	3.4	1290	2
REFACTURATION TENTES PLIANTES 	MATERIELS                     	MATERIEL VENTE                	3831	2499.17	0	2
TABLE COMPTOIR FERIA JUPE +PUB	MATERIELS                     	MATERIEL VENTE                	3834	389	0	2
CHAMP TRICHET PUISSANCE 75CL  	VINS                          	CHAMPAGNE                     	3836	24.75	10	2
DE RANKE MIRAKEL 75VC         	BIERES                        	BIERE 75VC                    	3849	6.368759822846	41	2
COMPOSITION DE SCIE CLOCHE    	MATERIELS                     	MATERIEL VENTE                	3863	294.96	0	2
PISTOLET PROFESSIONNEL POUR   	MATERIELS                     	MATERIEL VENTE                	3864	82.9	0	2
MARTINI FIERO 100CL           	ALCOOL                        	LIQUEURS CREMES               	3883	10.4	0	2
BLANCHE DE BRUXELLES 33VC X12 	BIERES                        	BIERE 33CL VC                 	3896	1.160000017285	247	2
UNION DOUBLE MIXTE 5/16 SM-3/8	MATERIELS                     	MATERIEL VENTE                	3905	7	0	2
RACCORD CO2 SORTIE GUEST      	MATERIELS                     	MATERIEL VENTE                	3906	18.33	0	2
TUYAU PEBD CIRCUIT EAU GUEST  	MATERIELS                     	MATERIEL VENTE                	3907	244.96	0	2
SUPPORT VANNE GUEST           	MATERIELS                     	MATERIEL VENTE                	3908	3.9	0	2
DETENDEUR PRINCIPAL DROITE    	MATERIELS                     	MATERIEL VENTE                	3909	125.62	0	2
ADAPTATEUR DE RINCAGE A AVEC  	MATERIELS                     	VENTE MATERIEL MOBILE         	3910	79.64	-2	2
ADAPTATEUR DE RINCAGE S AVEC  	MATERIELS                     	VENTE MATERIEL MOBILE         	3911	79.64	-4	2
DUCHESSE BERRY RGE 2018 75CL  	VINS                          	BORDEAUX                      	3912	2.473200023174	0	2
LOCATION COMPTOIR PLIANT 2M60 	SERVICES                      	SERVICES LOCATIONS            	3936	8.3334	0	2
DE RANKE GULDENBERG 20L       	BIERES                        	BIERE FUT 20L                 	3944	4.295590090752	240	2
MACHINE A GLACONS 29KG/AIR    	MATERIELS                     	MATERIEL VENTE                	3975	780.9	0	2
LAVE VAISSELLE STANDARD 50X50 	MATERIELS                     	MATERIEL VENTE                	3976	952.66	0	2
CAISSE BOIS 8 BLLES AVEC ANSE 	ARTICLES DIVERS               	CORBEILLES - COFFRETS- CARTONS	3977	4.0832	118	2
LEFORT TRIPLE 75VP            	BIERES                        	BIERE 75VP                    	3979	4.832820858955	17	2
BARBAR BLONDE 75VP X6         	BIERES                        	BIERE 75VP                    	3992	3.825764966011	0	2
RHUM 3 RIV CANNE BRULEE 70CL  	ALCOOL                        	RHUMS DOMS                    	3995	21.1	3	2
VERRES 3 RIVIERES MOJITO      	ARTICLES DIVERS               	VERRERIE                      	3997	2	0	2
CAMPLAZENS LA GARRIGUE 75CL   	VINS                          	LA CLAPE                      	4004	6.952500128746	135	2
LINDEMANS GUEUZE C RENE 75VP  	BIERES                        	BIERE 75VP                    	4012	4.892534959316	60	2
LINDEMANS KRIEK CUV RENÉ 75VP 	BIERES                        	BIERE 75VP                    	4013	6.851009931564	84	2
SCHWEPPES AGRUME 33BTE        	SOFTS                         	BOISSONS SUCREES BTE          	4048	0.6	72	3
LAUGAR AUPA TOVARISCH 33VP    	BIERES                        	BIERE 20/25/33/35CL VP        	4054	3.14159992218	29	2
LAUGAR BASATIA 33VP           	BIERES                        	BIERE 20/25/33/35CL VP        	4056	2.36640001297	1	2
LINDEMANS GINGER GUEUZE 75VP  	BIERES                        	BIERE 75VP                    	4067	9.541256275177	214	2
DETENDEUR SUR APP POUR PREMIX 	MATERIELS                     	MATERIEL VENTE                	4084	123.66	0	2
DETENDEUR SUR APP POUR PREMIX 	MATERIELS                     	MATERIEL VENTE                	4085	132.97	0	2
GARAGE OCATA 44BTE            	BIERES                        	BIERE 33/44/50 CL CANETTE     	4102	2.619000077248	249	2
DOUILLES CANNELEES 3/8X3/8    	MATERIELS                     	MATERIEL VENTE                	4112	3.59	0	2
UNION FEMELLE 3/8-1/4 NPTF    	MATERIELS                     	MATERIEL VENTE                	4113	3.65	0	2
VERRE CERES 25CL              	ARTICLES DIVERS               	VERRERIE                      	4141	0.7	0	2
REGULATEUR AUTOMATIQUE CO2    	MATERIELS                     	MATERIEL VENTE                	4143	150.37	0	2
FC LINE 55 L 3/8 CV           	MATERIELS                     	MATERIEL VENTE                	4145	1091.5	0	2
PANNEAU DE CAVE BLANC PVC     	MATERIELS                     	VENTE MATERIEL MOBILE         	4147	51.5	1	2
MANOMETRE DE PRESSION         	MATERIELS                     	MATERIEL VENTE                	4164	16.42	0	2
EGOUTTOIR GRILLE TOTAL INOX304	MATERIELS                     	MATERIEL VENTE                	4196	576.76	0	2
LOT DE VISSERIE POUR FIXATION 	MATERIELS                     	MATERIEL VENTE                	4197	29.8	0	2
COLONNE FACTORY PONT 4T       	MATERIELS                     	MATERIEL VENTE                	4198	2633	0	2
TUYAU DE VIDANGE TRESSE       	MATERIELS                     	MATERIEL VENTE                	4199	129.5	0	2
CORNISH GOLD CIDER 30L        	CIDERS                        	CIDER FUT                     	4217	3.33	630	2
CORNISH ORCH GOLD CIDER 50VP  	CIDERS                        	CIDER BLLE                    	4218	1.827579988241	767	2
TROCADERO 6T NON LUMINEUSE    	MATERIELS                     	MATERIEL VENTE                	4227	2519	-1	2
OPTION ROBINET COMPENSATEUR   	MATERIELS                     	MATERIEL VENTE                	4228	2519	0	2
FC LINE CONVERTIBLE 90 L 1/2  	MATERIELS                     	MATERIEL VENTE                	4229	1471.35	-1	2
PLATEAU EMBOUTI 800X400       	MATERIELS                     	MATERIEL VENTE                	4230	244.47	1	2
POMPE SANITATION MINIMAX 140  	MATERIELS                     	MATERIEL VENTE                	4231	1774.24	0	2
PINCE MULTI-PRISE SERRAGE     	MATERIELS                     	MATERIEL VENTE                	4232	65.57	0	2
COPERES AMBREE 20L            	BIERES                        	BIERE FUT 20L                 	4240	3.78	0	2
POMPE PYTHON TOTTON           	MATERIELS                     	MATERIEL VENTE                	4253	132.52	-1	2
DÉTECTEUR DE FIN DE FUT       	MATERIELS                     	MATERIEL VENTE                	4254	1774.24	0	2
PANNEAU DE CAVE BLANC PVC     	MATERIELS                     	VENTE MATERIEL MOBILE         	4256	123.6	1	2
CHAISE UNIVERSELLE            	MATERIELS                     	VENTE MATERIEL MOBILE         	4258	123.6	1	2
CHAISE UNIVERSELLE            	MATERIELS                     	VENTE MATERIEL MOBILE         	4259	123.6	1	2
CAISSON HIGHLANDER 8TCHROME   	MATERIELS                     	MATERIEL VENTE                	4260	4065	0	2
LUPULUS HIBERNATUS 33VP       	BIERES                        	BIERE 20/25/33/35CL VP        	4275	1.782998018265	-39	2
TROCADERO 4T NON LUMINEUSE    	MATERIELS                     	MATERIEL VENTE                	4284	1902	0	2
PLATEAU EMBOUTI 600X400       	MATERIELS                     	MATERIEL VENTE                	4285	244.47	1	2
FC LINE 55 L 1/2 CV           	MATERIELS                     	MATERIEL VENTE                	4286	1327.84	-1	2
EGOUTTOIR GRILLE TOTAL INOX304	MATERIELS                     	MATERIEL VENTE                	4319	1023.44	0	2
BOON OUDE KRIEK 37,5VC        	BIERES                        	BIERE 37.5CL                  	4320	3.950670111179	48	2
OUD BEERSEL OUDE KRIEK 37.5VP 	BIERES                        	BIERE 37.5CL                  	4329	4.965576066971	48	2
OUD BEERSEL OUDE KRIEK 75VP   	BIERES                        	BIERE 75VP                    	4333	10.02685496807	9	2
OUD BEERSEL OUDE GUEUZE 75VP  	BIERES                        	BIERE 75VP                    	4334	8.013852310181	16	2
BARREAU AUGUSTIN ROUGE 75CL   	VINS                          	GAILLAC                       	4337	4.684500038624	28	2
BARREAU AUGUSTIN PERLE 75C    	VINS                          	GAILLAC                       	4338	4.684500038624	2	2
BARREAU AUGUSTIN BLC SEC 75C  	VINS                          	GAILLAC                       	4339	4.684499716759	66	2
BARREAU CAPRICE AUTOMNE 75    	VINS                          	GAILLAC                       	4342	7.708500051498	0	2
BARO ROUGE N°1 75CL           	VINS                          	GAILLAC                       	4344	3.955500090122	9	2
BARO ROSE N°3 75CL            	VINS                          	GAILLAC                       	4345	3.996000051498	30	2
BARO BLANC SEC N°2 75CL       	VINS                          	GAILLAC                       	4346	3.955500090122	152	2
RACCORD CO2 SORTIE G5/8       	MATERIELS                     	MATERIEL VENTE                	4363	21.29	0	2
DÉTECTEUR DE FIN DE FUT       	MATERIELS                     	MATERIEL VENTE                	4364	111.38	-1	2
MACHINE A GLACONS 75KG/AIR    	MATERIELS                     	MATERIEL VENTE                	4375	1600	1	2
CAFÉ DE PARIS FAÏENCE 3 T     	MATERIELS                     	MATERIEL VENTE                	4376	1661	-1	2
DE LEITE CUVEE MAM ZELLE 33VC 	BIERES                        	BIERE 33CL VC                 	4404	2.324609971046	2	2
DE LEITE CUV SOEUR ISE 33VC   	BIERES                        	BIERE 33CL VC                 	4406	3.122940015793	67	2
PANNEAU DE CAVE BLANC PVC     	MATERIELS                     	VENTE MATERIEL MOBILE         	4439	72.09	0	2
CAROLUS TRIPLE 75VP    X6     	BIERES                        	BIERE 75VC                    	4440	4.21686000824	0	2
MISTER B BOMBOLONI 33BTE X24  	BIERES                        	BIERE 33/44/50 CL CANETTE     	4444	2.20221397996	312	2
MJG FACE A FACE RGE 75CL      	VINS                          	COTES CATALANES               	4449	9.45	21	2
REFACTURATION HONORAIRES ADMIN	SERVICES                      	SERVICES FRAIS                	4450	350	0	2
LA DEBAUCHE CINDY BUNNY 33VP  	BIERES                        	BIERE 20/25/33/35CL VP        	4458	1.754999935627	2	2
EFFET PAPILLON PALE ALE 75VP  	BIERES                        	BIERE 75VP                    	4466	3.78345113039	38	2
CALVADOS BUSNEL VSOP 70CL     	ALCOOL                        	CALVADOS                      	4491	19.95	9	2
WHISKY YOICHI SINGLE MALT 70CL	ALCOOL                        	WHISKY                        	4528	45.8	2	2
VERRE RINCE COCHON 25/33CL    	ARTICLES DIVERS               	VERRERIE                      	4537	0.7681249827147	24	2
DE RANK VIEILLE PROVISION 75VC	BIERES                        	BIERE 75VP                    	4542	6.921788153648	48	2
PAIX DIEU TRIPLE 75VP X6      	BIERES                        	BIERE 75VP                    	4543	5.064119946957	29	2
VERRE RATZ 25CL               	ARTICLES DIVERS               	VERRERIE                      	4564	1.8	3048	2
REFACTURATION CONSIGNE 6X75CL 	SERVICES                      	SERVICES FRAIS                	4581	0.25	0	2
REFACTURATION CONSIGNE 24X0.10	SERVICES                      	SERVICES FRAIS                	4582	0.1	0	2
VERRE ERDINGER WEISS 50 CL    	ARTICLES DIVERS               	VERRERIE                      	4584	1.8	24	2
HOPPY ROAD HAZY RIDER 33VP    	BIERES                        	BIERE 20/25/33/35CL VP        	4585	1.984445050955	113	2
BASQUELAND ZUMO  44BTE        	BIERES                        	BIERE 33/44/50 CL CANETTE     	4598	3.230596914291	28	2
DE RANKE GULDENBERG 75VC      	BIERES                        	BIERE 75VC                    	4633	5.245809996128	57	2
DE RANKE XX BITTER 75VC       	BIERES                        	BIERE 75VC                    	4634	4.925504910946	55	2
TATTOO ROSE 75CL              	VINS CAVE UNIQUEMENT          	COTES DE GASCOGNE             	4640	4.95	6	2
SOMMELIER ERMITAGE DBLE BOIS  	ARTICLES DIVERS               	ARTICLES DE CAVE / BIERE & VIN	4654	7.85000026226	0	2
PORTE CLE DECAPSULEUR METAL   	ARTICLES DIVERS               	ARTICLES DE CAVE / BIERE & VIN	4655	2.405000030994	0	2
CARROUSEL A BIERES KENZO 6B   	ARTICLES DIVERS               	CORBEILLES - COFFRETS- CARTONS	4661	4.719000148773	31	2
COFF BOIS VIANO 9B + 3 ACCESS 	ARTICLES DIVERS               	CORBEILLES - COFFRETS- CARTONS	4662	13.71500024796	0	2
STOP BULLE CHAMPAGNE TRICHET  	ARTICLES DIVERS               	ARTICLES DE CAVE / BIERE & VIN	4663	3.250030106878	0	2
GOOSE ISLAND IPA 6L           	BIERES                        	BIERES FUT 5L/6L/12.5L        	4669	31	5	2
REFACTURATION CONS CAISSE BIER	SERVICES                      	SERVICES FRAIS                	4676	2.1	0	2
RHUM RIVIERE DU MAT BLANC 70CL	ALCOOL                        	RHUMS DOMS                    	4677	10.99	18	2
GUE MOINES LABELLE SESIPA 33VP	BIERES                        	BIERE 20/25/33/35CL VP        	4678	2.248985971212	-6	2
CHANT DU COQ  BLANC 75CL      	VINS                          	COTES CATALANES               	4693	4.875000119209	6	2
CHANT DU COQ ROSE 75CL        	VINS                          	COTES DU ROUSSILLON           	4694	4.875000119209	18	2
RATZ TRIPLE 7°2    33VP       	BIERES                        	BIERE 20/25/33/35CL VP        	4707	1.503630065918	106	2
RATZ TRIPLE 7°2    75VP       	BIERES                        	BIERE 75VP                    	4708	3.093255078793	36	2
CAP DE FOUSTE GRDE RESERVE 75C	VINS                          	COTES DU ROUSSILLON           	4710	6.187499761581	1	2
CAP DE FOUSTE TAQUIN BLANC 75C	VINS                          	COTES CATALANES               	4712	3.75	3	2
CAP DE FOUSTE TAQUIN ROUGE 75C	VINS                          	COTES CATALANES               	4714	3.75	22	2
CAP DE FOUSTE MUSCAT RIV 75CL 	VINS                          	MUSCAT                        	4715	6.411999893189	0	2
SUPPORT BLLE FELIX COCKTAIL   	ARTICLES DIVERS               	ARTICLES DE CAVE / BIERE & VIN	4740	14.50000047684	0	2
SUPPORT BLLE FELIX MOTOCROSS  	ARTICLES DIVERS               	ARTICLES DE CAVE / BIERE & VIN	4741	17.1624994278	0	2
SUPPORT BLLE FELIX BARBECUE   	ARTICLES DIVERS               	ARTICLES DE CAVE / BIERE & VIN	4742	16.31250023842	2	2
SUPPORT BLLE FELIX BIKER COUPL	ARTICLES DIVERS               	ARTICLES DE CAVE / BIERE & VIN	4743	17.1624994278	0	2
SUPPORT BLLE FELIX GUITARISTE 	ARTICLES DIVERS               	ARTICLES DE CAVE / BIERE & VIN	4744	15.83750009537	1	2
CORB AMANDINE OSIER JONC      	ARTICLES DIVERS               	CORBEILLES - COFFRETS- CARTONS	4745	7.1	1	2
COFF PETANQUE LEON BOIS 1 BLLE	ARTICLES DIVERS               	CORBEILLES - COFFRETS- CARTONS	4747	20.99999904633	0	2
MEZCAL SAN COSME 70CL         	ALCOOL                        	TEQUILA                       	4750	25.98	0	2
BASQUELAND ZUMO 30L K         	BIERES                        	BIERE FUT 30L                 	4755	4.996680045128	150	2
RHUM ST JAMES IMPER BLANC 70CL	ALCOOL                        	RHUMS DOMS                    	4771	10.55	119	2
GIN GIBSONS LONDON DRY 70CL   	ALCOOL                        	GIN                           	4774	10.5	13	2
RHUM KRAKEN BLACK SPICED 70CL 	ALCOOL                        	RHUMS TIERS                   	4775	23.6	0	2
CACHACA AGUACANA 70CL         	ALCOOL                        	EAU DE VIE                    	4776	12.6	-2	2
WH CUTTY SARK ORIGINAL 70CL   	ALCOOL                        	WHISKY ECOSSAIS               	4777	13.05	28	2
FRAIS RESTITUTION MATERIEL    	SERVICES                      	SERVICES FRAIS                	4790	100	0	2
CRAK NAIMA 33CL BTE           	BIERES                        	BIERE 33/44/50 CL CANETTE     	4824	2.313800096512	4	2
CROQUANTS AUX AMANDES 180G    	ALIMENTAIRES                  	BISCUITS                      	4840	3.312500119209	0	3
LA CROUSTADE TRADITION 300G   	ALIMENTAIRES                  	BISCUITS                      	4842	3.400000035763	0	3
LA MERINGUE 100G              	ALIMENTAIRES                  	BISCUITS                      	4843	2.512499988079	0	3
PAIN EPICES PAVE ANCIENNE 500G	ALIMENTAIRES                  	BISCUITS                      	4845	5.27499973774	0	3
LA GAUFRE ROULEE 140G         	ALIMENTAIRES                  	BISCUITS                      	4846	2.5	0	3
MAD SCIENT NEW YORK MOCA 44BTE	BIERES                        	BIERE 33/44/50 CL CANETTE     	4861	2.699899961948	0	2
CAROLUS CLASSIC 75VP  X6      	BIERES                        	BIERE 75VP                    	4862	4.373040008545	0	2
DELIRIUM RED 33VC             	BIERES                        	BIERE 33CL VC                 	4863	1.789830082655	72	2
EDV POIRE ST FLORIAN 70CL     	ALCOOL                        	EAU DE VIE                    	4876	12.6	0	2
VODKA NIKKA COFFEY 70CL       	ALCOOL                        	VODKA                         	4881	24.80400089264	0	2
FEVER TREE TONIC WATER 20CL VP	SOFTS                         	BOISSONS SUCREES VP           	4886	1.15	388	3
RHUM CLAIRIN COMMUNAL 70CL    	ALCOOL                        	RHUMS TIERS                   	4887	23.02800064087	2	2
FEVER TREE GINGER BEER 20CL VP	SOFTS                         	BOISSONS SUCREES VP           	4889	1.149018995166	299	3
GRAND MARNIER CORDON RGE 70CL 	ALCOOL                        	LIQUEURS CREMES               	4893	22.5	0	2
PORTO CRUZ TAWNY ROUGE 75CL   	ALCOOL                        	VINS DE LIQUEUR               	4894	8.65	6	2
PORTO CRUZ BLANC 75CL         	ALCOOL                        	VINS DE LIQUEUR               	4895	8.45	14	2
DU CLAU POMME CASSIS 75VP     	JUS DE FRUIT                  	JUS DE FRUIT GAZEIFIE VP      	4910	3.587999987602	0	3
DU CLAU POMME BIO 75VP        	JUS DE FRUIT                  	JUS DE FRUIT GAZEIFIE VP      	4911	3.928500115871	0	3
BARO TENDRE SEC N°4 75CL      	VINS                          	GAILLAC                       	4947	4.725	74	2
KOZEL PILS 30L                	BIERES                        	BIERE FUT 30L                 	4995	2.09	0	2
VERRE LINDEMANS NEW 25 BALLON 	ARTICLES DIVERS               	VERRERIE                      	5004	1.848749965429	0	2
CH HERITAGE 1ER CRU ETUI 150CL	VINS                          	CHAMPAGNE                     	5012	52	0	2
SUPPORT BLLE  FELIX PHARE     	ARTICLES DIVERS               	ARTICLES DE CAVE / BIERE & VIN	5014	14.93749976158	1	2
HOPPY ROAD MAZOUT 33VP        	BIERES                        	BIERE 20/25/33/35CL VP        	5033	2.415960019827	1	2
RHUM MIRACIELO 70CL           	ALCOOL                        	RHUMS TIERS                   	5046	24.7	12	2
ST FEUILLIEN GRAND CRU 150CL  	BIERES                        	BIERE 150 CL/200CL            	5062	14.45661005974	0	2
SEAU GROLSCH PLASTIQUE        	ARTICLES DIVERS               	CORBEILLES - COFFRETS- CARTONS	5072	5.1	0	2
SEAU ASAHI METAL              	ARTICLES DIVERS               	CORBEILLES - COFFRETS- CARTONS	5073	14.1	0	2
GLACIERE PERONI               	ARTICLES DIVERS               	CORBEILLES - COFFRETS- CARTONS	5075	14.8	0	2
GLACIERE ASAHI                	ARTICLES DIVERS               	CORBEILLES - COFFRETS- CARTONS	5076	11.8	0	2
COFFRET UNICA SETA 3 BLLES BDX	ARTICLES DIVERS               	CORBEILLES - COFFRETS- CARTONS	5079	3.317999839783	0	2
KARMELIET TRIPLE 150VP        	BIERES                        	BIERE 150 CL/200CL            	5080	14.09234724999	0	2
CAFE MOULU PERLE NOIRE 250G   	ALIMENTAIRES                  	CAFE                          	5107	4.95	0	3
CAFE GRAIN PERLE NOIRE 250G   	ALIMENTAIRES                  	CAFE                          	5108	4.95	3	3
VALISETTE MUNICH 9B DECOR 33CL	ARTICLES DIVERS               	CORBEILLES - COFFRETS- CARTONS	5112	1.574999928474	40	2
VALISETTE BUFFALO 8B 33CL NOIR	ARTICLES DIVERS               	CORBEILLES - COFFRETS- CARTONS	5113	1.762499958277	89	2
CARROUSEL OTTAVIO 3B 75CL     	ARTICLES DIVERS               	CORBEILLES - COFFRETS- CARTONS	5114	7.679999828339	0	2
HOPPY ROAD LOVE POTION 33BTE  	BIERES                        	BIERE 33/44/50 CL CANETTE     	5139	2.776274943352	1	2
EMBALLAGE EXPEDITION 2 BLLES  	ARTICLES DIVERS               	CORBEILLES - COFFRETS- CARTONS	5153	3.5	0	2
EMBALLAGE EXPEDITION 3 BLLES  	ARTICLES DIVERS               	CORBEILLES - COFFRETS- CARTONS	5154	4	0	2
EMBALLAGE EXPEDITION 4 BLLES  	ARTICLES DIVERS               	CORBEILLES - COFFRETS- CARTONS	5155	4.5	0	2
CIDRE KUPELA BRUT 6°  33VP    	CIDRES                        	CIDRE BLLE                    	5164	1.897175941467	232	2
TARTINADE AUBERGINES BIO 110G 	ARTICLES DIVERS               	TERRINE - BOCAUX - SAUCIS-FROM	5181	3.737500011921	0	3
TARTINADE CAROTTES CUMIN 110G 	ARTICLES DIVERS               	TERRINE - BOCAUX - SAUCIS-FROM	5182	3.737500011921	0	3
TARTINADE POTIMARRON BIO 110G 	ARTICLES DIVERS               	TERRINE - BOCAUX - SAUCIS-FROM	5183	3.737500011921	0	3
TARTINADE HOUMOUS BIO 110G    	ARTICLES DIVERS               	TERRINE - BOCAUX - SAUCIS-FROM	5184	3.737500011921	0	3
TARTINADE SAUMON BIO 100G     	ARTICLES DIVERS               	TERRINE - BOCAUX - SAUCIS-FROM	5185	5.612499713898	0	3
TARTINADE DAURADE ROYALE 100G 	ARTICLES DIVERS               	TERRINE - BOCAUX - SAUCIS-FROM	5186	5.612499713898	0	3
TARTINADE VOLAILLE ANCIEN 100G	ARTICLES DIVERS               	TERRINE - BOCAUX - SAUCIS-FROM	5187	4.412499964237	0	3
TARTINADE VOLAILLE NOIX 100G  	ARTICLES DIVERS               	TERRINE - BOCAUX - SAUCIS-FROM	5188	4.412499964237	0	3
TARTINADE POULET GINGEMB 100G 	ARTICLES DIVERS               	TERRINE - BOCAUX - SAUCIS-FROM	5189	4.162499904633	0	3
TARTINADE POULET POIVRONS 100G	ARTICLES DIVERS               	TERRINE - BOCAUX - SAUCIS-FROM	5190	4.162499904633	0	3
BISCUITS SALES CURRY EPEAUTRE 	ARTICLES DIVERS               	TERRINE - BOCAUX - SAUCIS-FROM	5191	3.125	0	3
BISCUITS SALES CUMIN EPEAUTRE 	ARTICLES DIVERS               	TERRINE - BOCAUX - SAUCIS-FROM	5192	3.125	0	3
GUE MOINES ROI DE COEUR 75VP  	BIERES                        	BIERE 75VP                    	5207	3.800927994251	39	2
CLASH OF THE TITANS 33VP      	BIERES                        	BIERE 20/25/33/35CL VP        	5208	2.881473047733	3	2
GUE DES MOINES PREAMBULE 75VP 	BIERES                        	BIERE 75VP                    	5254	3.864496090412	44	2
GUE MOINES GAME OVER 75VP     	BIERES                        	BIERE 75VP                    	5255	3.864496090412	29	2
FORFAIT DEMONTAGE             	SERVICES                      	SERVICES FRAIS                	5258	140	0	2
RATZ PALE ALE BIO 33VP        	BIERES                        	BIERE 20/25/33/35CL VP        	5268	1.624819985628	64	2
RATZ PALE ALE BIO 75VP        	BIERES                        	BIERE 75VP                    	5269	3.305980856419	21	2
ANGELUS BLONDE 33VP X12       	BIERES                        	BIERE 20/25/33/35CL VP        	5271	1.710584968329	0	2
LINDEMANS C.RENE GUEUZE 37,5VP	BIERES                        	BIERE 20/25/33/35CL VP        	5273	2.910438859463	36	2
LINDEMANS C.RENE KRIEK 37,5VP 	BIERES                        	BIERE 20/25/33/35CL VP        	5274	3.522372090817	135	2
CHIPS NATURE 125G             	ARTICLES DIVERS               	BISCUITS - CHOCOLATS - CHIPS  	5275	1.915200076103	60	3
CHIPS PIMENT D'ESPELETTE 100G 	ARTICLES DIVERS               	BISCUITS - CHOCOLATS - CHIPS  	5276	2.456999981403	20	3
CHIPS AUX HERBES 125G         	ARTICLES DIVERS               	BISCUITS - CHOCOLATS - CHIPS  	5277	1.98	21	3
CHIPS TOMATE 125G             	ARTICLES DIVERS               	BISCUITS - CHOCOLATS - CHIPS  	5278	2.008299987316	37	3
GUE MOINES DAME DE COEUR 75VP 	BIERES                        	BIERE 75VP                    	5285	3.771335983276	54	2
VODKA LEGENDE KREMLIN DORE 70C	ALCOOL                        	VODKA                         	5287	26.18550052643	5	2
GIN CANAIMA 70CL              	ALCOOL                        	GIN                           	5300	20.9	5	2
COF FLY VODKA SQUADRON 303 70C	ALCOOL                        	VODKA                         	5304	33.2975	1	2
VODKA LEGENDE KREMLIN NOIR 70C	ALCOOL                        	VODKA                         	5310	26.18550052643	4	2
RHUM LA FAVORITE BLANC 70CL   	ALCOOL                        	RHUMS DOMS                    	5313	29.8	0	2
GUE MOINES SERIE NOIRE 75VP   	BIERES                        	BIERE 75VP                    	5324	3.742470145226	18	2
GUE MOINES SUPER POWER 75VP   	BIERES                        	BIERE 75VP                    	5325	3.771335983276	18	2
CLOS DES MENUTS RGE 2005 75CL 	VINS                          	ST EMILION GD CRU             	5326	29.22308940888	0	2
CLOS DES MENUTS RGE 2017 75CL 	VINS                          	ST EMILION GD CRU             	5327	12.64808940888	10	2
CH COUTET BLANC 2005 75CL     	VINS                          	SAUTERNES                     	5333	39.36309089661	3	2
MENUTS BORDEAUX RGE 2012 75CL 	VINS                          	BORDEAUX                      	5335	5.173090028763	23	2
CLOS DES MENUTS RGE 1995 75CL 	VINS                          	ST EMILION GD CRU             	5340	43.71808891296	0	2
VERRE A WHISKY PATRICK 19CL   	ARTICLES DIVERS               	VERRERIE                      	5345	5.076000022888	0	2
SUPPORT BLLE FELIX BOULISTE   	ARTICLES DIVERS               	ARTICLES DE CAVE / BIERE & VIN	5349	15.53499975205	1	2
COFF LIAM 2 BLLES JOYEUX ANNIV	ARTICLES DIVERS               	CORBEILLES - COFFRETS- CARTONS	5350	8.202999925613	0	2
FEVER TREE MEDITERRANEAN 20VP 	SOFTS                         	BOISSONS SUCREES VP           	5394	1.15	211	3
GUE MOINES BLDE OCCITANIE 75VP	BIERES                        	BIERE 75VP                    	5398	3.371433093548	49	2
BON ACHAT SANS TVA METRO      	REMISES                       	REMISES                       	5401	40	-2	5
FAUTEUIL IRON GRIS METAL      	MATERIELS                     	MATERIEL VENTE                	5402	54	24	2
TABOURET HAUT IRON GRIS METAL 	MATERIELS                     	MATERIEL VENTE                	5403	45	22	2
MANGE DEBOUT IRON GRIS METAL  	MATERIELS                     	MATERIEL VENTE                	5404	130	6	2
TABLE IRON GRIS METAL         	MATERIELS                     	MATERIEL VENTE                	5405	135	6	2
EDV MIRABELLE ST FLORIAN 70CL 	ALCOOL                        	EAU DE VIE                    	5411	13	1	2
COCA COLA ZERO S/PLACE 33CL   	SOFTS                         	BOISSONS SUCREES VC COMPTOIR  	5417	2.7023625	-1	4
VIN ROUGE 12,5CL A 3€         	COMPTOIR TERRASSE             	COMPTOIR TERRASSE             	5418	2.5	-6	2
VIN BLANC 12.5CL A 3€         	COMPTOIR TERRASSE             	COMPTOIR TERRASSE             	5419	2.5	-7	2
THE PECHE FUZETEA S/PLACE 33CL	SOFTS                         	BOISSONS SUCREES VC COMPTOIR  	5420	2.708354966015	-15	4
SCHWEPPES IND TONIC S/PLACE 25	SOFTS                         	BOISSONS SUCREES VC COMPTOIR  	5421	2.674819966435	0	4
LIMONADE S/PLACE 25CL         	SOFTS                         	BOISSONS SUCREES VP           	5422	2.185216964877	0	4
DIABOLO S/PLACE 25CL          	SOFTS                         	BOISSONS SUCREES VP           	5423	2.457961184073	0	4
GARAGE SANTAKO 33BTE          	BIERES                        	BIERE 33/44/50 CL CANETTE     	5429	2.025	166	2
GARAGE OCATA 30L KEYKEG       	BIERES                        	BIERE FUT 30L                 	5430	4.490878036022	270	2
GARAGE SANTAKO 30L KK         	BIERES                        	BIERE FUT 30L                 	5431	4.594094667149	90	2
MUSCAT RIVESALTES 8CL AU VERRE	VINS AU COMPTOIR              	VINS AU COMPTOIR              	5435	2	0	2
VIN ROSE 12.5CL A 4€          	COMPTOIR TERRASSE             	COMPTOIR TERRASSE             	5436	3.333	-3	2
BLANCHE DE WATOU 30L          	BIERES                        	BIERE FUT 30L                 	5451	2.75	1770	2
OLIVE COCKTAIL MAROCAINE 2.5KG	ARTICLES DIVERS               	TERRINE - BOCAUX - SAUCIS-FROM	5463	12.7874994278	2	3
VERRE INCASSABLE MOJITO 43CL  	ARTICLES DIVERS               	ARTICLES DIVERS               	5468	1.961699926853	50	2
SUCRE BUCHETTES 500 X 5G      	ALIMENTAIRES                  	SUCRE DOSES                   	5470	5.407999801636	0	3
RHUM KARUKERA ALLIGATOR 70CL  	ALCOOL                        	RHUMS TIERS                   	5496	46.6	1	2
GARAGE SOUP 30L KEYKEG        	BIERES                        	BIERE FUT 30L                 	5510	5.260800170898	360	2
QUEUE CHARRUE TRIPLE  75VP X6 	BIERES                        	BIERE 75VP                    	5521	3.242673010826	0	2
FRAIS NETTOYAGE MACHINE BIERE 	SERVICES                      	NETTOYAGE                     	5527	41.6675	0	2
O CLOCK BADEN KIRCH 33VP      	BIERES                        	BIERE 20/25/33/35CL VP        	5535	3.515637094975	0	2
ROCAMADOUR AOP 35G X12 ETOILE 	ARTICLES DIVERS               	TERRINE - BOCAUX - SAUCIS-FROM	5570	1.116000008583	0	3
ICE BREAKER HUMMINGBIRD 33VP  	BIERES                        	BIERE 33/44/50 CL CANETTE     	5578	3.225	0	2
VENEZZIO SPRITZ 20VP 0.0% X24 	VINS                          	VIN MOUSSEUX DE QUALITE       	5617	0.7697199702263	0	3
TOMATADE SUD N SOL 500G       	ARTICLES DIVERS               	TERRINE - BOCAUX - SAUCIS-FROM	5619	8	2	3
DELIRIUM TREMENS 30L          	BIERES                        	BIERE FUT 30L                 	5624	4.48037103653	0	2
GIN BLOSSOM GDE RESERVE 70CL  	ALCOOL                        	GIN                           	5635	23	0	2
RHUM SANTIAGO DE CUBA 20A 70CL	ALCOOL                        	RHUMS TIERS                   	5636	86.06400146484	2	2
LIQUEUR MANDARINE NAPOLEON 70C	ALCOOL                        	LIQUEURS CREMES               	5637	16	3	2
RHUM DON PAPA BAROKO 70CL     	ALCOOL                        	RHUMS TIERS                   	5638	29	3	2
RHUM SECHA DE LA SILVA 70CL   	ALCOOL                        	RHUMS TIERS                   	5655	26	0	2
REFACTURATION CONS 12X75CL    	SERVICES                      	SERVICES FRAIS                	5659	0.2	0	2
REFACTURATION CONS 12X37.5CL  	SERVICES                      	SERVICES FRAIS                	5660	0.2	0	2
PARTITION GOURMANDE           	COMPTOIR TERRASSE             	PLANCHES                      	5673	12.27278995943	0	4
PRESSION 25CL PILS A 3€       	BIERES                        	BIERE PRESSION COMPTOIR       	5695	1.6	-56	2
PRESSION 50CL PILS A 5€       	BIERES                        	BIERE PRESSION COMPTOIR       	5696	2.5	-61	2
SIROP A L'EAU MENTHE GRENADINE	COMPTOIR TERRASSE             	COMPTOIR TERRASSE             	5697	1	-1	4
VIN BLANC 12.5CL A 4€         	COMPTOIR TERRASSE             	COMPTOIR TERRASSE             	5698	3.3333	0	2
VIN ROUGE 12,5CL A 4€         	COMPTOIR TERRASSE             	COMPTOIR TERRASSE             	5699	3.3333	0	2
ASAHI SUPER DRY 30L           	BIERES                        	BIERE FUT 30L                 	5706	3.304140043259	210	2
TETE DE BELIER ROUGE 2022 75CL	VINS                          	AOC LANGUEDOC                 	5716	20.99999904633	26	2
TETE DE BELIER ROSE 2024 75CL 	VINS                          	AOC LANGUEDOC                 	5717	13.68749976158	10	2
TETE DE BELIER BLANC 2022 75CL	VINS                          	AOC LANGUEDOC                 	5718	20.6	17	2
DELIRIUM RED 30L              	BIERES                        	BIERE FUT 30L                 	5720	4.3793	450	2
IRON WILD MELISSE 33BTE       	BIERES                        	BIERE 33/44/50 CL CANETTE     	5724	2.336706072092	5	2
RHUM HAVANA CLUB 3 ANS 70CL   	ALCOOL                        	RHUMS TIERS                   	5733	14.25	17	2
CHAT ST JULIEN ROSE 75CL      	VINS                          	PROVENCE                      	5743	6.99600025177	114	2
CHAT ST JULIEN BLANC 75CL     	VINS                          	PROVENCE                      	5744	7.6	16	2
CHAT ST JULIEN ROUGE 75CL     	VINS                          	PROVENCE                      	5745	9.247499871254	78	2
EXCEPTION ST JULIEN ROSE 75CL 	VINS                          	COTEAUX VAROIS EN PROVENCE    	5746	9.815000247955	29	2
CALAVERA CUVEE 37.5VP         	BIERES                        	BIERE 37.5CL                  	5793	3.650699901581	5	2
LA DEBAUCHE NEVERMORE 20L K   	BIERES                        	BIERE FUT 20L                 	5800	4.838540015221	0	2
VICARIS TRIPLE 33VC           	BIERES                        	BIERE 33CL VC                 	5801	1.526393940449	48	2
LUPULUS HIBERNATUS 75VC       	BIERES                        	BIERE NOEL/HIVER 75           	5809	3.353840112686	47	2
YPERMAN 30L                   	BIERES                        	BIERE FUT 30L                 	5825	2.93	600	2
CHIPS AU POIVRE NOIR 125G     	ARTICLES DIVERS               	BISCUITS - CHOCOLATS - CHIPS  	5830	2.038499987125	0	3
CHIPS A LOIGNON 125G          	ARTICLES DIVERS               	BISCUITS - CHOCOLATS - CHIPS  	5831	2.065499961376	34	3
3 FONTEINEN OUDE KRIEK 75VP   	BIERES                        	BIERE 75VP                    	5875	13.84127998352	29	2
LEFORT BRUNE 33VC             	BIERES                        	BIERE 33CL VC                 	5876	1.626054031849	0	2
JAMBON SERRANO DESOSSE KG     	ARTICLES DIVERS               	TERRINE - BOCAUX - SAUCIS-FROM	5878	20.83	2	3
RHUM HAVANA CLUB ESPECIAL 70CL	ALCOOL                        	RHUMS TIERS                   	5880	15.45	2	2
MARGALET 28% 150G             	ARTICLES DIVERS               	TERRINE - BOCAUX - SAUCIS-FROM	5881	3.416250050068	0	3
ROCAMADOUR AOP 23% 35G        	ARTICLES DIVERS               	TERRINE - BOCAUX - SAUCIS-FROM	5882	0.72	0	3
ROUELLE CENDREE 21% 155G      	ARTICLES DIVERS               	TERRINE - BOCAUX - SAUCIS-FROM	5883	3.5	0	3
ENROBE RAISIN BRUN 45% 80G    	ARTICLES DIVERS               	TERRINE - BOCAUX - SAUCIS-FROM	5885	1.77	0	3
FIGUETTE EPICE 19% 65G        	ARTICLES DIVERS               	TERRINE - BOCAUX - SAUCIS-FROM	5886	1.5	0	3
ENROBE ABRICOT 45% 80G        	ARTICLES DIVERS               	TERRINE - BOCAUX - SAUCIS-FROM	5887	1.77	0	3
ENROBE POIVRE NOIR 45% 80G    	ARTICLES DIVERS               	TERRINE - BOCAUX - SAUCIS-FROM	5888	1.77	0	3
ENROBE RAISIN BLOND 45% 80G   	ARTICLES DIVERS               	TERRINE - BOCAUX - SAUCIS-FROM	5889	1.77	0	3
2 FIGUETTES NATURE 24% 2X65G  	ARTICLES DIVERS               	TERRINE - BOCAUX - SAUCIS-FROM	5890	1.761	0	3
TRUFFADOU 22% TUB AES 3.2% 30G	ARTICLES DIVERS               	TERRINE - BOCAUX - SAUCIS-FROM	5891	1.293	0	3
BRILLAT SAV IGP 39% LC BB 100G	ARTICLES DIVERS               	TERRINE - BOCAUX - SAUCIS-FROM	5892	1.676	0	3
PT CAMEMBERT 22% LC 150G      	ARTICLES DIVERS               	TERRINE - BOCAUX - SAUCIS-FROM	5893	3.647999882698	0	3
ST MARCELLIN IGP 23% LC 80G   	ARTICLES DIVERS               	TERRINE - BOCAUX - SAUCIS-FROM	5894	2.28	0	3
ST FELICIEN 27% LC 180G       	ARTICLES DIVERS               	TERRINE - BOCAUX - SAUCIS-FROM	5895	5.170500040054	0	3
SAUCISSE SECHE PERCHE S/GAZ KG	ARTICLES DIVERS               	TERRINE - BOCAUX - SAUCIS-FROM	5896	15	0	3
TENTE PLIANTE 4X4 PRO 50 ALU  	MATERIELS                     	MATERIEL VENTE                	5902	682.5	0	2
CORB BAMBOU GM CHOCOLAT       	ARTICLES DIVERS               	CORBEILLES - COFFRETS- CARTONS	5903	1.8	0	2
GUE MOINES PREAMBULE 20L      	BIERES                        	BIERE FUT 20L                 	5904	3.4	80	2
LA DEBAUCHE ALMA 33BTE        	BIERES                        	BIERE 33/44/50 CL CANETTE     	5959	1.941800050736	9	2
LA DEBAUCHE IPA 75VP          	BIERES                        	BIERE 75VP                    	5961	3.982500064373	43	2
VERRE ROTHAUS 30CL            	ARTICLES DIVERS               	VERRERIE                      	5969	1.5	6	2
CHOPE ROTHAUS 50CL            	ARTICLES DIVERS               	VERRERIE                      	5970	2.5	6	2
VERRE FRANZISKANER 50CL       	ARTICLES DIVERS               	VERRERIE                      	5971	2	12	2
BAVARIA PREMIUM BLONDE 30L    	BIERES                        	BIERE FUT 30L                 	5972	2.01	180	2
LAUGAR KISKALE 33VP           	BIERES                        	BIERE 20/25/33/35CL VP        	5978	1.89248395443	2	2
VERRE DEBAUCHE 25CL           	ARTICLES DIVERS               	VERRERIE                      	5981	2.535000061989	168	2
VERRE DEBAUCHE 50CL           	ARTICLES DIVERS               	VERRERIE                      	5982	3	168	2
GUE DES MOINES GAME OVER 20L  	BIERES                        	BIERE FUT 20L                 	5996	3.4	60	2
VITRINE REFRIGEREE 2 PORTES   	MATERIELS                     	MATERIEL VENTE                	6015	1600	2	2
ARRIERE DE BAR VITRE 3 PORTES 	MATERIELS                     	MATERIEL VENTE                	6016	1000	2	2
CYCLIC XINO XANO  75VP        	BIERES                        	BIERE 75VP                    	6035	5.54399974823	3	2
LOT FOUET EXTRA ANDALOU 3X180G	ARTICLES DIVERS               	TERRINE - BOCAUX - SAUCIS-FROM	6042	8.7	0	3
DOUGALLS TRES MARES 33VP      	BIERES                        	BIERE 20/25/33/35CL VP        	6058	1.610400037766	0	2
ORGASMIK ROSÉ ANJOU 75CL      	VINS CAVE UNIQUEMENT          	ANJOU                         	6073	5.7375	133	2
ANJOU LES CABERNETS ROUGE 75CL	VINS CAVE UNIQUEMENT          	ANJOU                         	6076	6.007499742508	47	2
LES ONILLONNES BLANC LIQ 75CL 	VINS                          	ANJOU                         	6077	6.370000123978	3	2
GRANDE SELECTION LAYON 75CL   	VINS CAVE UNIQUEMENT          	ANJOU                         	6078	8.840000247955	20	2
BUTTE CHEVRIOTTES  2015 75CL  	VINS CAVE UNIQUEMENT          	ANJOU                         	6079	15.08000049591	15	2
WEIHENSTEPHANER VITUS 50VC    	BIERES                        	BIERE 50CL VC                 	6080	2.109750062227	131	2
BIB 5L GAYREL SAUVIGNON       	VINS                          	COTES DU TARN                 	6082	14.725	14	2
CYCLIC DESPELTA NANO 75VP     	BIERES                        	BIERE 75VP                    	6108	4.015000104904	25	2
CYCLIC AMBREE 75VP            	BIERES                        	BIERE 75VP                    	6109	4.619999790192	23	2
CYCLIC SAISON 75VP            	BIERES                        	BIERE 75VP                    	6110	4.55999994278	1	2
PIGGY EROICA 33CL BOITE       	BIERES                        	BIERE 33/44/50 CL CANETTE     	6114	2.03687993288	113	2
PIGGY PICK ME UP 33CL BOITE   	BIERES                        	BIERE 20/25/33/35CL VP        	6120	1.838298046589	32	2
RHUM SANTIAGO DE CUBA 25A 70CL	ALCOOL                        	RHUMS TIERS                   	6136	227.8320007324	2	2
KROMBACHER PILS 30L           	BIERES                        	BIERE FUT 30L                 	6145	2.1001	3390	2
FUZETEA PECHE THE PECHE 25VC  	SOFTS                         	BOISSONS SUCREES VC           	6146	0.95	1560	3
LUPULUS FRUCTUS 33VC          	BIERES                        	BIERE 33CL VC                 	6147	1.775090014935	140	2
LA DEBAUCHE COOL JAZZ 33BTE   	BIERES                        	BIERE 33/44/50 CL CANETTE     	6150	2.12800003171	5	2
CAMPLAZENS ROUGE CANON 75CL   	VINS                          	IGP COTEAUX NARBONNE          	6170	5.4	1	2
BIB 5L LE BON BIB21 CAMPLAZENS	VINS                          	IGP COTEAUX NARBONNE          	6171	17.3	5	2
CORONA EXTRA 6L               	BIERES                        	BIERES FUT 5L/6L/12.5L        	6176	26.7616	0	2
LIQUEUR ITALICUS 70CL         	ALCOOL                        	LIQUEURS CREMES               	6177	31	3	2
CHIPS PARTY 120/125G          	COMPTOIR TERRASSE             	COMPTOIR TERRASSE             	6239	2.651999902725	-3	4
SANGRIA 25CL A 6.90€          	COMPTOIR TERRASSE             	COMPTOIR TERRASSE             	6241	5.74995	0	2
SUPPLEMENT SIROP A 0.30€      	COMPTOIR TERRASSE             	COMPTOIR TERRASSE             	6242	0.1852183248282	-2	4
FUZETEA PECHE 33BTE           	SOFTS                         	BOISSONS SUCREES BTE          	6253	0.7083449810743	866	3
VITRINE REFRIGEREE 3 PORTES   	MATERIELS                     	MATERIELS                     	6257	1600	1	2
CYCLIC WITTY FOOL 22  75VP    	BIERES                        	BIERE 75VP                    	6279	5.265000247955	1	2
BIB 3 L UBY CUB BLANC MOELLEUX	VINS CAVE UNIQUEMENT          	COTES DE GASCOGNE             	6285	16.9	5	2
LIQUEUR AFTER MENTHE 100CL    	ALCOOL                        	LIQUEURS CREMES               	6286	12.16	3	2
LIQUEUR AFTER CITRON 100CL    	ALCOOL                        	LIQUEURS CREMES               	6287	12.16	11	2
COFFRET DEGUSTATION 5X20CL    	ALCOOL                        	LIQUEURS CREMES               	6290	26.50761537552	3	2
EDV VIEILLE PRUNE GAYRAL 70CL 	ALCOOL                        	EAU DE VIE                    	6291	20.8725	8	2
EDV VIEILLE POIRE GAYRAL 70CL 	ALCOOL                        	EAU DE VIE                    	6292	23.5	4	2
EDV MIRABELLE GAYRAL 70CL     	ALCOOL                        	EAU DE VIE                    	6293	29.2	8	2
EDV FRAMBOISE GAYRAL 70CL     	ALCOOL                        	EAU DE VIE                    	6294	29.2	3	2
HYPOCRAS BLANC 75CL           	ALCOOL                        	VINS DE LIQUEUR               	6295	9.19	10	2
BIB 10L GAYREL SAUVIGNON      	VINS                          	COTES DU TARN                 	6296	23.8	13	2
SPRITZ APEROL A 7.90€         	COMPTOIR TERRASSE             	COMPTOIR TERRASSE             	6299	5.65	-3	2
HOPPY ROAD SOIF ! 30L K       	BIERES                        	BIERE FUT 30L                 	6308	4.123937920332	30	2
GARAGE P9 33BTE               	BIERES                        	BIERE 33/44/50 CL CANETTE     	6317	2.337119972706	325	2
BOON OUDE GUEUZE LAB N°9  75VP	BIERES                        	BIERE 75VP                    	6324	6.763104314804	48	2
LUPULUS NEIPA 20L             	BIERES                        	BIERE FUT 20L                 	6325	4.441800978184	200	2
VERRE BASQUELAND              	ARTICLES DIVERS               	VERRERIE                      	6361	2.0125	18	2
BOON KRIEK 37.5VC  X12        	BIERES                        	BIERE 37.5CL                  	6363	2.233116087914	59	2
BETHMALE ENCHANTE             	COMPTOIR TERRASSE             	PLANCHES                      	6366	5.89	0	4
BETHMALE 50 LC VACHE MEULE    	ARTICLES DIVERS               	TERRINE - BOCAUX - SAUCIS-FROM	6397	56.4	2	3
TARTARE TOMATE 1,5KG          	ARTICLES DIVERS               	TERRINE - BOCAUX - SAUCIS-FROM	6398	12.075	0	3
MT SALEVE SANS ALCOOL IPA 33VP	BIERES                        	BIERE 20/25/33/35CL VP        	6412	2.118568096161	92	3
MT SALEVE APO & HIPPO 75VP    	BIERES                        	BIERE 75VP                    	6414	8.032309961319	11	2
MONT SALEVE BLANCHE 75VP      	BIERES                        	BIERE 75VP                    	6415	4.202685070038	-2	2
MT SALEVE CERISE 75VP         	BIERES                        	BIERE 75VP                    	6417	6.927310085297	12	2
MT SALEVE FRUITS ROUGE 75VP   	BIERES                        	BIERE 75VP                    	6419	6.927310085297	11	2
MAGNUM CONVIVIALITE 150CL     	VINS                          	IGP COTEAUX NARBONNE          	6447	9.6	5	2
LA DEBAUCHE CUTE & SOBER 33BTE	BIERES                        	BIERE 33/44/50 CL CANETTE     	6470	1.998000025749	61	3
LA DEBAUCHE SCARLET 33BTE     	BIERES                        	BIERE 33/44/50 CL CANETTE     	6472	2.455200018883	6	2
IPA RATZ 30L                  	BIERES                        	BIERE FUT 30L                 	6473	3.5	930	2
SAXO GOURMANDE                	COMPTOIR TERRASSE             	PLANCHES                      	6478	8.636558741331	-1	4
SCHNEIDER WEIS HELL TAP 1 50VC	BIERES                        	BIERE 50CL VC                 	6479	1.696499937773	157	2
PETITE BRETT 2024  20LK       	BIERES                        	BIERE FUT 20L                 	6490	5.347215092182	20	2
ARGALI ROSE 2023 75CL         	VINS                          	AOC LANGUEDOC                 	6515	11.44000024796	2	2
SLASH MANGO 30L               	BIERES                        	BIERE FUT 30L                 	6516	4.05	1140	2
MT SALEVE  PALE ALE 24L K     	BIERES                        	BIERE FUT 24/25L              	6518	4.5	192	2
MT SALEVE MONDEUSE 75VP       	BIERES                        	BIERE 75VP                    	6523	6.852734827995	21	2
MT SALEVE BLONDE 75VP         	BIERES                        	BIERE 75VP                    	6524	4.501545972824	12	2
IRON BIERE D HIVER 33BTE      	BIERES                        	BIERE 33/44/50 CL CANETTE     	6527	2.263429939747	0	2
GEKKO 7 POETES 44BTE          	BIERES                        	BIERE 33/44/50 CL CANETTE     	6529	3.280046150684	3	2
GEKKO SLINGSHOT 44BTE         	BIERES                        	BIERE 33/44/50 CL CANETTE     	6534	3.537467908859	-14	2
FUET NATURE 100G A EMPORTER   	ARTICLES DIVERS               	TERRINE - BOCAUX - SAUCIS-FROM	6556	1.413999986649	77	3
CHORIZO VELA 150G A EMPORTER  	ARTICLES DIVERS               	TERRINE - BOCAUX - SAUCIS-FROM	6557	2.043999886513	40	3
SUCRE CANNE ST JAMES BLANC 70C	ALIMENTAIRES                  	SUCRE CANNE LIQUIDE           	6561	3.9	32	3
HOPPY ROAD HAZY RIDER 30L K   	BIERES                        	BIERE FUT 30L                 	6562	4.68	0	2
PERONI NASTRO AZZURO 30L      	BIERES                        	BIERE FUT 30L                 	6569	3.19	1800	2
CORB MELVIN CARTON DECORE     	ARTICLES DIVERS               	CORBEILLES - COFFRETS- CARTONS	6572	2.447999954224	0	2
CORB PETRA CARTON NOIR OR     	ARTICLES DIVERS               	CORBEILLES - COFFRETS- CARTONS	6573	2.1	36	2
SOLO DU SAUCISSON S/PLACE     	COMPTOIR TERRASSE             	PLANCHES                      	6587	3.63641492461	-3	4
COFF ST FEUILLIEN NOEL 3X33VC 	BIERES                        	BIERE COFFRET                 	6593	15.15253629684	0	2
CHORIZO VELA 150G S/PLACE     	ARTICLES DIVERS               	TERRINE - BOCAUX - SAUCIS-FROM	6604	3.5	-1	4
SALCHICHON EXTRA PAYSAN 500G  	ARTICLES DIVERS               	TERRINE - BOCAUX - SAUCIS-FROM	6605	7.798000240326	5	3
CH HERITAGE 1ER CRU 150CL BOIS	VINS                          	CHAMPAGNE                     	6633	64.5	0	2
CARTON KRAFT 3 BLLES TRICHET  	ARTICLES DIVERS               	CORBEILLES - COFFRETS- CARTONS	6634	1.95	0	2
INNIS & GUNN CARIBBEAN RUM 30L	BIERES                        	BIERE FUT 30L                 	6635	4.45	390	2
RACLETTE PRESTIGE LC AU KILO  	ARTICLES DIVERS               	TERRINE - BOCAUX - SAUCIS-FROM	6637	14.95	0	3
WHISKY PORT CHARLOTTE 70CL    	ALCOOL                        	WHISKY ECOSSAIS               	6640	58.6	3	2
CRAK PIZZA PILS MARGHERITA 40B	BIERES                        	BIERE 33/44/50 CL CANETTE     	6644	2.247700076103	13	2
CRAK MANSUETO 2024 37.5VP     	BIERES                        	BIERE 37.5CL                  	6648	7.737500071526	0	2
MOBILIER INOX IMMO            	MATERIELS                     	MATERIEL VENTE                	6660	270	1	2
CHATEAU DE LAVAGNAC 2016  75CL	VINS                          	BORDEAUX                      	6664	4.17144010067	150	2
SPUNKY PASSION BERGAMOTE 25BTE	EAUX                          	EAUX BOITE AROMATISEES        	6666	1.560000061989	-89	3
SPUNKY CITRON GINGEMBRE 25BTE 	EAUX                          	EAUX BOITE AROMATISEES        	6667	1.560000061989	165	3
LA TRIBU 2019  75CL           	VINS CAVE UNIQUEMENT          	ANJOU                         	6668	15.46999950409	22	2
MARQUIS DE GILBOURG 75CL      	VINS CAVE UNIQUEMENT          	CREMANT                       	6670	8.7	22	2
MAZET DU LOUP ROUGE   75CL    	VINS                          	PIC SAINT LOUP                	6672	7.14999973774	302	2
CHATEAU MIQUEU ROUGE 75CL     	VINS                          	HAUT MEDOC                    	6674	5.50159983635	82	2
CH BELLEFONT BELCIER 2012 75CL	VINS                          	ST EMILION GD CRU             	6675	11.35160045624	54	2
CH AMOUR 2015 ROUGE 75CL      	VINS                          	MEDOC                         	6676	8.829599761963	23	2
CHAT MONTROC 2014 ROUGE 75CL  	VINS                          	LUSSAC ST EMILION             	6677	7.643219709396	0	2
ST STEFANUS ABBAYE ROUGE 20L  	BIERES                        	BIERE FUT 20L                 	6688	4.408409957886	620	2
FRIGO R600A ARMOIRE POSITIVE  	MATERIELS                     	MATERIELS                     	6690	1249.61	1	6
COGNAC H BY HINE 70CL         	ALCOOL                        	COGNAC                        	6696	34.5	6	2
COF COGNAC HINE RARE +2V 70CL 	ALCOOL                        	COGNAC                        	6700	42.9	4	2
RHUM LA FAVORITE 9A 2012 70CL 	ALCOOL                        	RHUMS DOMS                    	6701	95	1	2
RHUM GELAS BARBADE BLANC 70CL 	ALCOOL                        	RHUMS TIERS                   	6702	28	2	2
RHUM DOS MADERAS SELECCION 70C	ALCOOL                        	RHUMS TIERS                   	6704	38.5	3	2
FAVORITE COEUR CANNE BLANC 70C	ALCOOL                        	RHUMS DOMS                    	6706	22.7	7	2
RH BOTRAN RARE CASK FRENCH 70 	ALCOOL                        	RHUMS TIERS                   	6713	57.8	1	2
RH BOTRAN RESERVA BLANCA 70CL 	ALCOOL                        	RHUMS TIERS                   	6716	19.57	5	2
CHAT LASCOMBES ROUGE 2016 75CL	VINS                          	MARGAUX                       	6722	74.41174983978	4	2
CH MALARTICLAGRAVIERE 2016 75C	VINS                          	PESSAC LEOGNAN                	6723	53.72821884155	1	2
CHAT RIPEAU 2017 ROUGE 75CL   	VINS                          	ST EMILION GD CRU CLASSE      	6727	30.7830904007	3	2
RHUM LA FAVORITE 2013 70CL    	ALCOOL                        	RHUMS DOMS                    	6728	95.4179	2	2
LUPULUS TRIPLE BLONDE 33VC    	BIERES                        	BIERE 33CL VC                 	6740	1.62922000885	633	2
LUPULUS ORGANICUS BIO 33VC    	BIERES                        	BIERE 33CL VC                 	6741	1.803510063887	251	2
EAU ABATILLES PETILL 75VP     	EAUX                          	EAUX VC/VP                    	6745	1.340300023556	0	3
EAU ABATILLES PLATE 75VP      	EAUX                          	EAUX VC/VP                    	6746	1.459900033474	0	3
DAME DE COEUR TRIPLE 20L      	BIERES                        	BIERE FUT 20L                 	6747	3.4	600	2
KROMBACHER PILS PETIT FUT 20L 	BIERES                        	BIERE FUT 20L                 	6773	2.2	4660	2
BIB 5L ISATIS ROUGE           	VINS                          	COTES DU TARN                 	6810	14.625	12	2
CARAVANE BAVARIA 8.6          	MATERIELS                     	MATERIELS                     	6811	7500	0	2
CREMANT AU VERRE 12,5 CL      	VINS AU COMPTOIR              	VINS AU COMPTOIR              	6812	2.776200056076	0	2
LINDEMANS FARO 5°  20L        	BIERES                        	BIERE FUT 20L                 	6818	3.3	20	2
KROMBACHER 0,0% PILS 33VP     	BIERES                        	BIERE 20/25/33/35CL VP        	6826	0.7299360257387	883	3
KROMBACHER PILS 33VP          	BIERES                        	BIERE 20/25/33/35CL VP        	6829	0.729525039196	1181	2
KROMBACHER WEIZEN 50VP        	BIERES                        	BIERE 50/60/66 CL VP          	6830	0.8572499871254	1292	2
EAU ABATILLES PETILLANT 100PET	EAUX                          	EAUX VC/VP                    	6832	0.94	0	3
LINDEMANS FARO 5° 25VC        	BIERES                        	BIERE 25CL VC                 	6833	1.050525000691	435	2
LAUGAR ZALDU 37.5VP           	BIERES                        	BIERE 37.5CL                  	6839	5.228255910873	40	2
LAUGAR SANDAMENDI 37.5VP      	BIERES                        	BIERE 37.5CL                  	6840	4.363655948639	1	2
ARMAGNAC ST VIVANT 70CL       	ALCOOL                        	ARMAGNAC                      	6865	19	7	2
HAPPY DAY ANANAS 100CL BRIQUE 	JUS DE FRUIT                  	JUS DE FRUITS BRIQUES         	6869	2.998519897461	2052	3
HAPPY DAY ORANGE 100CL BRIQUE 	JUS DE FRUIT                  	JUS DE FRUITS BRIQUES         	6870	2.480520057678	478	3
HAPPY DAY POMME 100CL BRIQUE  	JUS DE FRUIT                  	JUS DE FRUITS BRIQUES         	6871	1.813725024462	896	3
RAUCH NECTAR ABRICOT 20VP     	JUS DE FRUIT                  	JUS DE FRUITS VP/VC/PET       	6876	0.6966399848461	394	3
RAUCH ACE 20VP                	JUS DE FRUIT                  	JUS DE FRUITS VP/VC/PET       	6878	0.7357097581565	1154	3
RAUCH ANANAS 20VP             	JUS DE FRUIT                  	JUS DE FRUITS VP/VC/PET       	6879	0.95	2257	3
RAUCH FRAISE 20VP             	JUS DE FRUIT                  	JUS DE FRUITS VP/VC/PET       	6880	0.8187	1008	3
RAUCH MANGUE 20VP             	JUS DE FRUIT                  	JUS DE FRUITS VP/VC/PET       	6881	0.7187	6	3
RAUCH POIRE 20VP              	JUS DE FRUIT                  	JUS DE FRUITS VP/VC/PET       	6884	0.7172	449	3
RAUCH POMME 20VP              	JUS DE FRUIT                  	JUS DE FRUITS VP/VC/PET       	6885	0.7614000141621	2663	3
RAUCH TOMATE 20VP             	JUS DE FRUIT                  	JUS DE FRUITS VP/VC/PET       	6886	0.6634914085507	648	3
BIB 5L ISATIS ROSE            	VINS                          	COTES DU TARN                 	6887	14.625	3	2
MATERIELS DE MANUTENTION      	MATERIELS                     	MATERIELS                     	6890	495.3	6	6
GARAGE INOX OCATA BLUE 30L    	BIERES                        	BIERE FUT 30L                 	6898	3.95	1710	2
BASQ LAIA FARMHOUSE ALE 75VP  	BIERES                        	BIERE 75VP                    	6903	6.327684288025	8	2
MT SALEVE TZARINE 20L K       	BIERES                        	BIERE FUT 20L                 	6933	5.051149940491	20	2
IPA RATZ 75VP                 	BIERES                        	BIERE 75VP                    	6938	3.310636153221	64	2
CRUJI EN FETE                 	COMPTOIR TERRASSE             	PLANCHES                      	6958	7.727348026896	0	4
PUR JUS ORANGE BIO 25VP X15   	JUS DE FRUIT                  	JUS DE FRUITS VP/VC/PET       	6959	1.646449995041	-15	3
PUR JUS POMME BIO 25VP X15    	JUS DE FRUIT                  	JUS DE FRUITS VP/VC/PET       	6960	1.491750049591	0	3
PUR JUS ANANAS BIO 25VP X15   	JUS DE FRUIT                  	JUS DE FRUITS VP/VC/PET       	6961	1.425580072403	14	3
PUR JUS TOMATE BIO 25VP       	JUS DE FRUIT                  	JUS DE FRUITS VP/VC/PET       	6965	1.491750049591	0	3
TONIC BIO VITAMONT 75VP X6    	SOFTS                         	BOISSONS SUCREES VP           	6967	2.635	0	3
GINGER BIO VITAMONT 75VP      	SOFTS                         	BOISSONS SUCREES VP           	6968	2.635	0	3
VERRE GARAGE                  	ARTICLES DIVERS               	VERRERIE                      	6990	1.875	120	2
LA SUPERBE BLONDE 33VP        	BIERES                        	BIERE 20/25/33/35CL VP        	7000	1.605360031128	61	2
VERRE ROTHAUS 50CL            	ARTICLES DIVERS               	VERRERIE                      	7005	2	7	2
VERRE CONIL 28CL              	ARTICLES DIVERS               	VERRERIE                      	7006	1.25	0	2
VERRE CONIL 56CL              	ARTICLES DIVERS               	VERRERIE                      	7007	1.431249976158	0	2
VERRE JEAN PRIMUS 25CL        	ARTICLES DIVERS               	VERRERIE                      	7012	1.25	120	2
VERRE SUPER 8 25CL            	ARTICLES DIVERS               	VERRERIE                      	7013	1.25	360	2
VERRE SUPER 8 50CL            	ARTICLES DIVERS               	VERRERIE                      	7014	2	270	2
SIROP FRAISE GIFFARD 100CL    	SIROP                         	SIROP                         	7017	5.36	17	3
SIROP ANIS GIFFARD 100CL      	SIROP                         	SIROP                         	7018	4.73	4	3
SIROP PECHE GIFFARD 100CL     	SIROP                         	SIROP                         	7019	5.386500012875	118	3
SIROP CARAMEL GIFFARD 100CL   	SIROP                         	SIROP                         	7020	5.822955179215	11	3
SIROP CERISE GIFFARD 100CL    	SIROP                         	SIROP                         	7021	5.85	9	3
SIROP CASSIS GIFFARD 100CL    	SIROP                         	SIROP                         	7022	6.038954973221	6	3
SIROP CITRON GIFFARD 100CL    	SIROP                         	SIROP                         	7023	4.70650498867	103	3
SIROP GRENADINE GIFFARD 100CL 	SIROP                         	SIROP                         	7024	4.309469926357	117	3
SIROP MENTHE GIFFARD 100CL    	SIROP                         	SIROP                         	7025	4.308794975281	43	3
SIROP BUBBLE GUM GIFFARD 100CL	SIROP                         	SIROP                         	7026	5.5	6	3
LIQUEUR ANANAS CARAIBES 70CL  	ALCOOL                        	LIQUEURS CREMES               	7028	15.1	5	2
TERRE FAUVE SOUR BADIANE 33VP 	BIERES                        	BIERE 20/25/33/35CL VP        	7029	2.32663192749	48	2
T FAUVE LA MOUSSE TACHE 33VP  	BIERES                        	BIERE 20/25/33/35CL VP        	7032	2.529252033234	12	2
TERRE FAUVE HARRY PORTER 75VP 	BIERES                        	BIERE 75VP                    	7037	6.323723945618	22	2
APEROL SPRITZ 100CL           	ALCOOL                        	LIQUEURS CREMES               	7038	14.125	12	2
JAFFELIN HTES COTES BEAUNE 75C	VINS                          	BOURGOGNE ROUGE               	7039	17.59758014679	0	2
JAFFELIN POMMARD RGE 2019 75CL	VINS                          	SAINT ESTEPHE                 	7041	33.84758014679	6	2
JAFFELIN SAVIGNY BEAUNES 75CL 	VINS                          	BOURGOGNE ROUGE               	7042	20.19758014679	5	2
JAFFELIN NUITS ST GEORGES 75CL	VINS                          	BOURGOGNE ROUGE               	7043	31.89758014679	10	2
JAFFELIN GEVREY CHAMBERTIN 75C	VINS                          	BOURGOGNE ROUGE               	7044	37.74758014679	18	2
CHAT HAUT MADRAC ROUGE 75CL   	VINS                          	HAUT MEDOC                    	7045	11.29491004944	48	2
JAFFELIN POUILLY FUISSE 75CL  	VINS                          	BOURGOGNE BLANC               	7046	18.89758014679	0	2
CHAT BATAILLEY GD CRU 75CL    	VINS                          	PAUILLAC                      	7047	44.80657806397	22	2
PATE BIERE TRAPPISTE 180G     	ARTICLES DIVERS               	TERRINE - BOCAUX - SAUCIS-FROM	7049	4.407422262263	0	3
PATE ST BERNARDUS 180G        	ARTICLES DIVERS               	TERRINE - BOCAUX - SAUCIS-FROM	7050	4.407422262263	0	3
RILLETTES DE PORC 180G        	ARTICLES DIVERS               	TERRINE - BOCAUX - SAUCIS-FROM	7051	4.4074	0	3
LINDEMANS PECHERESSE 25VC     	BIERES                        	BIERE 25CL VC                 	7061	1.511439967156	13	2
CARAIBOS COCKTAIL MOJITO 100VP	SOFTS                         	BOISSONS SUCREES VP           	7075	3.998279881477	22	3
CARAIBOS NECTAR PLANTEUR 100VP	SOFTS                         	BOISSONS SUCREES VP           	7076	4.355780005455	6	3
CRAK PROSECCO BRUT NATURE 75VP	VINS                          	VIN MOUSSEUX DE QUALITE       	7082	8.9	0	2
CRAK PROSECCO BRUT 75VP       	VINS CAVE UNIQUEMENT          	VIN MOUSSEUX DE QUALITE       	7083	8.25	6	2
VALS EAU PETILLANTE 33VP      	EAUX                          	EAUX VC/VP                    	7085	0.75	-518	3
VALS EAU PETILLANTE 75VP      	EAUX                          	EAUX VC/VP                    	7086	0.9	1241	3
CRISTALINE JUS PECHE 50CL PET 	EAUX                          	EAUX VC/VP                    	7088	0.642464992404	0	3
VALS EAU PETILLANTE 125PET    	EAUX                          	EAUX PET                      	7089	0.55	0	3
NAPPE PAPIER BLANCHE 20X1.20M 	ARTICLES DIVERS               	JETABLES                      	7091	12.37491030693	19	2
IPA RATZ 33VP                 	BIERES                        	BIERE 20/25/33/35CL VP        	7092	1.55583999157	49	2
LINDEMANS FRAMBOISE 1°1 25VC  	BIERES                        	BIERE 25CL VC                 	7094	1.577310037613	297	2
VERRE BRIQUE HOUSE 25CL       	ARTICLES DIVERS               	VERRERIE                      	7116	1.875	0	2
VERRE BRIQUE HOUSE 50CL       	ARTICLES DIVERS               	VERRERIE                      	7117	2.374999970198	0	2
SERVIETTES 2 PLIS BLANCHE X50 	ARTICLES DIVERS               	JETABLES                      	7119	3.438499975205	7	2
FRIELS VINTAGE CIDER 30L      	CIDERS                        	CIDER FUT                     	7136	3.919774949551	0	2
VERRE PERONI 50CL             	ARTICLES DIVERS               	VERRERIE                      	7138	1.5	540	2
VERRE COPERES 50CL            	ARTICLES DIVERS               	VERRERIE                      	7139	1.5	120	2
VERRE ASAHI 25CL              	ARTICLES DIVERS               	VERRERIE                      	7140	1.5	240	2
VERRE ASAHI 50CL              	ARTICLES DIVERS               	VERRERIE                      	7141	1.5	60	2
VERRE MEANTIME JUBILEE 50CL   	ARTICLES DIVERS               	VERRERIE                      	7142	1.5	120	2
BALEA GETARIA BIO SS ALC 33VP 	BIERES                        	BIERES                        	7149	1.966800012589	0	2
CRUJICOQUES CRUJIFROM 205G X12	ARTICLES DIVERS               	TERRINE - BOCAUX - SAUCIS-FROM	7154	7.175999975205	50	3
NIK GOSE BANANAS DE LUXE 33BTE	BIERES                        	BIERE 33/44/50 CL CANETTE     	7160	4.256280112267	204	2
DUCKPOND NAZARE 33BTE         	BIERES                        	BIERE 33/44/50 CL CANETTE     	7165	4.025604028702	16	2
HAPPY DAY FRAISE 100CL BRIQUE 	JUS DE FRUIT                  	JUS DE FRUITS BRIQUES         	7169	2.084669923782	117	3
HAPPY DAY FRUIT PASSION 100CL 	JUS DE FRUIT                  	JUS DE FRUITS BRIQUES         	7170	2.398819602919	0	3
HAPPY DAY GOYAVE 100CL BRIQUE 	JUS DE FRUIT                  	JUS DE FRUITS BRIQUES         	7171	1.919969952107	139	3
RAUCH ORANGE PULPE 20VP       	JUS DE FRUIT                  	JUS DE FRUITS VP/VC/PET       	7175	0.84	1723	3
VERRE RAUCH 20CL              	ARTICLES DIVERS               	VERRERIE                      	7177	1.8	72	2
CARTE DES BOISSONS RAUCH      	ARTICLES DIVERS               	ART. PUB.                     	7178	3.6	1020	2
PLATEAU RAUCH PLASTIQUE NOIR  	ARTICLES DIVERS               	ART. PUB.                     	7179	4.8	240	2
STYLO RAUCH                   	ARTICLES DIVERS               	ART. PUB.                     	7180	1.8	600	2
PORTE CLE JAUNE RAUCH         	ARTICLES DIVERS               	ART. PUB.                     	7181	1.2	300	2
VITRINE REFRIGEREE RAUCH GF   	MATERIELS                     	MATERIEL VENTE                	7182	958.8	2	6
POIGNEE OU ROBINET L2PI       	MATERIELS                     	MATERIEL VENTE                	7190	5	2	2
SIROP ORGEAT GIFFARD 100CL    	SIROP                         	SIROP                         	7191	4.954500102997	6	3
VERRE STAR CUP 25CL X6        	ARTICLES DIVERS               	VERRERIE                      	7193	1.604125052691	114	2
SOUS BOCKS KROMBACHER X480    	ARTICLES DIVERS               	ART. PUB.                     	7194	7.875000238419	0	2
PARASOL PREMIUM 2M KROMBACHER 	MATERIELS                     	MATERIEL VENTE                	7195	30.45000076294	8	2
PIED DE PARASOL KROMBACHER    	MATERIELS                     	MATERIEL VENTE                	7196	28.75	4	2
TABLE BEER PONG KROMBACHER    	MATERIELS                     	MATERIEL VENTE                	7197	140	0	2
LUPULUS HOPERA 33VC           	BIERES                        	BIERE 33CL VC                 	7198	1.786835062504	304	2
LUPULUS BLANCHE 33VC          	BIERES                        	BIERE 33CL VC                 	7199	1.545048079491	199	2
VERRE RATZ 50CL               	ARTICLES DIVERS               	VERRERIE                      	7200	2.27999997139	1332	2
FUET NOISETTES 100G A EMPORTER	ARTICLES DIVERS               	TERRINE - BOCAUX - SAUCIS-FROM	7201	1.61	43	3
FUET SANGLIER 100G A EMPORTER 	ARTICLES DIVERS               	TERRINE - BOCAUX - SAUCIS-FROM	7202	1.61	42	3
SALCHICHON EXTRA PAYSAN 300G  	ARTICLES DIVERS               	TERRINE - BOCAUX - SAUCIS-FROM	7203	5.049000012875	0	3
SALCHICHON EXTRA P 300G S/PLAC	ARTICLES DIVERS               	TERRINE - BOCAUX - SAUCIS-FROM	7204	7.347999811173	0	4
GIN AMRUT NILGIRIS 70CL       	ALCOOL                        	GIN                           	7217	22	5	2
STE CRU CHERRY MECANIQUE 33VP 	BIERES                        	BIERE 20/25/33/35CL VP        	7219	2.010161979199	18	2
MACH A GLACONS CREUX 25KG/24H 	MATERIELS                     	MATERIELS                     	7233	1890	0	2
LA MUETTE MUSSE BOCAGE 33VP   	BIERES                        	BIERE 20/25/33/35CL VP        	7252	1.884564056397	0	2
LA MUETTE MUSSE IPA 33VP      	BIERES                        	BIERE 20/25/33/35CL VP        	7253	2.164799981117	72	2
RAUCH ANANAS COCO S/PLACE 20CL	JUS DE FRUIT                  	JUS DE FRUITS VP/VC/PET       	7263	2	0	4
CRODINO 17.5CL X24            	SOFTS                         	BOISSONS SUCREES VP           	7264	1.183000034094	96	3
RAUCH POMME S/PLACE 20CL      	JUS DE FRUIT                  	JUS DE FRUITS VP/VC/PET       	7267	2	0	4
VERRE CRODINO 43CL            	ARTICLES DIVERS               	VERRERIE                      	7272	2.27999997139	48	2
VERRE APEROL SPRITZ 45CL      	ARTICLES DIVERS               	VERRERIE                      	7273	2.27999997139	150	2
VERRE CAMPARI SPRTIZ 58CL     	ARTICLES DIVERS               	VERRERIE                      	7274	2.27999997139	36	2
PARASOL KROMBACHER 400/8      	MATERIELS                     	MATERIEL VENTE                	7276	456.5000152588	4	2
SPUNKY FRAMBOISE PECHE 25BTE  	EAUX                          	EAUX BOITE AROMATISEES        	7289	1.560000061989	217	3
M SALEVE SOUR GINGEMBRE 75CL  	BIERES                        	BIERE 75VP                    	7312	5.029332103729	4	2
MT SALEVE NOUVEAUX MONDES 75CL	BIERES                        	BIERE 75VP                    	7313	4.818000125885	2	2
MONT SALEVE MADEMOISELLE 75VP 	BIERES                        	BIERE 75VP                    	7314	4.748831014633	-1	2
ASAHI SUPER DRY 5° 16L        	BIERES                        	BIERE FUT 16L/19,5L           	7335	3.55	528	2
IPA EFFET PAPILLON 30L INOX   	BIERES                        	BIERE FUT 30L                 	7337	3.85	330	2
VERRE EFFET PAP 25/33CL       	ARTICLES DIVERS               	VERRERIE                      	7351	2.304500031471	0	2
VERRE EFFET PAP 50CL          	ARTICLES DIVERS               	VERRERIE                      	7352	2.854500031471	0	2
SOUS BOCKS X1000  PDTS ASAHI  	ARTICLES DIVERS               	ART. PUB.                     	7353	14.4	15	2
VERRE ST STEFANUS 25CL        	ARTICLES DIVERS               	VERRERIE                      	7354	1.6	48	2
VERRE ST STEFANUS 50CL        	ARTICLES DIVERS               	VERRERIE                      	7355	1.6	60	2
VERRE MEANTIME 25CL           	ARTICLES DIVERS               	VERRERIE                      	7356	1.67999997139	150	2
VERRE MEANTIME 50CL           	ARTICLES DIVERS               	VERRERIE                      	7357	2.15999994278	60	2
MUSCAT RIVESALTES DLT 75CL    	VINS                          	MUSCAT                        	7358	6.1	28	2
ROSE OF THE TIGER 75CL        	VINS                          	COMTE TOLOSAN                 	7361	5.129999935627	42	2
GAMAY SANS MA GRIFFE 75CL     	VINS                          	COMTE TOLOSAN                 	7362	9.180000257492	0	2
BYAKKO BLANC DE NOIR 75CL     	VINS                          	COMTE TOLOSAN                 	7363	10.8	18	2
FUET AIL 100G A EMPORTER      	ARTICLES DIVERS               	TERRINE - BOCAUX - SAUCIS-FROM	7379	1.61	0	3
FUET BASILIC 100G A EMPORTER  	ARTICLES DIVERS               	TERRINE - BOCAUX - SAUCIS-FROM	7381	1.61	0	3
TAPIS DE BAR KROMBACHER       	ARTICLES DIVERS               	ART. PUB.                     	7383	7.875000238419	-1	2
KIRSCH GUIGNOLET 100CL        	ALCOOL                        	LIQUEURS CREMES               	7400	7.925000190735	0	2
HAPPY DAY CRANBERRY 100CL     	JUS DE FRUIT                  	JUS DE FRUITS BRIQUES         	7401	2.304150044918	358	3
HAPPY DAY TOMATE 100CL BRIQUE 	JUS DE FRUIT                  	JUS DE FRUITS BRIQUES         	7402	1.820560026169	0	3
RATZ TRIPLE 8°5 30L           	BIERES                        	BIERE FUT 30L                 	7403	3.18	420	2
TABLE DISPLAY HAPPY DAY       	ARTICLES DIVERS               	ART. PUB.                     	7405	3	60	2
CASQUETTE VIP                 	ARTICLES DIVERS               	ART. PUB.                     	7406	18	120	2
POLO NOIR XL HOMME            	ARTICLES DIVERS               	ART. PUB.                     	7407	18	60	2
BEACH BAG HAPPY DAY           	ARTICLES DIVERS               	ART. PUB.                     	7408	9.6	6	2
BOTTLE BOB RAUCH              	ARTICLES DIVERS               	ART. PUB.                     	7409	9.6	150	2
PARASOL RAUCH                 	ARTICLES DIVERS               	ART. PUB.                     	7410	26	0	2
RAUCH RAISIN ROUGE 20VP       	JUS DE FRUIT                  	JUS DE FRUITS VP/VC/PET       	7413	0.6145199820399	0	3
CUVEE DES TROLLS 33VC         	BIERES                        	BIERE 33CL VC                 	7420	1.338785040379	542	2
LE DETOUR HOPSTAND 75VP X12   	BIERES                        	BIERE 75VP                    	7423	4.31	61	2
LE DETOUR DARK PEATED 33VP    	BIERES                        	BIERE 20/25/33/35CL VP        	7424	2.158067965508	11	2
LE DETOUR HOPSTAND 33VP       	BIERES                        	BIERE 20/25/33/35CL VP        	7425	2.120844082832	0	2
LE DETOUR MANGO 33VP          	BIERES                        	BIERE 20/25/33/35CL VP        	7426	2.159123983383	87	2
LE DETOUR PASSION FRUIT 33VP  	BIERES                        	BIERE 20/25/33/35CL VP        	7427	2.193179969788	118	2
LE DETOUR MANGO 75VP X6       	BIERES                        	BIERE 75VP                    	7428	4.508328037262	23	2
LE DETOUR MANGO 30L INOX      	BIERES                        	BIERE FUT 30L                 	7430	4.38	30	2
LE DETOUR HOPSTAND 30L INOX   	BIERES                        	BIERE FUT 30L                 	7431	4	0	2
PAPIER MOUSSELINE BDX UNITE   	ARTICLES DIVERS               	CORBEILLES - COFFRETS- CARTONS	7434	0.1250009934157	480	2
COFF NEW YORK CARTON 1 BLLE   	ARTICLES DIVERS               	CORBEILLES - COFFRETS- CARTONS	7435	1.302000010014	45	2
COFF NEW YORK CARTON 2 BLLES  	ARTICLES DIVERS               	CORBEILLES - COFFRETS- CARTONS	7436	2.755999851227	0	2
COFF NEW YORK CARTON 3 BLLES  	ARTICLES DIVERS               	CORBEILLES - COFFRETS- CARTONS	7437	3.211000037193	0	2
CRACHOIR MINI BACCHUS         	ARTICLES DIVERS               	CORBEILLES - COFFRETS- CARTONS	7438	8.190000247955	0	2
SAC ESPRIT ECO PAPIER KRAFT   	ARTICLES DIVERS               	CORBEILLES - COFFRETS- CARTONS	7439	0.5459999829531	100	2
DEB DEMI MONDAINE RHUM 33CL   	BIERES                        	BIERE 20/25/33/35CL VP        	7444	4.224000062943	2	2
CALEYA TOO YOUNG TOO DIE 44BTE	BIERES                        	BIERE 33/44/50 CL CANETTE     	7454	3.054083948135	0	2
FEVER TREE TONIC WATER 50CL VP	SOFTS                         	BOISSONS SUCREES VP           	7458	2.778633878231	122	3
TENUTA BEMBO X CRAK 33CL      	BIERES                        	BIERE 33/44/50 CL CANETTE     	7463	2.322999978066	0	2
DEBAUCHE CINDY BUNNY 30L INOX 	BIERES                        	BIERE FUT 30L                 	7487	3.955908050537	30	2
DEBAUCHE DOUBLE BELGE 30L INOX	BIERES                        	BIERE FUT 30L                 	7488	3.67	180	2
PIGGY BROWN FOX 30L K         	BIERES                        	BIERE FUT 30L                 	7498	4.45	60	2
VERRE PIGGY                   	ARTICLES DIVERS               	VERRERIE                      	7500	1.65	72	2
SOUS BOCKS PIGGY              	ARTICLES DIVERS               	ART. PUB.                     	7501	5.5	3	2
CHIPS DE SARRAZIN 120G        	ARTICLES DIVERS               	BISCUITS - CHOCOLATS - CHIPS  	7505	3.077999961376	7	3
CHIPS PESTO 125G              	ARTICLES DIVERS               	BISCUITS - CHOCOLATS - CHIPS  	7506	2.011500012875	32	3
CHIPS ROQUEFORT 100G          	ARTICLES DIVERS               	BISCUITS - CHOCOLATS - CHIPS  	7507	2.061499936581	12	3
JAMBON CENTRO GRAN RESERVA    	ARTICLES DIVERS               	TERRINE - BOCAUX - SAUCIS-FROM	7519	20.28000049591	0	3
META ALL MY CIRCUITS 75CL VP  	BIERES                        	BIERE 75VP                    	7521	5.34600025177	3	2
META KOKY 75CL VP             	BIERES                        	BIERE 75VP                    	7527	7.26	0	2
CAIRANNE LE VENTABREN RGE 75CL	VINS CAVE UNIQUEMENT          	COTES DU RHONE                	7540	9.85	2	2
DE RANKE GRAPEVINE 75VC       	BIERES                        	BIERE 75VC                    	7544	8.934609866142	33	2
PANNEPOT VINTAGE 2022  33VP   	BIERES                        	BIERE 20/25/33/35CL VP        	7545	2.567268047333	36	2
LA SENNE BRUXELLENSIS 33VC    	BIERES                        	BIERE 33CL VC                 	7548	2.038949947357	116	2
VERRE BONS VOEUX DUPONT 33CL  	ARTICLES DIVERS               	VERRERIE                      	7549	2	0	2
CHOPE GILDENBIER              	ARTICLES DIVERS               	VERRERIE                      	7550	2.040000057221	48	2
TAPIS DE BAR PRIMUS           	ARTICLES DIVERS               	ART. PUB.                     	7551	7.875000238419	4	2
SIROP FRAMBOISE GIFFARD 100CL 	SIROP                         	SIROP                         	7554	6.072705101967	17	3
SIROP MANGUE GIFFARD 100CL    	SIROP                         	SIROP                         	7555	5.95	7	3
SIROP KIWI GIFFARD 100CL      	SIROP                         	SIROP                         	7556	5.7	0	3
SIROP VANILLE GIFFARD 100CL   	SIROP                         	SIROP                         	7558	6.6	9	3
SIROP GINGEMBRE GIFFARD 100CL 	SIROP                         	SIROP                         	7559	5.85	7	3
SIROP SAVEUR RHUM GIFFARD 100C	SIROP                         	SIROP                         	7560	5.9	4	3
EFFET PAP DOUBLE BELGE 75VP   	BIERES                        	BIERE 75VP                    	7562	3.80173201561	69	2
EFFET PAP DOUBLE BELGE 33VP   	BIERES                        	BIERE 20/25/33/35CL VP        	7564	1.961819976568	103	2
WH ROZELIEURES SUBTIL 70CL    	ALCOOL                        	WHISKY                        	7566	29.9	12	2
WH ROZELIEURES EXCEPTION 70CL 	ALCOOL                        	WHISKY                        	7567	42.2	1	2
WHISKY COPPER DOG 70CL        	ALCOOL                        	WHISKY ECOSSAIS               	7569	21	6	2
WH TOMATIN 12A MONBAZILLAC 70C	ALCOOL                        	WHISKY ECOSSAIS               	7570	69.05	0	2
GIN CACAO ETHICAL SPIRITS 50CL	ALCOOL                        	GIN                           	7574	27	2	2
TETE DE BELIER RGE 2020 300CL 	VINS                          	AOC LANGUEDOC                 	7579	156	0	2
WHISKY BORDERS MALT & RYE 70CL	ALCOOL                        	WHISKY ECOSSAIS               	7583	31.4	1	2
CHATEAU DE LAVAGNAC 2018  75CL	VINS                          	BORDEAUX                      	7584	5.344919872284	132	2
LE PETIT MENUTS ROUGE 75CL    	VINS                          	SAINT EMILION                 	7585	7.869554901123	56	2
CHATEAU FORT LIGNAC ROUGE 75CL	VINS                          	HAUT MEDOC                    	7586	6.114555287361	74	2
CHATEAU DE CALLAC ROUGE 75CL  	VINS                          	GRAVES ROUGES                 	7587	6.924555158615	83	2
LA DEVISE DE LILIAN ROUGE 75CL	VINS                          	SAINT ESTEPHE                 	7588	13.3333	223	2
MAGNUM CHANT DES ROCHES 150CL 	VINS CAVE UNIQUEMENT          	PIC ST LOUP                   	7591	36.36900072098	3	2
SAKE KAMOIZUMI ZOKA 72CL      	ALCOOL                        	ALCOOL DE RIZ                 	7592	18.5	2	2
LIQUEUR YUZUSHU SEKITOBA 72CL 	ALCOOL                        	LIQUEURS CREMES               	7593	20.55	2	2
RHUM EL PROHIBIDO 15A 70CL    	ALCOOL                        	RHUMS TIERS                   	7595	29.95	2	2
COFF WH ELIJAH CRAIG +2V 70CL 	ALCOOL                        	WHISKY IRLANDAIS              	7599	35.9	4	2
COF WH THE BUSKER + 2V 70CL   	ALCOOL                        	WHISKY IRLANDAIS              	7605	32	4	2
WH VILANOVA TERROCITA 70CL    	ALCOOL                        	WHISKY                        	7608	42.8	0	2
WH VILANOVA ARGILE 70CL       	ALCOOL                        	WHISKY                        	7609	42.8	4	2
WH VILANOVA GILBERT SIGNAT 70C	ALCOOL                        	WHISKY                        	7610	48.4	3	2
RH DON PAPA BAROKO   20CL     	ALCOOL                        	RHUMS TIERS                   	7613	12.9	9	2
JAGERMEISTER MANIFEST 38° 50CL	ALCOOL                        	LIQUEURS CREMES               	7622	18	0	2
SAMBUCA MOLINARI EXTRA 70CL   	ALCOOL                        	LIQUEURS CREMES               	7623	16.3	11	2
LIQUEUR CHERRY HEERING 70CL   	ALCOOL                        	LIQUEURS CREMES               	7624	19	1	2
GIN FERDINAND S SAAR 50CL     	ALCOOL                        	GIN                           	7625	27.6	4	2
COFF GIN FERDINAND S 50CL+ 2V 	ALCOOL                        	GIN                           	7626	27.6	2	2
GIN SUL 50CL                  	ALCOOL                        	GIN                           	7627	27.6	4	2
COF GIN BLOSSOM GD RES 70CL+2V	ALCOOL                        	GIN                           	7628	28.9	2	2
WH BUNNAHABHAIN 12A 70CL      	ALCOOL                        	WHISKY ECOSSAIS               	7629	52.5	2	2
WHISKY MIYAGIKYO 70CL         	ALCOOL                        	WHISKY ECOSSAIS               	7630	45	0	2
VERMOUTH DEL PROFESSORE 75CL  	ALCOOL                        	VERMOUTHS                     	7631	26	2	2
WHISKY MACARTHUR S 70CL       	ALCOOL                        	WHISKY                        	7632	12.2	0	2
COF WH THE EPICUREAN + 2V 70CL	ALCOOL                        	WHISKY                        	7634	29.8	1	2
WHISKY LEFORT 70CL            	ALCOOL                        	WHISKY                        	7636	19.2	2	2
WH LAGOMORPHE TERRES ST V 70CL	ALCOOL                        	WHISKY                        	7638	39.9	0	2
DEBAUCHE IPA 30L INOX         	BIERES                        	BIERE FUT 30L                 	7639	3.82	720	2
PATE DEBAUCHE NEVERMORE 180G  	ARTICLES DIVERS               	TERRINE - BOCAUX - SAUCIS-FROM	7640	3.977999854088	132	3
BOUCHONS VINOLOK CRISTAL      	ARTICLES DIVERS               	CARAFES + ART VINS SPIRITUEUX 	7648	2.22600004673	0	2
SUPERBE PARADISCO 30L KK      	BIERES                        	BIERE FUT 30L                 	7650	4.65	30	2
COF A WHISKY 70CL+2V GLENCAIRN	ARTICLES DIVERS               	CORBEILLES - COFFRETS- CARTONS	7653	11.7	0	2
SUPERBE PARADISCO 44CL BTE    	BIERES                        	BIERE 33/44/50 CL CANETTE     	7666	2.919744102955	94	2
KROMBACHER WEIZEN 30L FUT INOX	BIERES                        	BIERE FUT 30L                 	7675	2.4	720	2
JAGERMEISTER 35 CL            	ALCOOL                        	LIQUEURS CREMES               	7677	8.6	0	2
CLOS DES COCUS 2017 75CL      	VINS CAVE UNIQUEMENT          	ANJOU                         	7678	21.31999950409	22	2
FUZETEA PECHE 125CL PET       	SOFTS                         	BOISSONS SUCREES PET          	7679	2.068320035934	78	3
POWERADE ICE STORM 50CLPET    	SOFTS                         	BOISSONS SUCREES PET          	7681	1.299344977737	0	3
CAMBIER NEW FRENCH IPA 44BTE  	BIERES                        	BIERE 33/44/50 CL CANETTE     	7688	3.213545897007	0	2
RAUCH JUS CITRON JAUNE 100 PET	JUS DE FRUIT                  	JUS DE FRUITS BRIQUES         	7690	2.95	93	3
GROLSCH WEIZENBIER 19,5L      	BIERES                        	BIERE FUT 16L/19,5L           	7692	65.3	48	2
MT SALEVE MADEMOISELLE 33CL   	BIERES                        	BIERE 20/25/33/35CL VP        	7711	2.363387055397	43	2
LE ROSE BIO LONGUEROCHE 75CL  	VINS                          	CORBIERES BLLE                	7728	6.682499742508	-6	2
VERRE PAULANER 50CL           	ARTICLES DIVERS               	VERRERIE                      	7739	2	6	2
VERRE WEIHENSTEPHAN VITUS     	ARTICLES DIVERS               	VERRERIE                      	7740	2	6	2
TROPICO ORIGINAL 33BTE        	SOFTS                         	BOISSONS SUCREES BTE          	7750	0.78	0	3
KROMBACHER DUNKEL AMBRÉE 30L  	BIERES                        	BIERE FUT 30L                 	7751	2.4	510	2
CRUCHE CHOPE EXCLUSIVE 50CL   	ARTICLES DIVERS               	ART. PUB.                     	7759	2.339999938011	0	2
CHOPE 1L AVEC ANSES STRASBOURG	ARTICLES DIVERS               	ART. PUB.                     	7760	3.895750045776	0	2
STYLO A BILLE                 	ARTICLES DIVERS               	ART. PUB.                     	7762	0.4500000178814	0	2
CHEMISE POLO KROMBACHER XL    	ARTICLES DIVERS               	ART. PUB.                     	7763	11.475	4	2
ENSEIGNE METAL VINTAGE        	MATERIELS                     	MATERIEL VENTE                	7764	12.37499952316	0	2
PLAQUE METALLIQUE KROMBACHER  	MATERIELS                     	MATERIEL VENTE                	7765	12.37499952316	-2	2
CARNET DE NOTE KROMBACHER     	ARTICLES DIVERS               	ART. PUB.                     	7766	12.5	0	2
PORTE SOUS BOCK BOIS KROMB    	ARTICLES DIVERS               	ART. PUB.                     	7767	6.52499973774	0	2
HOPPY ROAD POW WOW 33CL BTE   	BIERES                        	BIERE 33/44/50 CL CANETTE     	7770	2.021084994078	144	2
FEVER TREE GINGER BEER 50CL VP	SOFTS                         	BOISSONS SUCREES VP           	7772	2.778771064282	73	3
VERRE DETOUR 56CL             	ARTICLES DIVERS               	VERRERIE                      	7776	3.995999908447	96	2
EFFET PAPILLON PILS 33VP      	BIERES                        	BIERE 20/25/33/35CL VP        	7777	1.569399930239	88	2
EFFET PAPILLON NEIPA 33VP     	BIERES                        	BIERE 20/25/33/35CL VP        	7778	2.101400057077	93	2
EFFET PAP WHEAT ALE 33VP X12  	BIERES                        	BIERE 20/25/33/35CL VP        	7779	1.972800078392	135	2
EFFET PAPILLON NEIPA 75VP     	BIERES                        	BIERE 75VP                    	7780	4.396000146866	59	2
EFFET PAPILLON PILS 75VP      	BIERES                        	BIERE 75VP                    	7781	3.799884023666	74	2
DEBAUCHE HAZY DIAMOND 30L INOX	BIERES                        	BIERE FUT 30L                 	7787	4.6	210	2
ST GERMAIN 70CL               	ALCOOL                        	LIQUEURS CREMES               	7791	34.11438858032	1	2
CABEZA DE LOMO                	ARTICLES DIVERS               	TERRINE - BOCAUX - SAUCIS-FROM	7807	22.36000099182	0	3
SIROP VIOLETTE GIFFARD 100CL  	SIROP                         	SIROP                         	7809	5.8	18	3
JACK DANIELS HONEY 70CL       	ALCOOL                        	BOURBON                       	7810	20.75840053558	5	2
FUET CANARD 100G A EMPORTER   	ARTICLES DIVERS               	TERRINE - BOCAUX - SAUCIS-FROM	7811	1.61	6	3
RAUCH JUS CITRON VERT 100CL   	JUS DE FRUIT                  	JUS DE FRUITS BRIQUES         	7813	2.95	0	3
COF WH TOKINOKA +2 VERRES 50CL	ALCOOL                        	WHISKY                        	7828	29	4	2
RHUM DOS MADERAS 5+3  70CL    	ALCOOL                        	RHUMS TIERS                   	7829	25.1	4	2
TEQUILA CORRALEJO REPOSADO 70C	ALCOOL                        	TEQUILA                       	7832	27	2	2
RHUM ANGOSTURA 1824 70CL      	ALCOOL                        	RHUMS TIERS                   	7833	43.4	3	2
RHUM ANGOSTURA 1787  70CL     	ALCOOL                        	RHUMS TIERS                   	7834	59.9	1	2
CROQUE MUSICAL                	COMPTOIR TERRASSE             	PLANCHES                      	7840	6	-4	4
OGEU GAZEUSE 33CL VC X20      	EAUX                          	EAUX VC/VP                    	7846	0.9341999620199	51	3
L'INTENSE OGEU CANETTE 33BTE  	EAUX                          	EAUX BTE                      	7847	0.55	0	3
OGEU GAZEUSE 75CL VP          	EAUX                          	EAUX VC/VP                    	7848	1.667952953577	421	3
DETOUR PASSION BERLINER 30L KK	BIERES                        	BIERE FUT 30L                 	7849	4.75	0	2
PLAISIR DU JOUR BLANC 75CL    	VINS                          	PIC ST LOUP                   	7854	7.4	0	2
LIMONADE OGEU 100 CL PET      	SOFTS                         	BOISSONS SUCREES PET          	7855	0.8901899814606	1182	3
KASKAD GINGER PET 1L          	SOFTS                         	BOISSONS SUCREES VP           	7856	1.726919943094	209	3
KASKAD TONIC ORIG PET 1L      	SOFTS                         	BOISSONS SUCREES VP           	7857	1.53913500309	115	3
OGEU EAU PLATE 75VP           	EAUX                          	EAUX VC/VP                    	7873	1.667952953577	576	3
KROMBACHER PILS 50CL VP X12   	BIERES                        	BIERE 50/60/66 CL VP          	7874	0.8667000263929	0	2
VERRE SINUS 50CL              	ARTICLES DIVERS               	VERRERIE                      	7875	2.291630125046	30	2
T SHIRT UNISEX KROMB XXL      	ARTICLES DIVERS               	ART. PUB.                     	7877	13.225	0	2
T SHIRT UNISEX KROMB XXXL     	ARTICLES DIVERS               	ART. PUB.                     	7878	13.225	-5	2
TRANSAT KROMBACHER            	ARTICLES DIVERS               	ART. PUB.                     	7879	22.55	-2	2
PLAID KROMBACHER              	ARTICLES DIVERS               	ART. PUB.                     	7880	26.62000083923	0	2
UPSIDE DOWN HARRY IPA 19,5L   	BIERES                        	BIERE FUT 16L/19,5L           	7882	79.5	27	2
HOPPY ROAD BRUTAL MONKEY 33CL 	BIERES                        	BIERE 33/44/50 CL CANETTE     	7887	2.167020070553	123	2
HOPPY ROAD BRUTAL MONKEY 30L  	BIERES                        	BIERE FUT 30L                 	7888	5.037794923782	0	2
GDM SUPER SOUR FRAMBOISE 20L  	BIERES                        	BIERE FUT 20L                 	7896	3.962485084534	240	2
PARALLELE IPA 33CL            	BIERES                        	BIERE 20/25/33/35CL VP        	7909	2.050205020905	169	3
PARALLELE BLANCHE 33CL        	BIERES                        	BIERE 20/25/33/35CL VP        	7910	2.050205020905	25	3
PARALLELE BLONDE 33CL         	BIERES                        	BIERE 20/25/33/35CL VP        	7911	2.050067998171	66	3
PARALLELE HOUBLONADE 33CL     	EAUX                          	EAUX BOITE AROMATISEES        	7912	1.767703016996	3	3
FEVER PINK GRAPEFRUIT 20 CL VP	SOFTS                         	BOISSONS SUCREES VP           	7913	1.149018995166	9	3
GINGER ALE FEVER TREE 20CL    	SOFTS                         	BOISSONS SUCREES VP           	7914	1.149018995166	151	3
RHUM CAPTAIN MORGAN 70CL      	ALCOOL                        	RHUMS TIERS                   	7915	12.01007995606	0	2
CAMBIER FRUITS ROUGES 44CL BTE	BIERES                        	BIERE 33/44/50 CL CANETTE     	7918	4.087223119736	0	2
META ERBI BEGI 75CL VP        	BIERES                        	BIERE 75VP                    	7925	7.315	7	2
EFFET PAP BRETT COING 33CL    	BIERES                        	BIERE 20/25/33/35CL VP        	7926	3.541999959946	5	2
WHISKY BOWMORE 12A 70CL       	ALCOOL                        	WHISKY ECOSSAIS               	7931	33.50120669708	6	2
RHUM NEISSON LE VIEUX 70CL    	ALCOOL                        	RHUMS TIERS                   	7933	52.5	0	2
BASQUELAND HERO HAZY IPA 33CL 	BIERES                        	BIERE 33/44/50 CL CANETTE     	7938	2.082399973869	81	3
STIGBERGETS EXISTENS 44CL     	BIERES                        	BIERE 33/44/50 CL CANETTE     	7946	3.377294898033	0	2
STIGBERGETS ALBATROS 44CL     	BIERES                        	BIERE 33/44/50 CL CANETTE     	7948	3.751471116543	14	2
STIGBER NEW AND IMPROVED 44CL 	BIERES                        	BIERE 33/44/50 CL CANETTE     	7950	3.377294898033	0	2
STIG APA AMARILLO CITRA 33BTE 	BIERES                        	BIERE 33/44/50 CL CANETTE     	7951	2.252205044031	-1	2
STIGBERGETS WEST COAST 33CL   	BIERES                        	BIERE 33/44/50 CL CANETTE     	7954	2.661224993467	31	2
MACHINE A GLACONS CREUX       	MATERIELS                     	MATERIELS                     	7969	2530	0	2
SAKE RYUSEI NAGOMI 72CL       	ALCOOL                        	ALCOOL DE RIZ                 	7973	19.7997792244	1	2
SAKE ZUIKAN 72CL              	ALCOOL                        	ALCOOL DE RIZ                 	7974	21.11078071594	0	2
GIN BAIGUR SAIGON 70CL        	ALCOOL                        	GIN                           	7975	32.9	6	2
STRAIGHT BOURBON MAKER 70CL   	ALCOOL                        	BOURBON                       	7976	21.77273590088	0	2
CALVADOS COQUEREL C FAUVE 70CL	ALCOOL                        	CALVADOS                      	7978	27	2	2
GRAPES OF THE TIGER BLANC 75CL	VINS                          	COMTE TOLOSAN                 	7981	5.4	10	2
SWEAT A CAPUCHE STREET WEAR   	ARTICLES DIVERS               	ART. PUB.                     	7987	32.15999908447	6	2
VERRE BOTTE 1.5L KROMBACHER   	ARTICLES DIVERS               	VERRERIE                      	7989	34.2	0	2
PIED PARASOL KROMB PRISE TERRE	MATERIELS                     	MATERIEL VENTE                	7991	28.57199935913	1	2
PIED PARASOL SOCLE 100X25X14  	MATERIELS                     	MATERIEL VENTE                	7992	40.83599853516	2	2
MIROIR VINTAGE "BRAUHAUS"     	ARTICLES DIVERS               	VERRERIE                      	7993	31.55999908447	0	2
CARTE TABLE A6 ARDOISE BOIS KR	ARTICLES DIVERS               	VERRERIE                      	7994	7.680000114441	0	2
GRAND TAPIS DE BAR            	ARTICLES DIVERS               	ART. PUB.                     	7996	6.119999885559	20	2
OGEU GAZEUSE INTENSE 100CL PET	EAUX                          	EAUX PET                      	7999	0.8689950048924	342	3
ZINNEBIER 33CL VC CAISSE 7€   	BIERES                        	BIERE 33CL VC                 	8011	1.652275031805	238	2
TABLE PIQUE NIQUE EXTERIEUR   	MATERIELS                     	MATERIEL VENTE                	8012	243.3339996338	0	6
LIQUEUR AMARETTO GIFFARD 70CL 	ALCOOL                        	LIQUEURS CREMES               	8016	12	29	2
LIMONCELLO GIFFARD 70CL       	ALCOOL                        	LIQUEURS CREMES               	8017	10.8	5	2
MANZANA GIFFARD 70CL          	ALCOOL                        	LIQUEURS CREMES               	8018	9.8	6	2
AVIATEUR SUPER PUMA 20L INOX  	BIERES                        	BIERE FUT 20L                 	8021	3.593970036507	0	2
AVIATEUR SUPER GUPPY 20L INOX 	BIERES                        	BIERE FUT 20L                 	8022	3.418044118881	220	2
AVIATEUR PETIT PRINCE 20L INOX	BIERES                        	BIERE FUT 20L                 	8023	4.017299890518	140	2
AVIATEUR FIRST FLIGHT 20L INOX	BIERES                        	BIERE FUT 20L                 	8024	3.701435937882	120	2
AVIATEUR SUPER JUMBO 33CL BTE 	BIERES                        	BIERE 33/44/50 CL CANETTE     	8026	1.81453499794	124	2
AVIATEUR SUPER GUPPY 33CL BTE 	BIERES                        	BIERE 33/44/50 CL CANETTE     	8027	1.823310005665	24	2
AVIATEUR PETIT PRINCE 44CL BTE	BIERES                        	BIERE 33/44/50 CL CANETTE     	8033	2.93368499279	42	2
STIG BLACK ALREADY ?  44CL    	BIERES                        	BIERE 33/44/50 CL CANETTE     	8036	5.680999851227	4	2
PICPOUL MAS LAURENT 75CL      	VINS                          	PIC ST LOUP                   	8061	6.45	0	2
STU MOSTOW TROPICAL LOOK      	BIERES                        	BIERE 33/44/50 CL CANETTE     	8064	2.9925	0	2
STU M DELIGHT IS RIGHT 44CL   	BIERES                        	BIERE 33/44/50 CL CANETTE     	8067	2.9925	7	2
STU MOSTOW WRCLW PILS 44CL    	BIERES                        	BIERE 33/44/50 CL CANETTE     	8071	1.995	0	2
SUPERBE TROPICTHUNDER 44CL    	BIERES                        	BIERE 33/44/50 CL CANETTE     	8090	3.868624866009	-1	2
MT SALEVE MICRO NEIPA 33CL    	BIERES                        	BIERE 20/25/33/35CL VP        	8110	2.367224979401	18	2
MONT SALEVE SOUR AMBRE 75CL   	BIERES                        	BIERE 75VP                    	8115	6.318696722984	39	2
VALISETTE BUFFALO 4B 33CL NOIR	ARTICLES DIVERS               	CORBEILLES - COFFRETS- CARTONS	8124	1.187499985099	83	2
POMPE A VIDE WINE SAVER NOIR  	ARTICLES DIVERS               	ARTICLES DE CAVE / BIERE & VIN	8125	10.56249976158	0	2
DISQUE ANTI-GOUTTE VINODISC X3	ARTICLES DIVERS               	ARTICLES DE CAVE / BIERE & VIN	8126	1.825000047684	0	2
VERRE A WHISKY SIMON 15CL     	ARTICLES DIVERS               	VERRERIE                      	8127	4.987500011921	0	2
AERATEUR VERSEUR AUBIN BOITE  	ARTICLES DIVERS               	ARTICLES DE CAVE / BIERE & VIN	8128	10.36249995232	6	2
DE RANKE 3 X X X BITTER 75CL  	BIERES                        	BIERE 75VC                    	8136	5.734820175171	1	2
DETOUR SAISON BIO 33CL        	BIERES                        	BIERE 20/25/33/35CL VP        	8137	2.204740923643	90	2
DETOUR HOPPY PALE ALE 30L     	BIERES                        	BIERE FUT 30L                 	8138	3.718547141552	30	2
AVIATEUR SUPER JUMBO 20L      	BIERES                        	BIERE FUT 20L                 	8141	3.466349959374	60	2
CABANEL MENTHE 70CL           	ALCOOL                        	LIQUEURS CREMES               	8156	13.95	0	2
CABANEL CITRON 70CL           	ALCOOL                        	LIQUEURS CREMES               	8157	14.95	0	2
CABANEL MANDARINE 70CL        	ALCOOL                        	LIQUEURS CREMES               	8158	15.9	0	2
STU MOSTOW HOLY BEANS 33CL    	BIERES                        	BIERE 33/44/50 CL CANETTE     	8161	3.857000126839	0	2
STU MOSTOW SHERRY SHADOW 33CL 	BIERES                        	BIERE 33/44/50 CL CANETTE     	8165	5.665000104904	23	2
STU MOSTOW   WILD 17   37,5CL 	BIERES                        	BIERE 37.5CL                  	8166	4.430999779701	31	2
STU MOSTOW    WILD 18   37,5CL	BIERES                        	BIERE 37.5CL                  	8167	4.430999779701	31	2
MONT SALÈVE MONDEUSE 20L      	BIERES                        	BIERE FUT 30L                 	8183	6.388679089546	60	2
TETE BELIER AOP ROSE 2023 75CL	VINS                          	AOC LANGUEDOC                 	8186	13.68749976158	1	2
DO RE MI                      	COMPTOIR TERRASSE             	PLANCHES                      	8197	6.818291872501	-1	4
STARNBERGER HELL 50CL VC      	BIERES                        	BIERE 50CL VC                 	8198	0.9315999281406	0	2
STIGBERGETS BEARLEY FINE 33CL 	BIERES                        	BIERE 33/44/50 CL CANETTE     	8209	2.493044936657	1	2
STIGBERGETS CHRISTMAS 33CL    	BIERES                        	BIERE 33/44/50 CL CANETTE     	8210	1.685808076859	14	2
CHORIZO 500G S/PLACE          	COMPTOIR TERRASSE             	COMPTOIR TERRASSE             	8213	6.674999713898	-1	4
CAFE GRAIN DUO BRES CONGO 250G	ALIMENTAIRES                  	CAFE                          	8214	6.115200176239	7	3
CAFE GRAIN DUO BRES CONGO 1KG 	ALIMENTAIRES                  	CAFE                          	8215	21.5	4	3
CAFE GRAIN DUO COLOMBIE 250G  	ALIMENTAIRES                  	CAFE                          	8216	6.45	8	3
CAFE GRAIN DUO COLOMBIE 1KG   	ALIMENTAIRES                  	CAFE                          	8217	21.95	12	3
TEQUILA JOSECUERVO SILVER 70CL	ALCOOL                        	TEQUILA                       	8225	17.6	14	2
STOUTERICK 33CL VC CAISSE 7€  	BIERES                        	BIERE 33CL VC                 	8227	1.826999986172	307	2
GIFFARD FLEUR DE SUREAU 70CL  	ALCOOL                        	LIQUEURS CREMES               	8229	16	-2	2
SOIREE DEGUSTATION / PERS 25€ 	ARTICLES DIVERS               	BON ACHAT / SOIREE DEGUSTATION	8230	20.833	0	2
VALISETTE BUFFALO 4B 44CL NOIR	ARTICLES DIVERS               	CORBEILLES - COFFRETS- CARTONS	8231	1.762499958277	23	2
SUPERBOCK 25CL VP             	BIERES                        	BIERE 20/25/33/35CL VP        	8232	0.6376020118594	0	2
GARAGE LOCKER 33CL            	BIERES                        	BIERE 33/44/50 CL CANETTE     	8241	1.82037103653	6	2
BIB 3L RHUM WORLDESTERS BLANC 	ALCOOL                        	RHUMS DOMS                    	8248	49.9	0	2
CALAVERA BRETTERNITY 20L      	BIERES                        	BIERE FUT 20L                 	8251	6.980500197411	20	2
CALAVERA CUBIC 44CL           	BIERES                        	BIERE 33/44/50 CL CANETTE     	8254	2.705999851227	0	2
CALAVERA EVERGREEN 44CL       	BIERES                        	BIERE 33/44/50 CL CANETTE     	8255	2.294249939919	59	2
CALAVERA ABRAÇAFANALS 44CL    	BIERES                        	BIERE 33/44/50 CL CANETTE     	8256	2.621999931335	0	2
CALAVERA MARI E MONTI 37,5CL  	BIERES                        	BIERE 37.5CL                  	8257	3.495600128174	0	2
CALAVERA FAST WON'T LAST 37,5C	BIERES                        	BIERE 37.5CL                  	8260	3.874290142059	5	2
VORDY LE SAN PEYRE 75CL       	VINS                          	MINERVOIS                     	8263	5.501249742508	0	2
VORDY LES PEGOUNELS 75CL      	VINS                          	MINERVOIS                     	8264	5.8	0	2
VORDY LOUISE MINERVOIS 75CL   	VINS                          	MINERVOIS                     	8265	6.24375	0	2
VORDY FRANÇOISE ROUGE BIO 75CL	VINS                          	MINERVOIS                     	8266	6.9	0	2
VORDY LOS GALS BLANC 75CL     	VINS                          	MINERVOIS                     	8267	9.7	0	2
META HIRUKOTE 75CL            	BIERES                        	BIERE 75VP                    	8274	7.540000247955	5	2
TTANTTAKUN 75CL               	BIERES                        	BIERE 75VP                    	8275	6.629999876022	14	2
FUET TAUREAU 100G A EMPORTER  	ARTICLES DIVERS               	TERRINE - BOCAUX - SAUCIS-FROM	8276	1.609999966621	0	3
NUBA AUBERT & MATHIEU BIO 75CL	VINS CAVE UNIQUEMENT          	VIN DE FRANCE                 	8282	6.583499746323	7	2
DUPONT SAISON BIOLOGIQUE 75CL 	BIERES                        	BIERE 75VC                    	8283	2.966448040009	38	2
LUPULUS NELSON SAUVIN 150CL   	BIERES                        	BIERE 150 CL/200CL            	8285	13.00765457153	10	2
BLANCHE DU HAINAUT 25CL VC    	BIERES                        	BIERE 33CL VC                 	8286	1.170294997096	99	2
VESTE POLAIRE SOFTSHELL HOMME 	ARTICLES DIVERS               	ART. PUB.                     	8294	42	0	2
SCARABULLE 75CL               	VINS CAVE UNIQUEMENT          	VINS CAVE UNIQUEMENT          	8296	10.66500012875	1	2
DEBAUCHE BLUEBERRY MUFFIN 30L 	BIERES                        	BIERE FUT 30L                 	8297	3.733379840851	30	2
VERRE DÉGUSTATION LINNEO 25CL 	ARTICLES DIVERS               	VERRERIE                      	8301	2.912499904633	0	2
LIQUEUR CAFE GIFFARD 70CL     	ALCOOL                        	LIQUEURS CREMES               	8303	10.80065961838	6	2
DEBAUCHE SACRED HEART XI 33CL 	BIERES                        	BIERE 20/25/33/35CL VP        	8304	9.642060146332	28	2
DEBAUCHE SACRED HEART XII 33CL	BIERES                        	BIERE 20/25/33/35CL VP        	8305	9.642060146332	7	2
ANTAN MAUZAC EFFERVESCENT 75CL	VINS                          	GAILLAC                       	8307	10.39499974251	0	2
RHUM CLAIRIN LE ROCHER 70CL   	ALCOOL                        	RHUMS TIERS                   	8308	30.46799926758	4	2
RHUM CLAIRIN SAJOUS 2021  70CL	ALCOOL                        	RHUMS TIERS                   	8309	31.12800064087	0	2
RHUM CLAIRIN VAVAL 70CL       	ALCOOL                        	RHUMS TIERS                   	8310	31	0	2
RHUM CLAIRIN SONSON 70CL      	ALCOOL                        	RHUMS TIERS                   	8311	30.62400054932	0	2
ALL POSSIBLE DAIQUIRIS 70CL   	ALCOOL                        	LIQUEURS CREMES               	8313	24.85	5	2
VODKA BELUGA NOBLE 70CL       	ALCOOL                        	VODKA                         	8315	37.78635540009	3	2
RH SANTIAGO CUBA 8A AMBRE 70CL	ALCOOL                        	RHUMS TIERS                   	8316	20.95	16	2
RHUM SANTA TERESA 1796 70CL   	ALCOOL                        	RHUMS TIERS                   	8317	33	6	2
CORRALEJO ANEJO 70CL          	ALCOOL                        	TEQUILA                       	8318	33.9	3	2
WHISKY WOLFBURN NORTHLAND 70CL	ALCOOL                        	WHISKY ECOSSAIS               	8321	45.5	5	2
WHISKY INDRI TRINI 70CL       	ALCOOL                        	WHISKY IRLANDAIS              	8324	31.5	0	2
ELIJAH CRAIG BOURBON 70CL     	ALCOOL                        	WHISKY IRLANDAIS              	8326	30.94660736084	2	2
WHISKY SPRINGBANK 10 ANS 70CL 	ALCOOL                        	WHISKY ECOSSAIS               	8330	46.45	6	2
WHISKY LONGROW PEATED 70CL    	ALCOOL                        	WHISKY ECOSSAIS               	8331	43.98139032211	1	2
RHUM MOUNT GAY XO 70CL        	ALCOOL                        	RHUMS TIERS                   	8332	45.5	2	2
DOSKIWIS MEDES PILS 44CL X12  	BIERES                        	BIERE 33/44/50 CL CANETTE     	8340	2.806299860477	48	2
DOSKIWIS FUN NATURAL 30L KK   	BIERES                        	BIERE FUT 30L                 	8344	5.308290147781	30	2
RENDEZ VOUS SUR LA LUNE 75CL  	VINS                          	MINERVOIS                     	8346	8.75	77	2
AU BOUT DU TERRET 75CL        	VINS                          	COMTE TOLOSAN                 	8347	8.75	34	2
RETOURS AUX ORIGNIES 75CL     	VINS                          	COMTE TOLOSAN                 	8348	11.49999976158	29	2
LO VIÈLH CARIGNAN 100 ANS 75CL	VINS                          	COMTE TOLOSAN                 	8350	11.49999976158	33	2
CANTILLON FOU'FOUNE 75CL      	BIERES                        	BIERE 75VP                    	8351	12.88754459381	0	2
CANTILLON ROSÉ GAMBRINUS 75 VP	BIERES                        	BIERE 75VP                    	8352	11.53977947235	132	2
GIN ENGINE BIO 70CL           	ALCOOL                        	GIN                           	8353	30.97	3	2
GUEUZE MARIAGE PARFAIT 37,5VC 	BIERES                        	BIERE 37.5CL                  	8354	3.567580151558	86	2
VERRE LUPULUS 25 CL           	ARTICLES DIVERS               	VERRERIE                      	8355	3.5	60	2
GIN BB6 BIO 25L  BIDON        	ALCOOL                        	GIN                           	8356	394.4290043304	2	2
VODKA BBV1 BIO 25L   BIDON    	ALCOOL                        	VODKA                         	8358	385	4	2
WHISKY WATERFORD C KOFFI 70CL 	ALCOOL                        	WHISKY IRLANDAIS              	8361	50.95	0	2
RHUM PROVIDENCE 3A 70CL   2020	ALCOOL                        	RHUMS TIERS                   	8362	54.5	2	2
RHUM PLANTERAY ORIG DARK 70CL 	ALCOOL                        	RHUMS TIERS                   	8366	15.83999977112	0	2
RHUM PLANTERAY PINEAPPLE 70CL 	ALCOOL                        	RHUMS TIERS                   	8367	23.71300096512	0	2
TROPICAL DARKNESS 33CL        	BIERES                        	BIERE 33/44/50 CL CANETTE     	8368	3.75618588686	0	2
L'INATTENDU BLANC  75CL       	VINS                          	MINERVOIS                     	8380	11.50000095367	35	2
STU MOSTOW SOUR TIME 44CL     	BIERES                        	BIERE 33/44/50 CL CANETTE     	8384	3.457999873161	0	2
CRI DES HIRONDELLES 75CL      	VINS                          	IGP OC                        	8395	5.2	96	2
SOUS LES CAILLOUX GRILLONS 75C	VINS                          	COMTE TOLOSAN                 	8399	7.4	17	2
LA DEBAUCHE NEVERMORE 75VP    	BIERES                        	BIERE 75VP                    	8400	4.725	30	2
LA SUPERBE DISCOFURY 44CL     	BIERES                        	BIERE 33/44/50 CL CANETTE     	8405	3.007149908543	41	2
AVIATEUR SUPER NOVA 20L       	BIERES                        	BIERE FUT 20L                 	8413	3.56284485817	380	2
SLASH IPA 30L                 	BIERES                        	BIERE FUT 30L                 	8415	4.162766971588	0	2
SLASH CITRUS 30L              	BIERES                        	BIERE FUT 30L                 	8416	4.583790063858	0	2
LICORNE NEIPA 30L             	BIERES                        	BIERE FUT 30L                 	8417	4.162766971588	0	2
CREME MURE GIFFARD 70CL       	ALCOOL                        	LIQUEURS CREMES               	8418	9.25	10	2
CREME PECHE GIFFARD 70CL      	ALCOOL                        	LIQUEURS CREMES               	8419	9.25	10	2
GIN MARE 42°70 70CL           	ALCOOL                        	GIN                           	8420	33.074	5	2
GIN NORMINDIA LE BIO 70CL     	ALCOOL                        	GIN                           	8421	22.52855987549	6	2
GIN ROKU ORIGINAL 70CL        	ALCOOL                        	GIN                           	8422	23.9	9	2
RHUM ILE MAURICE 70CL         	ALCOOL                        	RHUMS TIERS                   	8423	43.8	7	2
RHUM COLOMBIE 70CL            	ALCOOL                        	RHUMS TIERS                   	8424	43.9	0	2
RHUM PANAMA 70CL              	ALCOOL                        	RHUMS TIERS                   	8425	44.1	0	2
NOBLE COYOTE ESPADIN MEZC 70CL	ALCOOL                        	TEQUILA                       	8426	32	7	2
RHUM SANTA TERESA 1796 5CL    	ALCOOL                        	RHUMS TIERS                   	8428	2.5	11	2
RHUM XO MILLONARIO XO 70CL    	ALCOOL                        	RHUMS TIERS                   	8429	67	1	2
WH SMOKEHEAD CASK REBEL 70CL  	ALCOOL                        	WHISKY ECOSSAIS               	8431	50.5	1	2
BIB CRI DES HIRONDELLES 3L    	VINS                          	IGP OC                        	8432	15.5	16	2
WHISKY YAMAZAKI DISTILLERS RES	ALCOOL                        	WHISKY                        	8434	75.29075134277	1	2
WH FILEY BAY CASK 342 70CL    	ALCOOL                        	WHISKY                        	8437	69	2	2
BIB 5L FLEUR MAUBET BLANC SEC 	VINS                          	COTES DE GASCOGNE             	8438	18.6	0	2
LONGUEROCHE CHARDONNAY 75CL   	VINS                          	IGP OC                        	8439	9.490000247955	24	2
VERRE LINDEMANS 50CL          	ARTICLES DIVERS               	VERRERIE                      	8440	3.148687195969	72	2
PERONI 0% 33CL                	BIERES                        	BIERE 20/25/33/35CL VP        	8441	1.177652010322	1848	3
CRAIGIES VINTAGE CIDER 30L    	CIDERS                        	CIDER FUT                     	8442	4.508920001984	0	2
WHISK BENLEIOC TOURBE BIO 50CL	ALCOOL                        	WHISKY                        	8443	37.29400177002	3	2
GDM LABELLE FRENCH DIPA 33CL  	BIERES                        	BIERE 20/25/33/35CL VP        	8444	2.298239958286	0	2
GARAGE CALETA 33CL            	BIERES                        	BIERE 33/44/50 CL CANETTE     	8466	1.512940001488	4	2
SALEVE TZARINE FRAMBOISE 75CL 	BIERES                        	BIERE 75VP                    	8468	6.929954767227	30	2
SACHET COUVERTS BOIS  C+F+S   	ARTICLES DIVERS               	JETABLES                      	8470	0.1088999994099	0	2
BARQUETTES BATEAU KRAFT 400ML 	ARTICLES DIVERS               	JETABLES                      	8472	6.625500106812	0	2
ASSIETTES CARTON BLANC X50    	ARTICLES DIVERS               	JETABLES                      	8473	1.782750070095	14	2
REFACTURATION T-SHIRT         	SERVICES                      	SERVICES FRAIS                	8474	350	0	2
KROMBACHER 2.5 30L            	BIERES                        	BIERE FUT 30L                 	8477	2.143199994564	0	2
STARNBERGER HELL 30L          	BIERES                        	BIERE FUT 30L                 	8478	2.700000047684	-90	2
CAMPLAZENS JULIUS 75CL        	VINS                          	LA CLAPE                      	8480	28	5	2
CAMPLAZENS PREMIUM 75CL       	VINS                          	LA CLAPE                      	8481	11.8	0	2
CONVIVIALITE CHARDONNAY 75CL  	VINS                          	IGP COTEAUX NARBONNE          	8483	4.832999897003	76	2
MAGNUM RESERVE ROSÉ 150CL     	VINS                          	AOC LANGUEDOC                 	8484	11.5	13	2
MAGNUM GARRIGUE LA CLAPE 150CL	VINS                          	LA CLAPE                      	8485	15	1	2
GUE DES MOINES LILIAN 26 20L  	BIERES                        	BIERE FUT 20L                 	8487	4	0	2
GUE DES MOINES LILIAN 33CL    	BIERES                        	BIERE 20/25/33/35CL VP        	8489	2.0833	105	2
LEBLOND CACHACA 70CL          	ALCOOL                        	EAU DE VIE                    	8491	22.95	9	2
GIN THE ILLUSIONIST 50CL      	ALCOOL                        	GIN                           	8492	27.49571914673	14	2
TANQUERAY FLOR DE SEVILLA 70CL	ALCOOL                        	GIN                           	8494	21.3	12	2
WHISKY ARDNAMURCHAN 70CL      	ALCOOL                        	WHISKY ECOSSAIS               	8495	36	4	2
WHISKY RAASAY SIGNATURE 70CL  	ALCOOL                        	WHISKY ECOSSAIS               	8496	32	6	2
WHISKY CAOL ILA 12ANS 70CL    	ALCOOL                        	WHISKY ECOSSAIS               	8497	40	4	2
ELIJAH CRAIG RYE 70CL         	ALCOOL                        	WHISKY                        	8498	37.57817756653	0	2
RHUM HSE VSOP PORTO 70CL      	ALCOOL                        	RHUMS DOMS                    	8499	41.22504928589	2	2
RHUM  HSE VO 42 ° 70CL        	ALCOOL                        	RHUMS DOMS                    	8500	22.5	11	2
GIN NORMINDIA CLASSIQUE 70CL  	ALCOOL                        	GIN                           	8501	19.25	2	2
OLDTOOTH GINGER BEER 30L      	SOFTS                         	BOISSONS SUCREES VP           	8502	2.039379954338	0	3
WHISKY KILKERRAN 8 ANS 70CL   	ALCOOL                        	WHISKY ECOSSAIS               	8510	51.28962516785	3	2
OGEU LIMONADE FUT 30L         	SOFTS                         	BOISSONS SUCREES FUT          	8511	1.199966146803	570	3
WH KILKERRAN HEAVY PEATED 70CL	ALCOOL                        	WHISKY IRLANDAIS              	8512	40.9	2	2
WHISKY THE CHITA 70CL         	ALCOOL                        	WHISKY                        	8513	53	4	2
WHISKY WL WELLER 12A 70CL     	ALCOOL                        	BOURBON                       	8514	33	6	2
ST RAPHAEL AMBRE QUINA 75CL   	ALCOOL                        	LIQUEURS CREMES               	8515	11	6	2
RHUM MILLONARIO KUYTCHI 70CL  	ALCOOL                        	RHUMS TIERS                   	8518	25	3	2
IRON HELIOTT 44CL             	BIERES                        	BIERE 33/44/50 CL CANETTE     	8524	3.001184928417	0	2
IRON GOLGOTH BA WHISKY 33CL   	BIERES                        	BIERE 33/44/50 CL CANETTE     	8526	3.507975018024	0	2
GIN MARE 50CL                 	ALCOOL                        	GIN                           	8528	30	6	2
LUPULUS BLEUETTE 33BTE        	BIERES                        	BIERE 33/44/50 CL CANETTE     	8529	1.8447	69	2
LUPULUS NELSON SAUVIN 33BTE   	BIERES                        	BIERE 33/44/50 CL CANETTE     	8530	1.92955493331	14	2
SAISON DUPONT DRY HOPPING 33CL	BIERES                        	BIERE 33/44/50 CL CANETTE     	8533	1.400929963589	218	2
LES FRERES D'ARMES 75CL       	VINS                          	MINERVOIS                     	8541	6.223500180244	0	2
L'ART DU VERS 75CL  BIO       	VINS                          	VINS                          	8542	8.2	0	2
LE PIC CALMEL ET JOSEPH 75CL  	VINS                          	PIC ST LOUP                   	8543	11.21850056648	0	2
LES ELMELS CALMEL ET JOSEPH 75	VINS                          	PIC ST LOUP                   	8544	11.21850056648	0	2
VILLA BLANCHE CHARDONNAY 75CL 	VINS                          	VINS                          	8545	4.995000064373	0	2
VILLA BLANCHE PICPOUL PINET 75	VINS                          	VINS                          	8546	5.798800177574	0	2
LE SENTIER PINOT NOIR BIO 75CL	VINS                          	VINS                          	8547	5.818499922752	0	2
AMSTRAMGRAM ALTITUDE 75CL     	VINS                          	VINS                          	8548	5.278500115871	0	2
DEBAUCHE CAT SOUP 75CL        	BIERES                        	BIERE 75VP                    	8551	4.454999935627	0	2
DEBAUCHE PULPY 44BTE          	BIERES                        	BIERE 33/44/50 CL CANETTE     	8552	3.766499948502	12	2
KEEP THE SECRET 33VP          	BIERES                        	BIERE 20/25/33/35CL VP        	8554	8.547120094299	36	2
73000 KROMBACHER PILS 5L      	BIERES                        	BIERES FUT 5L/6L/12.5L        	8557	13	0	2
DOSKIWIS A SAVAGE 44CL        	BIERES                        	BIERE 33/44/50 CL CANETTE     	8565	3.744000148773	-1	2
DOSKIWIS IDEAL 30L KK         	BIERES                        	BIERE FUT 30L                 	8567	5.31200012207	90	2
GIN BB6 BIO 40°   70CL        	ALCOOL                        	GIN                           	8568	16.9	2	2
GIN BB9 41° BIO  70CL    BLEUE	ALCOOL                        	GIN                           	8569	20.9375	8	2
WHISKY 2B BLENDED MALT 40° 70C	ALCOOL                        	WHISKY ECOSSAIS               	8570	25	2	2
AVIATEUR SPITFIRE 44CL CAN    	BIERES                        	BIERE 33/44/50 CL CANETTE     	8574	3.434041867256	-3	2
STIGBERGETS PILSNER 33CL      	BIERES                        	BIERE 33/44/50 CL CANETTE     	8584	1.679000043869	14	2
LA SUPERBE DISCOFURY 30LK     	BIERES                        	BIERE FUT 30L                 	8586	4.972760004997	90	2
GRAND DECAPSULEUR RAPIDE      	ARTICLES DIVERS               	ART. PUB.                     	8591	2.45	9	2
JONCTION PARASOL 4M           	MATERIELS                     	MATERIEL VENTE                	8592	278.2	0	2
BIB 19L COCA COLA             	SOFT DRINKS BIB               	SOFT DRINKS BIB               	8601	238.625	0	3
BIB 5L FINLEY TONIC           	SOFT DRINKS BIB               	SOFT DRINKS BIB               	8602	73.6	0	3
BIB 5L SPRITE SANS SUCRE      	SOFT DRINKS BIB               	SOFT DRINKS BIB               	8603	58.075	0	3
LOCATION FROID SEC 1 TIRAGE   	SERVICES                      	SERVICES LOCATIONS            	8604	807.2428	-1	2
LOCATION FROID SEC 2 TIRAGES  	SERVICES                      	SERVICES LOCATIONS            	8605	807.2428	0	2
RHUM ST JAMES ROYAL AMBRE 70CL	ALCOOL                        	RHUMS DOMS                    	8606	13.6	0	2
BIB 2L RH ST JAMES ROYAL AMBRE	ALCOOL                        	RHUMS DOMS                    	8607	35.87730888367	0	2
IRISH CREAM FIVE FARMS 70CL   	ALCOOL                        	LIQUEURS CREMES               	8608	21.37404098511	4	2
LA TOUR SAINT LOUIS 2023      	VINS                          	AOP FRONTON                   	8610	4.320000064373	0	2
CHÂTEAU SAINT LOUIS 2020      	VINS                          	AOP FRONTON                   	8611	6.583499746323	0	2
ORANGINA S/PLACE 33CL BOITE   	SOFTS                         	BOISSONS SUCREES VC COMPTOIR  	8615	2.708354900658	-1	4
PROSECCO MIONETTO 75CL        	VINS                          	VIN MOUSSEUX DE QUALITE       	8616	6.3	255	2
LA ROUGET DE LISLE BLONDE 30L 	BIERES                        	BIERE FUT 30L                 	8617	2.3	8400	2
CLOS GRAVILLAS I'M ALIVE 75CL 	VINS                          	COMTE TOLOSAN                 	8629	8.75	37	2
CLOS GRAVILLAS COTÉ OBSCUR 75C	VINS                          	COMTE TOLOSAN                 	8630	8.5	44	2
CLOS GRAVILL JOUR DE TEUF 75CL	VINS                          	VIN MOUSSEUX DE QUALITE       	8631	8.95	18	2
CLOS DU GRAVILLAS  HAPPY  75CL	VINS                          	COMTE TOLOSAN                 	8632	6.95	97	2
PAULINE PABIOT LE COTEAU 75CL 	VINS                          	BOURGOGNE BLANC               	8634	14.98	6	2
CROIX SENAILLET - MATISCO 75CL	VINS                          	BOURGOGNE BLANC               	8635	28	0	2
BRIO CANTENAC BROWN 2020 75CL 	VINS                          	MARGAUX                       	8636	28	6	2
DOMAINE CHAPELLE - ALIGOTÉ 75C	VINS                          	BOURGOGNE BLANC               	8637	14.75550041199	6	2
DOSKIWIS HEARTBREAKER 30L     	BIERES                        	BIERE FUT 30L                 	8638	4.527900052071	60	2
DOSKIWIS MEDES PILS 30L       	BIERES                        	BIERE FUT 30L                 	8640	3.577500128746	30	2
MONT SALEVE PILS POIL 75VP    	BIERES                        	BIERE 75VP                    	8648	4.381670842171	36	2
CREME PASSION GIFFARD 70CL    	ALCOOL                        	LIQUEURS CREMES               	8651	9.58	2	2
LAVE VERRE 40X40              	MATERIELS                     	MATERIEL VENTE                	8657	1300.23	0	2
BIB CAMAS CHARDONNAY 10L      	VINS                          	AOP LIMOUX                    	8661	24.77250051498	12	2
BIB CAMAS SYRAH ROSE 10L      	VINS                          	IGP OC                        	8662	22.3	-2	2
ART DE VIVRE ROSÉ 75CL        	VINS                          	AOC LANGUEDOC                 	8664	8.626499819756	0	2
GB GRIS BLANC 75CL            	VINS                          	IGP OC                        	8665	7.492500257492	5	2
STIGBER BARREL DWIGHT FRY 33CL	BIERES                        	BIERE 33/44/50 CL CANETTE     	8669	2.533545058966	1	2
STIGBERGETS TOP PICK 44CL     	BIERES                        	BIERE 33/44/50 CL CANETTE     	8670	5.908544898033	1	2
OLIVE VERTE SAV ORIENTAL 2.2KG	ARTICLES DIVERS               	TERRINE - BOCAUX - SAUCIS-FROM	8673	17.68700013161	0	3
DEBAUCHE HIT THE ROAD 20L     	BIERES                        	BIERE FUT 20L                 	8684	9	20	2
TIKKER LAGER 30L 4,8°         	BIERES                        	BIERE FUT 30L                 	8685	2.5613250494	0	2
GIFFARD PUREE PASSION 1L      	PUREE DE FRUITS               	PUREE DE FRUITS               	8686	12.5	1	3
GIFFARD PUREE FRAISE 1L       	PUREE DE FRUITS               	PUREE DE FRUITS               	8687	11.2	9	3
GIFFARD PUREE FRAMBOISE 1L    	PUREE DE FRUITS               	PUREE DE FRUITS               	8688	12.5	1	3
GIFFARD PUREE MANGUE 1L       	PUREE DE FRUITS               	PUREE DE FRUITS               	8689	11.2	24	3
RHUM FOURSQUARE 2013 70CL     	ALCOOL                        	RHUMS TIERS                   	8690	134.9640007019	0	2
NUSBAUMER POIRE 70CL          	ALCOOL                        	EAU DE VIE                    	8691	28	4	2
GIN PORTOFINO 50CL            	ALCOOL                        	GIN                           	8692	29	9	2
RHUM HAMPDEN 1753 70CL        	ALCOOL                        	RHUMS TIERS                   	8693	36.01014982224	3	2
WHISKY CRAIGELLACHIE 10A 70CL 	ALCOOL                        	WHISKY                        	8694	39.08850193024	0	2
WHISKY EDRADOUR 10 ANS 70CL   	ALCOOL                        	WHISKY                        	8695	40.59499912262	0	2
TOMETTE CHEVRE 37% 550G ONETIK	ARTICLES DIVERS               	TERRINE - BOCAUX - SAUCIS-FROM	8697	56.4	0	3
TOMME APRES SOLEIL 32% LC 5KG 	ARTICLES DIVERS               	TERRINE - BOCAUX - SAUCIS-FROM	8698	56.4	0	3
TOMME CROQUANTS 31% 850G      	ARTICLES DIVERS               	TERRINE - BOCAUX - SAUCIS-FROM	8699	56.4	0	3
PATE CAMPAGNE PV 180G         	ARTICLES DIVERS               	TERRINE - BOCAUX - SAUCIS-FROM	8700	4.023000025749	5	3
RATZ XV 33CL                  	BIERES                        	BIERE 20/25/33/35CL VP        	8701	1.50660007596	0	2
VERRE CONIQUE 25CL            	ARTICLES DIVERS               	VERRERIE                      	8705	1.5	240	2
VERRE CONIQUE 33/50CL         	ARTICLES DIVERS               	VERRERIE                      	8706	1.5	150	2
RILLETTES MANS PP TERR VOF 1KG	ARTICLES DIVERS               	TERRINE - BOCAUX - SAUCIS-FROM	8707	29.10000038147	0	3
GARAGE P9 20L KK              	BIERES                        	BIERE FUT 20L                 	8711	4.940825036764	460	2
MONT SALEVE ABRICOT 20L KK    	BIERES                        	BIERE FUT 20L                 	8713	5.731259851456	40	2
LIMONADE BIM 25CL VC          	SOFTS                         	BOISSONS SUCREES VC           	8716	0.59	2688	3
LAUGAR TRIBULATIONS 33CL      	BIERES                        	BIERE 20/25/33/35CL VP        	8719	3.470850133896	1	2
LAUGAR SMOKY MOUNTAIN 44CL    	BIERES                        	BIERE 33/44/50 CL CANETTE     	8721	4.579199945927	17	2
SLASH BERRY 30L               	BIERES                        	BIERE FUT 30L                 	8723	4.067570066452	0	2
SCHNEIDER ORIGINAL TAP 7 50VC 	BIERES                        	BIERE 50CL VC                 	8726	1.609999966621	0	2
CROQUETAS JAMBON IBERIQUE 30G 	ARTICLES DIVERS               	TERRINE - BOCAUX - SAUCIS-FROM	8727	7.175999975205	1	3
MOZZA STICK BREADEAD 28G      	ARTICLES DIVERS               	TERRINE - BOCAUX - SAUCIS-FROM	8728	19.70000076294	1	3
CAFE GRAIN SAPHIR 250G        	ALIMENTAIRES                  	CAFE                          	8732	5.95	1	3
AVIATEUR FIRST FLIGHT 44CL    	BIERES                        	BIERE 33/44/50 CL CANETTE     	8733	2.7610201478	91	2
FUET CEPES 100G A EMPORTER    	ARTICLES DIVERS               	TERRINE - BOCAUX - SAUCIS-FROM	8734	1.487500071526	0	3
FUET PIQUANT 100G A EMPORTER  	ARTICLES DIVERS               	TERRINE - BOCAUX - SAUCIS-FROM	8735	1.487500071526	9	3
SIROP DE BATTERIE MOYSAN 50CL 	SIROP                         	SIROP                         	8737	11.62	9	3
CHANT DU CYGNE ABSINTHE 50CL  	ALCOOL                        	ABSINTHES                     	8740	37.11118927002	1	2
EDV CHANT DU CYGNE ORIGIN 50CL	ALCOOL                        	EAU DE VIE                    	8741	26.14490413666	0	2
VODKA BBV1 BIO 10L BIDON      	ALCOOL                        	VODKA                         	8742	172.3536071777	2	2
GIN BB6 BIO 10L BIDON         	ALCOOL                        	GIN                           	8743	177.2495910645	1	2
VODKA BBV1 BIO 70CL           	ALCOOL                        	VODKA                         	8744	14.77512016296	6	2
BERLUE COLA BIO 33CL          	SOFTS                         	BOISSONS SUCREES VC           	8745	1.232999967337	240	3
CRISTALINE PETILLANTE 150CL   	EAUX                          	EAUX PET                      	8747	0.48	683	3
HERITAGE TERRASSE LARZAC 75CL 	VINS                          	AOC LANGUEDOC                 	8748	9.733500051498	0	2
PATE CAMPAGNE TERR RONDE 2.5KG	ARTICLES DIVERS               	TERRINE - BOCAUX - SAUCIS-FROM	8750	27.30400085449	0	3
BIB CAMAS SYRAH ROSÉ 5L       	VINS                          	IGP OC                        	8751	12.35249948502	0	2
CHAISE DE PLAGE               	ARTICLES DIVERS               	ART. PUB.                     	8754	26.64000091553	5	2
T SHIRT 1803 UNISEX           	ARTICLES DIVERS               	ART. PUB.                     	8756	13.225	0	2
LA SUPERBE FLAMME AMBER 33CL  	BIERES                        	BIERE 20/25/33/35CL VP        	8764	1.855575048924	1	2
LA SUPERBE MAREA IPA 33CL X24 	BIERES                        	BIERE 20/25/33/35CL VP        	8765	1.971840919256	96	2
LA SUPERBE MUXU GOSE 33CL     	BIERES                        	BIERE 20/25/33/35CL VP        	8766	2.178630065918	93	2
CARTOUCHE CO2 5KG             	GAZ                           	GAZ PLEIN                     	8767	17	3	2
BASQUELAND GILDA 33CL         	BIERES                        	BIERE 33/44/50 CL CANETTE     	8768	2.187000006437	24	2
BASQUELAND SANTA CLARA 33CL   	BIERES                        	BIERE 33/44/50 CL CANETTE     	8769	1.606325019598	100	2
BASQUELAND HERO TOSTADA 33CL  	BIERES                        	BIERE 33/44/50 CL CANETTE     	8773	1.849500006437	113	3
ROHOZEC FESTIVAL 30L          	BIERES                        	BIERE FUT 30L                 	8774	2.12	4830	2
OGEU GAZEUSE 50CL PET X24     	EAUX                          	EAUX PET                      	8775	0.597	647	3
FLORIS KRIEK 30L              	BIERES                        	BIERE FUT 30L                 	8776	3.900680065155	150	2
FLORIS CACTUS 20L             	BIERES                        	BIERE FUT 20L                 	8778	4.45	0	2
DOSKIWIS SUNNY NELSON 44CL    	BIERES                        	BIERE 33/44/50 CL CANETTE     	8781	3.242999868393	9	2
DOSKIWIS HEARTBREAKER 44CL    	BIERES                        	BIERE 33/44/50 CL CANETTE     	8785	3.201599907875	70	2
UBY SANS ALCOOL BLANC 75CL    	VINS CAVE UNIQUEMENT          	VINS CAVE UNIQUEMENT          	8787	5.805000257492	5	3
UBY SANS ALCOOL ROSE 75CL     	VINS CAVE UNIQUEMENT          	VINS CAVE UNIQUEMENT          	8788	5.805000257492	14	3
COCA COLA CHERRY 33CL CANETTE 	SOFTS                         	BOISSONS SUCREES BTE          	8789	0.775	96	3
HAPPY DAY MANGUE 100CL BRIQUE 	JUS DE FRUIT                  	JUS DE FRUITS BRIQUES         	8790	2.01164996624	0	3
HAPPY DAY ABRICOT 100CL BRIQUE	JUS DE FRUIT                  	JUS DE FRUITS BRIQUES         	8791	1.991219973564	0	3
STIG THREE HEADED COD 2025 44C	BIERES                        	BIERE 33/44/50 CL CANETTE     	8796	3.804705011845	4	2
STIGBERGETS LJUS 33CL         	BIERES                        	BIERE 33/44/50 CL CANETTE     	8799	2.173500019312	19	2
LUPULUS HAZY SESSION 20L      	BIERES                        	BIERE FUT 20L                 	8802	4.34	20	2
ROTHAUS TANNENZAPFLE 33CL VP  	BIERES                        	BIERE 20/25/33/35CL VP        	8803	1.103398019075	43	2
ROTHAU NATUR RADLER CITRON33CL	BIERES                        	BIERE 50/60/66 CL VP          	8804	0.8823100030422	85	2
ROTHAUS TANEN SANS ALCOOL 33CL	BIERES                        	BIERE 20/25/33/35CL VP        	8805	1.098877003789	25	3
ROTHAUS WEIZEN 50CL VP        	BIERES                        	BIERE 50/60/66 CL VP          	8806	1.380960022211	178	2
ROTHAUS PILS 50CL VP          	BIERES                        	BIERE 50/60/66 CL VP          	8807	1.380960022211	23	2
FEVER TREE MEDITERRANEAN 50VP 	SOFTS                         	BOISSONS SUCREES VP           	8808	2.745753974915	0	3
CAFE GRAIN HONDURA BIO 1KG    	ALIMENTAIRES                  	CAFE                          	8809	25.9	0	3
SIROP SUCRE CANNE GIFFARD 1L  	SIROP                         	SIROP                         	8810	4.9	-3	3
GIFFARD SPRITZ 70CL           	ALCOOL                        	LIQUEURS CREMES               	8817	9.455	23	2
LES CREISSES 2003 75CL        	VINS                          	VINS                          	8823	13.76999974251	0	2
LES BRUNES 2022 75CL          	VINS                          	VINS                          	8824	26.325	0	2
DEBAUCHE NEIPA 30L INOX       	BIERES                        	BIERE FUT 30L                 	8830	3.95	0	2
BASQUELAND PINK FLAMINGO 33CL 	BIERES                        	BIERE 33/44/50 CL CANETTE     	8836	1.808400071859	26	2
MONT SALEVE BIERE DE GARDE 75C	BIERES                        	BIERE 75VP                    	8842	3.979395031929	3	2
MT SALEVE NOUVEAU MONDE 30L   	BIERES                        	BIERE FUT 30L                 	8845	4.735380077362	60	2
DOSKIWIS KEEP ON 44CL         	BIERES                        	BIERE 33/44/50 CL CANETTE     	8850	2.916000080109	8	2
FENTIMANS PREMIUM TONIC W 20CL	SOFTS                         	BOISSONS SUCREES VP           	8859	1.15	24	3
ROUGET GRIOTTINES 20L         	BIERES                        	BIERE FUT 30L                 	8861	3.780050206184	160	2
GARAGE  4° SOUP-ITA 4°   44CL 	BIERES                        	BIERE 33/44/50 CL CANETTE     	8863	3.233199856281	174	2
GARAGE ALL VAPED 44CL         	BIERES                        	BIERE 33/44/50 CL CANETTE     	8864	3.658500051498	7	2
MEANTIME CUTTY HAZE IPA 30L   	BIERES                        	BIERE FUT 30L                 	8870	4.2	420	2
HOPPY ROAD OO DE LALLY 33CL   	BIERES                        	BIERE 20/25/33/35CL VP        	8875	2.371469926834	36	2
CHOPE 1L STANBERGER AVEC ANSE 	ARTICLES DIVERS               	ART. PUB.                     	8877	2.4	0	2
CHOPE 50CL STANBERGER STONE   	ARTICLES DIVERS               	ART. PUB.                     	8878	5.741580295563	0	2
CHOPE 50CL STANBERGER ISAR    	ARTICLES DIVERS               	ART. PUB.                     	8879	1.77671006918	0	2
OUVRE BOUTEILLE STARNBERGER   	ARTICLES DIVERS               	ART. PUB.                     	8880	2.339999938011	0	2
TABLIER STARNBERGER           	ARTICLES DIVERS               	ART. PUB.                     	8881	11.05	4	2
T SHIRT POLO STARNBERGER M    	ARTICLES DIVERS               	ART. PUB.                     	8882	13.65	4	2
T SHIRT POLO STARNBERGER L    	ARTICLES DIVERS               	ART. PUB.                     	8883	13.65	2	2
T SHIRT POLO STARNBERGER XL   	ARTICLES DIVERS               	ART. PUB.                     	8884	13.65	0	2
LA ROUGET DE LISLE BLONDE 33CL	BIERES                        	BIERE 20/25/33/35CL VP        	8885	1.934440082312	21	2
SUPERBE MONA LISA 44CL        	BIERES                        	BIERE 33/44/50 CL CANETTE     	8891	3.441824984551	16	2
VALISETTE BUFFALO 6 B 33CL    	ARTICLES DIVERS               	CORBEILLES - COFFRETS- CARTONS	8894	1.187499985099	51	2
SAC ESP ECO PAPIER KRAFT CABAS	ARTICLES DIVERS               	CORBEILLES - COFFRETS- CARTONS	8895	0.5459999829531	0	2
DEBAUCHE KAIROS 44CL          	BIERES                        	BIERE 33/44/50 CL CANETTE     	8896	4.576500141621	1	2
DEBAUCHE KNOTTY BIRD 44CL     	BIERES                        	BIERE 33/44/50 CL CANETTE     	8897	4.576500141621	0	2
SPUNKY POMME CASSIS 25CL      	EAUX                          	EAUX BOITE AROMATISEES        	8898	1.560000061989	113	3
PERRIN RESERVE ROUGE 75CL     	VINS                          	COTES DU RHONE                	8899	6.682499742508	19	2
PERRIN RESERVE BLANC 75CL     	VINS                          	COTES DU RHONE                	8900	6.682499742508	0	2
PERRIN RESERVE ROSE 75CL      	VINS                          	COTES DU RHONE                	8901	6.682499742508	0	2
BLANCHE DE BRUXELLES 30L      	BIERES                        	BIERE FUT 30L                 	8909	3.808090090752	0	2
BRUXELLES ROSÉ 15L            	BIERES                        	BIERE FUT 10L/15L             	8910	4.120704059601	0	2
SANITATION 3/4 TIRAGES EXT    	SERVICES                      	SERVICES TECHNIQUES           	8911	108.333	0	2
GARAGE AFFOGATO TEARS 44CL    	BIERES                        	BIERE 33/44/50 CL CANETTE     	8912	4.315999913216	60	2
ACRA DE MORUE 1KG             	ARTICLES DIVERS               	TERRINE - BOCAUX - SAUCIS-FROM	8914	19.70000076294	0	3
CHORIZOS AU CIDRE 110G X15    	ARTICLES DIVERS               	TERRINE - BOCAUX - SAUCIS-FROM	8915	19.70000076294	0	3
KROMBACHER HELL 30L           	BIERES                        	BIERE FUT 30L                 	8916	2.83083999157	150	2
CACOLAC 25CL BTE S/PLACE      	SOFTS                         	BOISSONS SUCREES BTE          	8917	2.708400034905	0	4
TEMPO CHORIZO                 	COMPTOIR TERRASSE             	PLANCHES                      	8919	7.272719833374	0	4
LA ROUGET GRIOTTINES 33CL     	BIERES                        	BIERE 20/25/33/35CL VP        	8920	1.146149969101	24	2
BASQUELAND POZALAGUA 44CL     	BIERES                        	BIERE 33/44/50 CL CANETTE     	8921	3.481600036621	16	2
BASQUELAND OMNIVORE 44CL      	BIERES                        	BIERE 33/44/50 CL CANETTE     	8923	3.1625	16	2
TERRES BASSES BLANC 75CL      	VINS                          	COTES DE GASCOGNE             	8925	4.400999987125	0	2
TERRES BASSES ROUGE 75CL      	VINS                          	COTES DE GASCOGNE             	8926	4.400999987125	0	2
LABALLE DEMOISELLES 75CL      	VINS                          	COTES DE GASCOGNE             	8927	6.08849966526	19	2
LALALANDES BIO 75CL           	VINS                          	IGP LANDES                    	8928	8.45	0	2
SABLES FAUVES BLC SEC 75CL    	VINS                          	IGP LANDES                    	8929	5.263999986649	12	2
PIEDS DANS LE SABLE RGE 75CL  	VINS                          	IGP LANDES                    	8930	6.636700329781	0	2
PIEDS DANS LE SABLE BLANC 75CL	VINS                          	IGP LANDES                    	8931	6.803999948502	58	2
L'ENFANT DU LAC CHENIN 75CL   	VINS                          	COMTE TOLOSAN                 	8933	7.425	10	2
L'ENFANT DE LA BERGERIE 75CL  	VINS                          	COMTE TOLOSAN                 	8934	7.425	12	2
BASQUELAND CHIN MUSIC 44CL    	BIERES                        	BIERE 33/44/50 CL CANETTE     	8935	3.379999876022	1	2
ARMAGNAC DELORD ARIANE 70CL   	ALCOOL                        	ARMAGNAC                      	8936	69.21669381867	0	2
WHISKY ICHIROS MALT GRAIN 70CL	ALCOOL                        	RHUMS TIERS                   	8937	41.36625051498	0	2
WH KILCHOMAN MACHIR BAY 70CL  	ALCOOL                        	WHISKY                        	8938	35.84969973564	5	2
MEZCAL VIDA DEL MAGUEY 70CL   	ALCOOL                        	TEQUILA                       	8939	37.69559812546	3	2
RHUM NEISSON PROFIL 105 70CL  	ALCOOL                        	RHUMS DOMS                    	8940	34.99469947815	4	2
WHISKY ARDBEG AN OA 70CL      	ALCOOL                        	WHISKY                        	8941	47.67839813232	3	2
MEZCAL REYCAMPERO ESPADIN 70CL	ALCOOL                        	TEQUILA                       	8942	29.74950027466	0	2
WHISKY ARRAN 10 ANS 70CL      	ALCOOL                        	WHISKY                        	8943	33.73470067978	0	2
WHISKY CAOL ILA 10ANS 70CL    	ALCOOL                        	WHISKY ECOSSAIS               	8944	81.64248561859	0	2
RHUM PAPA ROUYO 3 ANS 70CL    	ALCOOL                        	RHUMS DOMS                    	8945	40.97969913483	3	2
RHUM PAPALIN 5 ANS 70CL       	ALCOOL                        	RHUMS TIERS                   	8946	35.27651166916	3	2
MEZCAL KOCH ELEMENTAL 70CL    	ALCOOL                        	TEQUILA                       	8947	23.52667450905	2	2
MEZCAL KOCH ESPADIN 70CL      	ALCOOL                        	TEQUILA                       	8948	30.44677591324	4	2
RH NEISSON PROF EQUILIBRE 70CL	ALCOOL                        	RHUMS DOMS                    	8949	44.19944858551	3	2
DOSKIWIS ONIRIC 44CL          	BIERES                        	BIERE 33/44/50 CL CANETTE     	8957	4.83600025177	55	2
HOPPY ROAD SUNDOWNER 44CL     	BIERES                        	BIERE 33/44/50 CL CANETTE     	8959	3.048299860954	1	2
PIGGY BLACK JAIA 33CL         	BIERES                        	BIERE 20/25/33/35CL VP        	8965	4.659330010414	26	2
WHISKY KILKERRAN 12 ANS 70CL  	ALCOOL                        	WHISKY ECOSSAIS               	8971	43.5	3	2
WHISKY KILKERRAN 16 ANS 70CL  	ALCOOL                        	WHISKY ECOSSAIS               	8972	57.95	3	2
PETIT BOULBA 33CL VC          	BIERES                        	BIERE 33CL VC                 	8977	1.553964966536	161	2
PERRIN GIGONDAS 2023 75CL     	VINS                          	COTES DU RHONE                	8978	15.8	0	2
PERRIN CROZES-HERMITAGE  75CL 	VINS                          	COTES DU RHONE                	8979	13.2625	10	2
PERRIN VACQUEYRAS 75CL        	VINS                          	COTES DU RHONE                	8980	11.95	0	2
PERRIN SINARDS 2022 75CL      	VINS                          	CHATEAUNEUF DU PAPE           	8981	24.65	8	2
META BEE BEER CLARA 30L       	BIERES                        	BIERE FUT 20L                 	8993	4.479959964752	0	2
META PIROCLASTO 75CL          	BIERES                        	BIERE 75VP                    	8994	5.395000123978	18	2
META EQUACION 75CL            	BIERES                        	BIERE 75VP                    	8995	6.890000247955	18	2
META BARRE 33CL               	BIERES                        	BIERE 75VP                    	8996	2.429999935627	23	2
META 3X4  33CL                	BIERES                        	BIERE 75VP                    	8997	2.295000064373	0	2
GARAGE WINTER IPA 44CL        	BIERES                        	BIERE 33/44/50 CL CANETTE     	9025	3.274999856949	-16	2
GARAGE DOUBLE WINTER 44CL     	BIERES                        	BIERE 33/44/50 CL CANETTE     	9027	3.548375070095	19	2
MONT SALEVE TRAD BLANCHE 75CL 	BIERES                        	BIERE 75VP                    	9043	4.21875	3	2
GIN BB9 41° BIO  10L   BLEUE  	ALCOOL                        	GIN                           	9044	203.2843	2	2
RATZ NOEL 75CL                	BIERES                        	BIERE NOEL/HIVER 25/33        	9046	3.005234956741	0	2
LIQUEUR CHARTREUSE VERT 70CL  	ALCOOL                        	LIQUEURS CREMES               	9047	42.9	1	2
LUPULUS DRY HOP KRUSH 2026 20L	BIERES                        	BIERE FUT 20L                 	9048	4.45	20	2
CHAPEAU DE FEUTRE STARNBERGER 	ARTICLES DIVERS               	ART. PUB.                     	9049	6.240000247955	0	2
GARAGE SOUNDSCAPES 20L        	BIERES                        	BIERE FUT 20L                 	9054	6.41399974823	20	2
GARAGE HEXCRAFT 44CL          	BIERES                        	BIERE 33/44/50 CL CANETTE     	9056	3.250799975395	2	2
GARAGE MORPHEME 44CL          	BIERES                        	BIERE 33/44/50 CL CANETTE     	9057	3.550500154495	16	2
GARAGE SOUNDSCAPES 44CL       	BIERES                        	BIERE 33/44/50 CL CANETTE     	9058	3.833999884129	1	2
CAFE OUGANDA GRAIN 1KG        	ALIMENTAIRES                  	CAFE                          	9076	25	5	3
CAFE OUGANDA GRAIN 250G       	ALIMENTAIRES                  	CAFE                          	9077	6.45	6	3
BASQUELAND FLYSCH 44CL        	BIERES                        	BIERE 33/44/50 CL CANETTE     	9125	2.852000021935	30	2
BASQUELAND SALINAS DE ANANA 44	BIERES                        	BIERE 33/44/50 CL CANETTE     	9127	3.878685057163	3	2
BASQUELAND ZUGARRAMURDI 66CL  	BIERES                        	BIERE 50/60/66 CL VP          	9129	8.709999752045	27	2
BASQUELAND FLYSCH 30L         	BIERES                        	BIERE FUT 30L                 	9131	4.846625030041	30	2
BASQ SALTO DEL NERVION 20L    	BIERES                        	BIERE FUT 30L                 	9133	6.253719911575	20	2
OGEU PLATE 50CL PET X24       	EAUX                          	EAUX PET                      	9134	0.3925799936056	1632	3
OGEU PLATE 150CL PET          	EAUX                          	EAUX PET                      	9135	0.4002749964595	12	3
WALDHAUS DIPLOM PILS 50VP     	BIERES                        	BIERE 50/60/66 CL VP          	9136	1.411099960804	7	2
MARCEL LAPIERR MORGON AOC 75CL	VINS                          	BEAUJOLAIS                    	9137	23.35	0	2
MARCEL LAPIERR BEAUJOLAIS 75CL	VINS                          	BEAUJOLAIS                    	9138	18.75	0	2
ARBOIS CHARDONN PATCHWORK 75CL	VINS                          	AOP LIMOUX                    	9139	23.35	0	2
LA NINE AOC MINERVOIS 75CL    	VINS                          	MINERVOIS                     	9140	13.75	0	2
ORTHOGNEISS BLANC VDF 75CL    	VINS                          	COMTE TOLOSAN                 	9141	13.74956751013	5	2
COTES CATALANES ROUGE 75CL    	VINS                          	COTES CATALANES               	9142	11.2497	0	2
MAS DEL PERIE LES AGUDES 75CL 	VINS                          	COMTE TOLOSAN                 	9143	10	0	2
LES ESCURES MALBEC 75CL       	VINS                          	CAHORS                        	9144	12.500475	0	2
SESTI GRANGIOVESE 75CL        	VINS                          	VINS                          	9145	16.25	-1	2
AUX AMIS DE MA SOEUR 75CL     	VINS                          	COMTE TOLOSAN                 	9147	15	0	2
GDM LABELLE FRENCH DIPA 20L   	BIERES                        	BIERE FUT 30L                 	9148	4.2	160	2
GARAGE PALOMAR 44CL           	BIERES                        	BIERE 33/44/50 CL CANETTE     	9152	2.652999973297	1	2
GARAGE COLD KILLER TROUT 20L  	BIERES                        	BIERE FUT 20L                 	9154	5.983000354767	0	2
WALDHAUS SPEZIAL GOLD 50VP    	BIERES                        	BIERE 50/60/66 CL VP          	9156	1.411099960804	-16	2
WALDHAUS DUNKEL 33VP          	BIERES                        	BIERE 20/25/33/35CL VP        	9157	1.074354017377	475	2
WALDHAUS EXTRA HERB 33VP      	BIERES                        	BIERE 20/25/33/35CL VP        	9158	1.074354017377	307	2
WALDHAUS HEFE WEIZEN 50VP     	BIERES                        	BIERE 50/60/66 CL VP          	9162	1.411099960804	612	2
WALDHAUS WEIZEN SANS ALCO 50VP	BIERES                        	BIERE 50/60/66 CL VP          	9164	1.411099960804	80	3
HOPPY ROAD HAZY RIDER 75CL    	BIERES                        	BIERE 75VP                    	9166	4.315500130653	82	2
HOPPY ROAD MAZOUT BOURBON 33CL	BIERES                        	BIERE 20/25/33/35CL VP        	9168	4.217919969559	-1	2
DOMAINE GEORGE CHABLIS 75CL   	VINS                          	BOURGOGNE BLANC               	9176	12.96000051498	27	2
JERRYCAN RHUM BLANC 20L       	ALCOOL                        	RHUMS DOMS                    	9177	291	0	2
JERRYCAN WHISKY 20L           	ALCOOL                        	WHISKY                        	9178	304	0	2
JERRYCAN RHUM BRUN 20L        	ALCOOL                        	RHUMS DOMS                    	9179	291	0	2
JERRYCAN MENTHE 20L           	ALCOOL                        	LIQUEURS CREMES               	9180	200	0	2
GENEROUS GIN ORIGINAL 70CL    	ALCOOL                        	GIN                           	9183	23.73	4	2
BIERES TCHEQUES REBEL IPA 30L 	BIERES                        	BIERE FUT 30L                 	9185	2.871	390	2
DELIRIUM NOEL 75VC            	BIERES                        	BIERE 75VC                    	9186	4.61984500885	54	2
DELIRIUM NOEL 33VC            	BIERES                        	BIERE 33CL VC                 	9187	1.55063996315	114	2
LUPULUS HIBERNATUS 33VC       	BIERES                        	BIERE 33CL VC                 	9188	1.457540035248	123	2
SCHIEVE XMAS 33CL CAISSE 7€   	BIERES                        	BIERE 33CL VC                 	9189	1.867880034447	104	2
DOSKIWIS LIMINALITY 30L       	BIERES                        	BIERE FUT 30L                 	9191	5.31200012207	60	2
AVIATEUR SUPER NOVA 33BTE     	BIERES                        	BIERE 33/44/50 CL CANETTE     	9200	1.822500032187	49	2
BLANCHE DE WATOU 25VC         	BIERES                        	BIERE 33CL VC                 	9203	1.05	179	2
MONT SALEVE MONDEUSE 150VP    	BIERES                        	BIERE 150 CL/200CL            	9204	18.34042468071	5	2
BARO METHODE ANCESTRALE 75CL  	VINS                          	VIN MOUSSEUX DE QUALITE       	9206	8.019000077248	6	2
VALLI UNITE GAITU 75CL        	VINS                          	VINS                          	9208	9.999825	0	2
DOMAINE MATASA OLLA BLANC 75CL	VINS                          	COTES DU ROUSSILLON           	9209	17.5005	5	2
CAZOTTES GOUTTE DE POIRE 50CL 	ALCOOL                        	EAU DE VIE                    	9210	50.87305755615	0	2
CAZOTTES GOUTTE DE REINE 50CL 	ALCOOL                        	EAU DE VIE                    	9211	63.53684806824	0	2
ARBALETE ET COQUELICOT 75CL   	VINS                          	MINERVOIS                     	9212	10.41631476488	0	2
KUPELA CIDRE DEMI SEC 75VP    	CIDRES                        	CIDRE BLLE                    	9216	2.606175041199	-7	2
ARIMA THÉ VERT MENTHE BIO 33CL	SOFTS                         	BOISSONS SUCREES VP           	9217	1.579499942064	7	3
ARIMA THÉ NOIR PECHE BIO 33CL 	SOFTS                         	BOISSONS SUCREES VP           	9218	2.150900071859	118	3
ARIMA THÉ ENERGIA BIO 33CL    	SOFTS                         	BOISSONS SUCREES VP           	9219	1.714499974251	0	3
HOPPY ROAD HAZY RIDER 30L INOX	BIERES                        	BIERE FUT 30L                 	9221	4.774949975014	0	2
GIN GENIEVRE INFUSION NAT 70CL	ALCOOL                        	GIN                           	9222	26.0146329689	0	2
PIGGY DRIVER 0% 33CL          	BIERES                        	BIERE 20/25/33/35CL VP        	9223	2.042400026321	1	3
OASIS TROPICAL S/PLACE 33CL   	COMPTOIR TERRASSE             	COMPTOIR TERRASSE             	9231	2.708354900658	-2	4
FROZEN POND DE LUXE 33BTE     	BIERES                        	BIERE 33/44/50 CL CANETTE     	9232	3.941000103951	94	2
DUCKPOND DOUBLE DOWN 33BTE    	BIERES                        	BIERE 33/44/50 CL CANETTE     	9233	3.941000103951	111	2
DUCKPOND DARKWING 33BTE       	BIERES                        	BIERE 33/44/50 CL CANETTE     	9234	3.501360046864	39	2
DUCKPOND LUCKY DUCK 33BTE     	BIERES                        	BIERE 33/44/50 CL CANETTE     	9235	3.501360046864	24	2
DUCKPOND SCOOPER 33BTE        	BIERES                        	BIERE 33/44/50 CL CANETTE     	9236	3.501360046864	0	2
DURAS ROUGE CANTO PERLIC 75CL 	VINS                          	GAILLAC                       	9237	5.148000049591	56	2
ÉCLAIRÉ CHEMIN SAUVIGNON 75CL 	VINS                          	GAILLAC                       	9238	6.292000198364	26	2
ALLIANCE TISSÉE DEMI-SEC 75CL 	VINS                          	COTES DU TARN                 	9239	4.349199912548	0	2
PREMIERES COTES BLANC 75CL    	VINS                          	GAILLAC                       	9240	5.832000231743	0	2
SAISON DUPONT BIOLOGIQUE 33VC 	BIERES                        	BIERE 33CL VC                 	9243	1.353641985655	44	2
DUPONT BIOLEGERE 33CL VC X24  	BIERES                        	BIERE 33CL VC                 	9244	0.8974140357971	0	2
ALEXANDRINS CROZES BLANC 75CL 	VINS                          	COTES DU RHONE                	9245	15.38999948502	3	2
ALEXANDRINS CRAIE BLANCHE 75CL	VINS                          	COTES DU RHONE                	9246	9.1	6	2
PERLES CÉLESTES CANTO PERLIC  	VINS                          	COTES DU TARN                 	9247	8.40560022831	0	2
KRONENBOURG TIGRE BOCK 30L    	BIERES                        	BIERE FUT 30L                 	9249	3.5763	0	2
PAULANER BLONDE DE MUNICH 30L 	BIERES                        	BIERE FUT 30L                 	9250	3.1112	0	2
JONQUIÈRES RESPECT ROUGE 75CL 	VINS                          	VINS                          	9251	7.227999925613	0	2
UNE ILE 2023 VDF ROUGE 75CL   	VINS                          	COMTE TOLOSAN                 	9253	11.49999976158	36	2
GATSBY LE MAGNIFIQUE RGE 75CL 	VINS                          	MINERVOIS                     	9254	15.81	5	2
GARAGE ZIPLOCKED 26 44CL      	BIERES                        	BIERE 33/44/50 CL CANETTE     	9257	3.550500154495	3	2
GARAGE UNZIPPED 44CL          	BIERES                        	BIERE 33/44/50 CL CANETTE     	9258	3.401999974251	1	2
GARAGE ADRENALINA 33CL X24    	BIERES                        	BIERE 33/44/50 CL CANETTE     	9259	2.131999981403	249	3
LONGUEROCHE C RESERVE RG 150CL	VINS                          	CORBIERES BLLE                	9261	19	1	2
LAUGAR DREAMTHIEF 33VP        	BIERES                        	BIERE 20/25/33/35CL VP        	9262	3.8759998703	7	2
CD LE FRUIT BLANC 2024 75CL   	VINS                          	COMTE TOLOSAN                 	9263	5.5	4	2
CD LE FRUIT ROUGE NM 75CL     	VINS                          	COMTE TOLOSAN                 	9264	5.5	3	2
GRAMENON POIGNEE RAISINS 75CL 	VINS                          	COTES DU RHONE                	9265	16.66642988777	4	2
PLAISANCE LE ROUGE 75CL       	VINS                          	AOP FRONTON                   	9266	6.47	37	2
PLAISANCE CRUCHINET 75CL      	VINS                          	COMTE TOLOSAN                 	9267	8.21	1	2
PLAISANCE COSMOPOTE BLANC 75CL	VINS                          	COMTE TOLOSAN                 	9268	6.26600022316	89	2
PLAISANCE PET NAT 75CL        	VINS                          	VIN MOUSSEUX DE QUALITE       	9269	8.81	5	2
RATZ NON FILTREE BLONDE 30L   	BIERES                        	BIERE FUT 30L                 	9271	3.05135995388	180	2
SIROP BASILIC GIFFARD 100CL   	SIROP                         	SIROP                         	9272	6.117795181274	17	3
GIFFARD MENTHE PASTILLE 100CL 	ALCOOL                        	LIQUEURS CREMES               	9273	16.05503997803	8	2
ON TAP COCKTAILS MOJITO 20L   	ALCOOL                        	COCKTAIL                      	9274	279.3	0	2
SEX ON THE BEACH 20L          	ALCOOL                        	COCKTAIL                      	9275	279.3	0	2
BAS-ARMAGNAC EXODE XIV 70CL   	ALCOOL                        	ARMAGNAC                      	9278	23.52026023865	4	2
BAS-ARMAGNAC RESISTANCE 70CL  	ALCOOL                        	ARMAGNAC                      	9279	29.84526023865	4	2
LABALLE BAS-ARMA 10 ANS 70CL  	ALCOOL                        	ARMAGNAC                      	9280	31.93992004395	0	2
ST NICOLAS BOURGUEIL MABILEAU 	VINS                          	VINS DE LOIRE                 	9282	7.9	24	2
RETOUR VERS LE FUTUR 44BTE    	BIERES                        	BIERE 33/44/50 CL CANETTE     	9283	2.961939918995	9	2
AVIATEUR SUPER BLEN2R 44BTE   	BIERES                        	BIERE 33/44/50 CL CANETTE     	9284	3.257860028744	2	2
PLAISANCE COSMOPOTES RGE 75CL 	VINS                          	COMTE TOLOSAN                 	9285	6.26600022316	39	2
CHIPS 60G DIVERS SUR/PLACE    	COMPTOIR TERRASSE             	COMPTOIR TERRASSE             	9286	1.3	-10	4
BIB CAMAS SYRAH ROUGE 10L     	VINS                          	IGP OC                        	9287	21.2625	9	2
RHUM HSE BLANC 75CL           	ALCOOL                        	RHUMS DOMS                    	9290	29.81039886475	4	2
WH ROZELIEURES ROUGE COTE 70CL	ALCOOL                        	WHISKY                        	9291	36.2	2	2
WH DALWHINNIE WINTER GOLD 70CL	ALCOOL                        	WHISKY ECOSSAIS               	9292	40.5	2	2
KUPELA CIDRE DEMI SEC 30L     	CIDRES                        	CIDRE FUT                     	9296	3.89199993372	450	2
FUET TRUFFE 100G A EMPORTER   	ARTICLES DIVERS               	TERRINE - BOCAUX - SAUCIS-FROM	9298	1.61	19	3
SANIT +NETTOYAGE EN PROFONDEUR	SERVICES                      	SERVICES TECHNIQUES           	9300	104.166	0	2
DEBAUCHE PILSNER 30L INOX     	BIERES                        	BIERE FUT 30L                 	9301	2.299999952316	1500	2
AVIATEUR LAMA SANS ALCOOL 33CL	SOFTS                         	BOISSONS SUCREES BTE          	9302	1.382878013849	40	3
AVIATEUR MONKY SA 33CL        	SOFTS                         	BOISSONS SUCREES BTE          	9303	1.437677961588	76	3
GUINNESS SPECIAL EXPORT 33VC  	BIERES                        	BIERE 33CL VC                 	9304	1.997229886055	47	2
ON TAP COCKTAILS PORN STAR 20L	ALCOOL                        	COCKTAIL                      	9305	348.6	0	2
FLORIS CACTUS 33VC            	BIERES                        	BIERE 33CL VC                 	9306	2.006219995022	68	2
GOBELET CARTON 12CL X50       	ARTICLES DIVERS               	JETABLES                      	9308	1.2	23	2
GOB 20CL CARTON X100          	ARTICLES DIVERS               	JETABLES                      	9309	2.7	14	2
POP CORN MUSICAL              	COMPTOIR TERRASSE             	COMPTOIR TERRASSE             	9310	2.63637010476	0	4
DUO CHORIZO MIEL              	COMPTOIR TERRASSE             	PLANCHES                      	9311	4.0909	0	4
PIEDBOEUF BLONDE 12X75VC      	BIERES                        	BIERE 75VC                    	9312	2.399180078507	36	2
PLAISANCE ALABETS ROUGE 75CL  	VINS                          	AOP FRONTON                   	9313	8.882999897003	2	2
GROOVES DOG                   	COMPTOIR TERRASSE             	COMPTOIR TERRASSE             	9314	6.818160270929	224	4
DUO GROOVE DOG & NACHO VIBES  	COMPTOIR TERRASSE             	COMPTOIR TERRASSE             	9316	7.727369762278	0	4
SAUCE GUACAMOLE 0.50€         	COMPTOIR TERRASSE             	COMPTOIR TERRASSE             	9317	0.5	0	4
SAUCE SALSA 0.50€             	COMPTOIR TERRASSE             	COMPTOIR TERRASSE             	9318	0.5	0	4
SAUCE CHEDDAR 0.50€           	COMPTOIR TERRASSE             	COMPTOIR TERRASSE             	9320	0.5	0	4
SAUCE KETCHUP 0.50€           	COMPTOIR TERRASSE             	COMPTOIR TERRASSE             	9321	0.5	0	4
SAUCE MAYONNAISE 0.50€        	COMPTOIR TERRASSE             	COMPTOIR TERRASSE             	9322	0.5	0	4
NACHO VIBES 100G              	COMPTOIR TERRASSE             	COMPTOIR TERRASSE             	9323	2.727270035148	0	4
SAUCE MUSTARD 0.50€           	COMPTOIR TERRASSE             	COMPTOIR TERRASSE             	9324	0.5	0	4
COOKIES CACAO NOISETTE 80G    	COMPTOIR TERRASSE             	COMPTOIR TERRASSE             	9325	2.636312226558	39	4
MUFFIN 3 CHOCOLAT 85G  S/PLACE	COMPTOIR TERRASSE             	COMPTOIR TERRASSE             	9326	2.636342309177	-2	4
AVIATEUR EXO PLANET 44BTE     	BIERES                        	BIERE 33/44/50 CL CANETTE     	9330	3.257860028744	5	2
AVIATEUR SHOOT THEM UP 44BTE  	BIERES                        	BIERE 33/44/50 CL CANETTE     	9331	3.446509139538	6	2
RIESLING BLANC 23/24 75CL     	VINS                          	ALSACE                        	9332	10.5	8	2
LE FAROUCHE ROUGE 2024 75CL   	VINS                          	ALSACE                        	9333	11.1375	9	2
IMPATIENT BLANC 2024 75CL     	VINS                          	COMTE TOLOSAN                 	9334	12.4875	5	2
PEPIN BLANC 75CL              	VINS                          	COMTE TOLOSAN                 	9335	11.8125	2	2
GAMAY COTE BASALTIQUE 24 75CL 	VINS                          	VINS                          	9336	10.73249974251	5	2
TERRE DE FEU ROUGE 2022 75CL  	VINS                          	COMTE TOLOSAN                 	9337	12.08249974251	4	2
SOIF DU MAL ROUGE 2025 75CL   	VINS                          	COMTE TOLOSAN                 	9338	17.61750025749	12	2
RADICALEMENT GRIS 2024 75CL   	VINS                          	COMTE TOLOSAN                 	9339	9.7875	11	2
RADICALEMENT ROUGE 2023 75CL  	VINS                          	VINS                          	9340	8.977500128746	8	2
RADICALEMENT BLANC 2024 75CL  	VINS                          	ANJOU                         	9341	10.32750012875	10	2
GARAGE KNUDSEN 44CL           	BIERES                        	BIERE 33/44/50 CL CANETTE     	9342	3.452399973869	3	2
WALLPAPERS FOR MIRRORS 44CL   	BIERES                        	BIERE 33/44/50 CL CANETTE     	9343	3.889155936241	12	2
RATZ LAGER  30L               	BIERES                        	BIERE FUT 30L                 	9344	2.75	930	2
SOUS VERRE                    	ARTICLES DIVERS               	ART. PUB.                     	9345	7.245000219345	17	2
TAPIS DE BAR KROMBACHER 50X20 	ARTICLES DIVERS               	ART. PUB.                     	9346	6.119999885559	11	2
TERRINE DE CANARD STOUT 130G  	ARTICLES DIVERS               	TERRINE - BOCAUX - SAUCIS-FROM	9347	3.977999854088	60	3
VESTE POLAIRE SOFTSHELL HOMME 	ARTICLES DIVERS               	ART. PUB.                     	9348	37.5	1	2
POLO DAMES NOIR KROMBACHER    	ARTICLES DIVERS               	ART. PUB.                     	9349	9.875000119209	8	2
PIED DE BOEUF BRUNE 75VC      	BIERES                        	BIERE 75VC                    	9350	2.48486508131	120	2
DEBAUCHE AMBER ALE 30L        	BIERES                        	BIERE FUT 30L                 	9351	3.383285164833	120	2
DEBAUCHE OAK CHRONICLE 4  33CL	BIERES                        	BIERE 20/25/33/35CL VP        	9353	4.468499922752	22	2
DEBAUCHE BABY HAZY 33CL       	BIERES                        	BIERE 33/44/50 CL CANETTE     	9354	1.998000025749	2	3
JUPILER BLIK 33BTE            	BIERES                        	BIERE 33/44/50 CL CANETTE     	9355	1.293417030573	0	2
DEBAUCHE PILS 33CL            	BIERES                        	BIERE 33/44/50 CL CANETTE     	9356	1.485000032187	70	2
SUPERBE BUMP'S 44CL X24       	BIERES                        	BIERE 33/44/50 CL CANETTE     	9359	3.243624866009	13	2
SUPERBE SOLE E MARE 44CL      	BIERES                        	BIERE 33/44/50 CL CANETTE     	9360	3.689879894257	113	2
SUPERBE KROOKED KARMA 44CL    	BIERES                        	BIERE 33/44/50 CL CANETTE     	9361	3.510076909065	1	2
SUPERBE EXTRA GROOVY 44CL     	BIERES                        	BIERE 33/44/50 CL CANETTE     	9362	3.505145070553	3	2
SUPERBE MOLASSES BARIK N°5 33C	BIERES                        	BIERE 20/25/33/35CL VP        	9363	4.959947934151	51	2
SUPERBE CALYPSO 33CL X24      	BIERES                        	BIERE 20/25/33/35CL VP        	9364	1.88114705801	109	2
SUPERBE HEATWAVE N°1 44CL     	BIERES                        	BIERE 33/44/50 CL CANETTE     	9365	3.815124928951	14	2
SUPERBE BLOODY HELL LEVEL3 44C	BIERES                        	BIERE 33/44/50 CL CANETTE     	9367	4.281113140583	0	2
BASQUELAND MAX DRIFT 30L K    	BIERES                        	BIERE FUT 30L                 	9368	4.25	150	2
BASQUELAND FIRE HORSE 44CL    	BIERES                        	BIERE 33/44/50 CL CANETTE     	9369	3.561178059578	5	2
BASQUELAND ONDA RIBELLE 33BTE 	BIERES                        	BIERE 33/44/50 CL CANETTE     	9370	2.252553955317	24	2
BASQUELAND MAREA ALTA 44CL    	BIERES                        	BIERE 33/44/50 CL CANETTE     	9371	3.969575052261	22	2
BASQUELAND WAVY GRAVY 44CL    	BIERES                        	BIERE 33/44/50 CL CANETTE     	9372	3.407053124905	17	2
GAYREL VIN BLANC FRAI 20LKK   	VINS                          	COMTE TOLOSAN                 	9374	4.53	200	2
AVIATEUR BOARDING PASS 44BTE  	BIERES                        	BIERE 33/44/50 CL CANETTE     	9375	3.056743972302	6	2
AVIATEUR BOARDING PASS 20L    	BIERES                        	BIERE FUT 20L                 	9376	4.75	20	2
STIGBERGETS CLANDESTINO 44CL  	BIERES                        	BIERE 33/44/50 CL CANETTE     	9377	3.294849960804	1	2
STIGBERGETS TALK THE TALK 44CL	BIERES                        	BIERE 33/44/50 CL CANETTE     	9378	3.523091945648	7	2
STIGB PACIFIC NORTHWEST 44CL  	BIERES                        	BIERE 33/44/50 CL CANETTE     	9379	3.751471116543	-11	2
STIG EASTER EVERYWHERE 44CL   	BIERES                        	BIERE 33/44/50 CL CANETTE     	9380	3.751471116543	119	2
STIGBERGETS KILLER PALE 44CL  	BIERES                        	BIERE 33/44/50 CL CANETTE     	9381	3.180591945648	1	2
STIGBERGETS SOURPUSS 44CL     	BIERES                        	BIERE 33/44/50 CL CANETTE     	9382	3.808599960804	2	2
STIGBERGETS BEST OF BITTER 44C	BIERES                        	BIERE 33/44/50 CL CANETTE     	9383	2.609849960804	-19	2
RATZ PEPITA 33VP              	BIERES                        	BIERE 20/25/33/35CL VP        	9384	1.534400006533	12	2
CAMPLAZENS CREMANT LIMOUX 75CL	VINS                          	CREMANT                       	9385	8.4375	19	2
OGEU GAZEUSE 100CL VC         	EAUX                          	EAUX VC/VP                    	9386	0.85	313	3
OGEU EAU PLATE 100CLVC        	EAUX                          	EAUX VC/VP                    	9387	0.7750250041485	472	3
GARAGE DOLCITA SOUP 44CL      	BIERES                        	BIERE 33/44/50 CL CANETTE     	9388	3.794899973869	3	2
GARAGE NECTARON SOUP 44CL     	BIERES                        	BIERE 33/44/50 CL CANETTE     	9389	3.794899973869	7	2
GARAGE SOUP DIPA 44CL         	BIERES                        	BIERE 33/44/50 CL CANETTE     	9390	4.023000025749	16	2
OGEU GAZEUSE 50CL VC          	EAUX                          	EAUX VC/VP                    	9393	0.7	0	3
OGEU PLATE 50CL VC            	EAUX                          	EAUX VC/VP                    	9394	0.63	0	3
LA ROUGET DE LISLE NEIPA 6°30L	BIERES                        	BIERE FUT 30L                 	9395	4.6	30	2
WH BM SIGNATURE N°12  44° 70CL	ALCOOL                        	WHISKY                        	9396	32.78293590546	5	2
WH BM SIGNATURE N°15  46° 70CL	ALCOOL                        	WHISKY                        	9397	36.93236598969	3	2
WH BM SIGNATURE N°19 57°3 70CL	ALCOOL                        	WHISKY                        	9398	93.68106956482	1	2
GENEPI 70CL                   	ALCOOL                        	LIQUEURS CREMES               	9399	24.80136060715	2	2
SOMMELIER ADJ ALL BLACK       	ARTICLES DIVERS               	ARTICLES DE CAVE / BIERE & VIN	9402	3.9	12	2
TRANSAT LE MIGNON             	ARTICLES DIVERS               	ART. PUB.                     	9403	60	8	2
BIB 3L SANGRIA ROUGE BIGALLET 	SANGRIA                       	SANGRIA                       	9404	12.86999988556	47	2
BIB 3L SANGRIA BLCHE BIGALLET 	SANGRIA                       	SANGRIA                       	9405	12.69799957275	16	2
CREME CERISE GIFFARD 70CL     	ALCOOL                        	LIQUEURS CREMES               	9406	10.00837445259	5	2
LIQUEUR MANDARINE GIFFARD 70CL	ALCOOL                        	LIQUEURS CREMES               	9407	13.1	6	2
PERONI NASTRO AZZURO 16L      	BIERES                        	BIERE FUT 16L/19,5L           	9410	3.535994347858	-272	2
CROQUETTE JAMBON IBERIQUE 35G 	ARTICLES DIVERS               	TERRINE - BOCAUX - SAUCIS-FROM	9411	1.040000015497	4	3
FAUVE REJAILLIR LE FEU 20L    	BIERES                        	BIERE FUT 20L                 	9412	4.468499922752	480	2
FAUVE OCEAN INDIEN 20L INOX   	BIERES                        	BIERE FUT 20L                 	9413	4.198499858379	300	2
FAUVE PIC FLAMBOYANT 20L INOX 	BIERES                        	BIERE FUT 20L                 	9414	4.668299987316	300	2
FAUVE OCÉAN INDIEN 33CL BTE   	BIERES                        	BIERE 33/44/50 CL CANETTE     	9415	1.931999967098	112	2
FAUVE REJAILLIR LE FEU 33CL BT	BIERES                        	BIERE 33/44/50 CL CANETTE     	9416	2.042400026321	80	2
FAUVE MARIAGE À VEGAS 33CL BTE	BIERES                        	BIERE 33/44/50 CL CANETTE     	9417	2.152799921036	98	2
CHATEAU ARTON LA RESERVE 70CL 	ALCOOL                        	ARMAGNAC                      	9418	51.65460205078	6	2
CHATEAU ARTON LA FLAMME 70CL  	ALCOOL                        	ARMAGNAC                      	9419	85.43177042999	1	2
FAUVE DOUCE FRANCE 33CL BTE   	BIERES                        	BIERE 33/44/50 CL CANETTE     	9420	1.711200013161	96	2
FAUVE AVALANCHE NOIR 33CL BTE 	BIERES                        	BIERE 33/44/50 CL CANETTE     	9421	1.876800019741	6	2
SELECTION 20 ANS LENCANTA 50CL	ALCOOL                        	ARMAGNAC                      	9422	42.64284210205	4	2
FAUVE PIC FLAMBOYANT 33CL BTE 	BIERES                        	BIERE 33/44/50 CL CANETTE     	9423	2.07	172	2
FAUVE FÈVE & VERGER 44CL BTE  	BIERES                        	BIERE 33/44/50 CL CANETTE     	9424	3.400000035763	53	2
SELECTION 25 ANS LENCANTA 50CL	ALCOOL                        	ARMAGNAC                      	9425	46.78607940674	1	2
FAUVE ILLUSION PANETTONE 44CL 	BIERES                        	BIERE 33/44/50 CL CANETTE     	9426	3.400000035763	137	2
DOMAINE CUTXAN 1999 50CL      	ALCOOL                        	ARMAGNAC                      	9427	72.86711883545	1	2
FAUVE QQ CHOSE QUI DANSE 44CL 	BIERES                        	BIERE 33/44/50 CL CANETTE     	9429	3.726000065804	3	2
FAUVE SECTEUR PAVÉ 44CL       	BIERES                        	BIERE 33/44/50 CL CANETTE     	9430	3.45	4	2
FAUVE L'APPEL DU LARGE 44CL   	BIERES                        	BIERE 33/44/50 CL CANETTE     	9431	3.45	42	2
FAUVE LUEUR DU PREMIER JOUR 44	BIERES                        	BIERE 33/44/50 CL CANETTE     	9432	3.394800052643	6	2
ARMAGNAC SWELL 10 50CL        	ALCOOL                        	ARMAGNAC                      	9433	38.32164001465	6	2
CLUB MATE ORIGINAL 33CL VC    	SOFTS                         	BOISSONS SUCREES VC           	9435	1.941107997894	0	3
CLUB MATE COLA 33CL VC        	SOFTS                         	BOISSONS SUCREES VC           	9436	1.907712049484	0	3
CLUB MATE CLASSIQUE 50CL VC   	SOFTS                         	BOISSONS SUCREES VC           	9437	2.097186069489	0	3
ACCENT GINGER 33CL VC         	SOFTS                         	BOISSONS SUCREES VC           	9438	2.02390791893	0	3
FAUVE RAMENEZ LA COUPE 20L    	BIERES                        	BIERE FUT 20L                 	9439	4.201	40	2
DUPONT FOMO 33VC              	BIERES                        	BIERE 33CL VC                 	9440	1.643177928925	42	2
VITRINE REFRIGEREE RAUCH PF   	MATERIELS                     	MATERIEL VENTE                	9442	468	0	6
PARASOL KROMBACHER 300/8      	MATERIELS                     	MATERIEL VENTE                	9443	312.5	7	2
POIGNEE TAP HANDLE HELL       	ARTICLES DIVERS               	ART. PUB.                     	9446	15	1	2
POIGNEE ROBINET BOIS KROMB    	ARTICLES DIVERS               	ART. PUB.                     	9447	27.5	2	2
SOUS BOCK STARNBERGER HELLX500	ARTICLES DIVERS               	ART. PUB.                     	9448	11.875	1	2
SANTA CLARA 30L KK            	BIERES                        	BIERE FUT 30L                 	9449	3.158819961548	180	2
PIGGY PARALLEL JUICE 30L KEYKE	BIERES                        	BIERE FUT 30L                 	9450	4.002000131607	30	2
PIGGY SEPIA 33CL              	BIERES                        	BIERE 20/25/33/35CL VP        	9451	1.793862075806	96	2
PIGGY EXTRA LUCID 33CL        	BIERES                        	BIERE 20/25/33/35CL VP        	9452	2.097599973679	46	3
PIGGY YERBA JUICE 44CL        	BIERES                        	BIERE 20/25/33/35CL VP        	9453	3.328559918404	24	2
PIGGY PARADISE PEPPERS 44CL   	BIERES                        	BIERE 20/25/33/35CL VP        	9454	3.008400092125	88	2
PIGGY OASIS V3 44CL           	BIERES                        	BIERE 20/25/33/35CL VP        	9455	3.438960142136	68	2
PIGGY STRATA THERAPY 44CL     	BIERES                        	BIERE 20/25/33/35CL VP        	9456	3.438960142136	29	2
PIGGY BLOCK PARTY 44CL        	BIERES                        	BIERE 20/25/33/35CL VP        	9457	3.329801959992	68	2
DOSKIWIS DIMEBACK 44CL        	BIERES                        	BIERE 33/44/50 CL CANETTE     	9458	3.762499988079	69	2
DOSKIWIS HINDSIGHT 20/20 44CL 	BIERES                        	BIERE 33/44/50 CL CANETTE     	9459	3.762499988079	45	2
DOSKIWIS ALL ABOUT MOSAIC 44CL	BIERES                        	BIERE 33/44/50 CL CANETTE     	9461	3.860999858379	54	2
BUNDABERG BLOOD ORANGE 37.5VP 	SOFTS                         	BOISSONS SUCREES VP           	9462	2.007323927879	72	3
BUNDABERG LEMONADE 37.5VP     	SOFTS                         	BOISSONS SUCREES VP           	9463	2.007323927879	72	3
AVIA LOST IN TRANSLATION 44BTE	BIERES                        	BIERE 33/44/50 CL CANETTE     	9464	3.313070881367	3	2
BUNDABERG PASSION FRUIT 37.5VP	SOFTS                         	BOISSONS SUCREES VP           	9465	2.007323927879	72	3
TEMPO DUROC                   	COMPTOIR TERRASSE             	PLANCHES                      	9466	8.998807251453	0	4
FUET OLIVES 100G A EMPORTER   	ARTICLES DIVERS               	TERRINE - BOCAUX - SAUCIS-FROM	9467	1.61	49	3
LAUGAR POST MORTEM 44BTE      	BIERES                        	BIERE 33/44/50 CL CANETTE     	9468	4.822399973869	80	2
LAUGAR DEEP WEB 44BTE         	BIERES                        	BIERE 33/44/50 CL CANETTE     	9469	2.986600091457	46	2
LAUGAR EXODUS 33VP            	BIERES                        	BIERE 20/25/33/35CL VP        	9470	3.493499934673	92	2
LAUGAR DARK RITUAL 33VP       	BIERES                        	BIERE 20/25/33/35CL VP        	9471	3.383900039196	68	2
LAUGAR WAR REQUIEM 33VP       	BIERES                        	BIERE 20/25/33/35CL VP        	9472	4.178499934673	134	2
LAUGAR AUPA TOVARISCH XI 33VP 	BIERES                        	BIERE 20/25/33/35CL VP        	9473	4.205899908543	111	2
GARAGE DRUMSTICKS 44BTE       	BIERES                        	BIERE 33/44/50 CL CANETTE     	9474	3.949024908543	16	2
GARAGE LOLLIES 44BTE          	BIERES                        	BIERE 33/44/50 CL CANETTE     	9475	3.657900104523	3	2
GARAGE OPALINE 44BTE          	BIERES                        	BIERE 33/44/50 CL CANETTE     	9476	3.092774908543	19	2
CAZOTTES BRANDY DE MAUZAC 50CL	ALCOOL                        	EAU DE VIE                    	9478	38.57318572998	2	2
RENTOILAGE STORE CLIENT       	MATERIELS                     	MATERIEL VENTE                	9479	1900	0	2
PUREE FRUIT NOIX DE COCO 100CL	PUREE DE FRUITS               	PUREE DE FRUITS               	9480	11.53307055473	10	3
GIFFARD SIROP CONCOMBRE 100CL 	SIROP                         	SIROP                         	9481	6.016544795036	3	3
GIFFARD SIROP FIGUE 100CL     	SIROP                         	SIROP                         	9482	6.219044923782	5	3
GIFFARD SIROP LITCHI 100CL    	SIROP                         	SIROP                         	9483	6.016544795036	5	3
GIFFARD SIROP MIEL 100CL      	SIROP                         	SIROP                         	9484	6.06149969101	3	3
GIFFARD SIROP NOISETTE 100CL  	SIROP                         	SIROP                         	9485	6.016544795036	3	3
GIFFARD SIROP ROMARIN 100CL   	SIROP                         	SIROP                         	9486	6.016544795036	5	3
PIANOGRILLO DOCG ROUGE 75CL   	VINS                          	VINS                          	9487	16.5	0	2
CAZOTTES ADELE 2024 75CL      	VINS                          	VINS                          	9488	14.5	0	2
TOM SHOBBROOK GIALLO 2021 75CL	VINS                          	VINS                          	9489	17	3	2
HERO WEST COAST IPA 33CL      	BIERES                        	BIERE 33/44/50 CL CANETTE     	9490	1.89060000658	-3	3
BASQUELAND HERO STOUT 33BTE   	BIERES                        	BIERE 33/44/50 CL CANETTE     	9491	1.821600072384	19	3
GIFFARD RHUM ANANAS 70CL      	ALCOOL                        	RHUMS TIERS                   	9493	19.34699935913	5	2
GIFFARD RHUM BANANE 70CL      	ALCOOL                        	RHUMS TIERS                   	9494	19.34699935913	6	2
RHUM CITRON VERT GINGEMBR 70CL	ALCOOL                        	RHUMS TIERS                   	9495	19.34699935913	6	2
GIFFARD RHUM PASSION 70CL     	ALCOOL                        	RHUMS TIERS                   	9496	19.34699935913	6	2
GIFFARD RHUM LITCHI 70CL      	ALCOOL                        	RHUMS TIERS                   	9497	19.34699935913	6	2
GIFFAR RHUM MANGUE PIMENT 70CL	ALCOOL                        	RHUMS TIERS                   	9498	19.34699935913	5	2
GIFFARD RHUM COCO 70CL        	ALCOOL                        	RHUMS TIERS                   	9499	19.34699935913	5	2
GIFFARD RHUM VANILLE 70CL     	ALCOOL                        	RHUMS TIERS                   	9501	19.34699935913	6	2
CANTILLON ST LAMVINUS 75VP    	BIERES                        	BIERE 75VP                    	9502	13.3496908474	23	2
CANTILLON ROSE GAMBRINUS 37.5 	BIERES                        	BIERE 37.5CL                  	9503	7.269767756462	60	2
CANTILLON GEUZE 37.5VP        	BIERES                        	BIERE 37.5CL                  	9504	5.237099032402	4	2
BERLUE LA SWAF 20L INOX       	BIERES                        	BIERE FUT 20L                 	9507	2.65	0	2
BERLUE DÉSINVOLTE 20L INOX    	BIERES                        	BIERE FUT 20L                 	9508	3.639999866486	0	2
BERLUE INSOUMISE IPA 20L INOX 	BIERES                        	BIERE FUT 20L                 	9509	3.4	240	2
BERLUE GÉNÉREUSE TRIPLE 20L   	BIERES                        	BIERE FUT 20L                 	9510	4.117499935627	0	2
BERLUE INSOLENTE DIPA 20L INOX	BIERES                        	BIERE FUT 20L                 	9511	4.208999934197	0	2
BERLUE HELFEST BLCH 20L INOX  	BIERES                        	BIERE FUT 20L                 	9512	3.611999893189	0	2
BERLUE WITBIER 33CL BOUTEILLE 	BIERES                        	BIERE 20/25/33/35CL VP        	9513	1.780999934673	0	2
BERLUE GÉNÉREUSE  TRIPLE 33CL 	BIERES                        	BIERE 20/25/33/35CL VP        	9514	1.849500032663	0	2
BERLUE INSOUMISE IPA 33CL VP  	BIERES                        	BIERE 20/25/33/35CL VP        	9515	1.780999934673	0	2
BERLUE TAQUINE PALE ALE 33CL  	BIERES                        	BIERE 20/25/33/35CL VP        	9516	1.780999934673	0	2
BERLUE ESPIÈGLE SIPA 33CL VP  	BIERES                        	BIERE 20/25/33/35CL VP        	9517	1.917999967337	0	2
BERLUE INSOUMISE IPA 75CL VP  	BIERES                        	BIERE 75VP                    	9518	3.644200117588	0	2
BERLUE TAQUINE 75CL VP        	BIERES                        	BIERE 75VP                    	9519	3.644200117588	0	2
BERLUE HELLFEST 75CL VP       	BIERES                        	BIERE 75VP                    	9520	3.123599960804	0	2
BERLUE DOUBLE IPA 75CL VP     	BIERES                        	BIERE 75VP                    	9521	3.712700052261	0	2
BERLUE LIMONADE GINGEMBRE 33VP	SOFTS                         	BOISSONS SUCREES VP           	9522	1.232999967337	64	3
BERLUE LIMONADE FRAMBOISE 33VP	SOFTS                         	BOISSONS SUCREES VP           	9523	1.232999967337	24	3
BERLUE THÉ GLACÉ BIO 33CL VP  	SOFTS                         	BOISSONS SUCREES VP           	9524	1.232999967337	192	3
BERLUE THÉ GLACÉ 75CL VP      	SOFTS                         	BOISSONS SUCREES VP           	9525	2.534500032663	0	3
BERLUE COLA BIO 75CL          	SOFTS                         	BOISSONS SUCREES VP           	9526	2.534500032663	0	3
BERLUE LIMONADE FRAMBOISE 75CL	SOFTS                         	BOISSONS SUCREES VP           	9527	2.534500032663	0	3
LIMONADE GINGEMBRE 75CL VP    	SOFTS                         	BOISSONS SUCREES VP           	9528	2.534500032663	0	3
BERLUE ESPIÈGME SIPA 20L INOX 	BIERES                        	BIERE FUT 20L                 	9529	3.8	0	2
HOPPY R ROI ET L OISEAU 75VP  	BIERES                        	BIERE 75VP                    	9530	5.722764434815	16	2
HOPPY ROAD STOOKOLIE 33CL BTE 	BIERES                        	BIERE 33/44/50 CL CANETTE     	9531	3.293480060101	64	2
HOPPY ROAD PARANOID 44CL BTE  	BIERES                        	BIERE 33/44/50 CL CANETTE     	9532	3.010500025749	22	2
BOON OUDE GEUZE 75CL !! X6 BTE	BIERES                        	BIERE 75VP                    	9533	5.045831952095	30	2
BOON MARIAGE PARFAIT 75CL VP  	BIERES                        	BIERE 75VP                    	9534	6.769451723099	36	2
FAUVE HORIZON DES CIMES 44CL  	BIERES                        	BIERE 33/44/50 CL CANETTE     	9535	3.094000148773	83	2
FAUVE BALLET DES LIANES 44CL  	BIERES                        	BIERE 33/44/50 CL CANETTE     	9536	3.45	3	2
FAUVE LES GRANGES DU RANCH 44C	BIERES                        	BIERE 33/44/50 CL CANETTE     	9537	3.510000061989	90	2
FAUVE HORIZON EXPÉRIMENTAL 44C	BIERES                        	BIERE 33/44/50 CL CANETTE     	9538	3.45	32	2
GIFFARD SIROP SAKURA 100CL    	SIROP                         	SIROP                         	9539	6.117795181274	4	3
UBY CUB BLANC SEC BIB 5L      	VINS                          	COTES DE GASCOGNE             	9540	18.75	3	2
ADIOU CREME MENTHE 100CL VP   	ALCOOL                        	LIQUEURS CREMES               	9541	12.05	12	2
ADIOU CITRON 100CL VP         	ALCOOL                        	LIQUEURS CREMES               	9542	12.05	4	2
ADIOU PÊCHE 100CL VP          	ALCOOL                        	LIQUEURS CREMES               	9543	12.05	31	2
ADIOU MANDARINE 100CL VP      	ALCOOL                        	LIQUEURS CREMES               	9544	12.05	10	2
ADIOU LA VERTE MENTHE 1L VP   	ALCOOL                        	LIQUEURS CREMES               	9545	12.05	51	2
ADIOU CERISE GRIOTTE 100CL VP 	ALCOOL                        	LIQUEURS CREMES               	9546	12.05	9	2
STARNBERGER FESTBIER 30L TP   	BIERES                        	BIERE FUT 30L                 	9547	2.700000047684	0	2
GARAGE PIETINE 44BTE          	BIERES                        	BIERE 33/44/50 CL CANETTE     	9548	3.312500119209	127	2
GARAGE NABULIO 44BTE          	BIERES                        	BIERE 33/44/50 CL CANETTE     	9549	3.657900104523	25	2
GARAGE BRONZE 44BTE           	BIERES                        	BIERE 33/44/50 CL CANETTE     	9550	3.891374909878	86	2
PERRIN CHASSANGRE BLANC 75CL  	VINS                          	VINS                          	9551	5.7375	12	2
LA SUPERBE CALYPSO SUMMER 30LK	BIERES                        	BIERE FUT 30L                 	9552	3.922858083248	180	2
LA SUPERBE MAREA 30L KK       	BIERES                        	BIERE FUT 30L                 	9553	4.017194867134	180	2
LA SUPERBE ZINZINE 44CL BTE   	BIERES                        	BIERE 33/44/50 CL CANETTE     	9554	3.510214095116	16	2
LA SUPERBE ICARO 44CL BTE     	BIERES                        	BIERE 33/44/50 CL CANETTE     	9555	3.739825980663	90	2
LA SUPERBE CLOUDY 44CL BTE    	BIERES                        	BIERE 33/44/50 CL CANETTE     	9556	3.458970093727	8	2
LA SUPERBE  717  44CL BTE     	BIERES                        	BIERE 33/44/50 CL CANETTE     	9557	3.538620114327	7	2
POPIHN X DEBAUCHE 33VP        	BIERES                        	BIERE 75VP                    	9558	4.041500065327	35	2
BOERENERF OUDE GEUZE 37.5CL   	BIERES                        	BIERE 37.5CL                  	9559	4.329200117588	32	2
GOB REUTILISABLES 63CL X25    	ARTICLES DIVERS               	REUTILISABLES                 	9560	6.9	32	2
CHEMISE POLO KROMBACHER L     	ARTICLES DIVERS               	ART. PUB.                     	9561	11.475	4	2
BASQUELAND HALL OF FAME 20L KK	BIERES                        	BIERE FUT 30L                 	9562	5.519999885559	80	2
BERLUE TAQUINE BLONDE 20L     	BIERES                        	BIERE FUT 20L                 	9563	3.501499857903	0	2
DUPONT SAISON LEGERE 2.8  20L 	BIERES                        	BIERE FUT 20L                 	9564	3.738162970543	160	2
BOERENERF GEMBER 37.5CL       	BIERES                        	BIERE 37.5CL                  	9565	5.1375	33	2
BOERENERF AMBROSIA KRIEK 35CL 	BIERES                        	BIERE 20/25/33/35CL VP        	9566	13.015	41	2
BOERENERF OUDE GEUZE 1871 75CL	BIERES                        	BIERE 75VP                    	9567	9.713300209045	30	2
BOERENERF CUVEE HERITAGE 75CL 	BIERES                        	BIERE 75VP                    	9568	12.22040010452	42	2
BOERENERF ALSACIEN 75CL       	BIERES                        	BIERE 75VP                    	9569	12.24779942513	30	2
BOERENERF BIET 75CL           	BIERES                        	BIERE 75VP                    	9570	12.23410041809	30	2
BOERENERF RAVENDEL 75CL       	BIERES                        	BIERE 75VP                    	9571	12.23410041809	24	2
BOERENERF TERROIR KRIEK 75CL  	BIERES                        	BIERE 75VP                    	9572	15.60430047035	36	2
BOERENERF MUS'IEK 75CL        	BIERES                        	BIERE 75VP                    	9573	13.91919979096	16	2
BOERENERF KRI-VINO 75CL       	BIERES                        	BIERE 75VP                    	9574	15.63169979096	36	2
BOERENERF CHARENT'EUSE 75CL   	BIERES                        	BIERE 75VP                    	9575	17.87850026131	11	2
BOERENERF LAMBIC'ADO 75CL     	BIERES                        	BIERE 75VP                    	9576	17.89220057488	11	2
RATZ NEIPA 33BTE              	BIERES                        	BIERE 33/44/50 CL CANETTE     	9577	1.884024045467	72	2
RH DON PAPA SINGLE ISLAND 70CL	ALCOOL                        	RHUMS TIERS                   	9578	29	3	2
WHISKY STAUNING HOST 70CL     	ALCOOL                        	WHISKY IRLANDAIS              	9579	27.3	5	2
GIN RAASAY HEBRIDEAN 70CL     	ALCOOL                        	GIN                           	9580	30.2	3	2
RH OPTHIMUS MASTER SELECT 70CL	ALCOOL                        	RHUMS TIERS                   	9582	31.4	5	2
BERLUE LIMO CITRON VANILL 33CL	SOFTS                         	BOISSONS SUCREES VP           	9583	1.232999967337	-4	3
GARAGE LALAS 44CL BTE         	BIERES                        	BIERE 33/44/50 CL CANETTE     	9584	3.503774843216	13	2
GARAGE VIDUKA 44CL BTE        	BIERES                        	BIERE 33/44/50 CL CANETTE     	9585	3.092774908543	45	2
GARAGE COLLINA 44CL           	BIERES                        	BIERE 33/44/50 CL CANETTE     	9586	3.630500130653	12	2
BASQUELAND LITE LAGER 30L KK  	BIERES                        	BIERE FUT 30L                 	9587	2.724899947643	30	2
DOSKIWIS SUM PLUM 30L KK      	BIERES                        	BIERE FUT 30L                 	9588	5.067025766373	60	2
DOSKIWIS BLACK SWAN 30L KK    	BIERES                        	BIERE FUT 30L                 	9589	3.901240158081	60	2
DOSKIWIS MAGIC NUMBER 20L     	BIERES                        	BIERE FUT 20L                 	9590	5.843999862671	60	2
REBEL BLANCHE 30L INOX        	BIERES                        	BIERE FUT 30L                 	9591	2.671856040955	0	2
VOLTA TRIPLE 30L INOX         	BIERES                        	BIERE FUT 30L                 	9592	3.08744494915	0	2
VIK GROOVY HAZY IPA 20L INOX  	BIERES                        	BIERE FUT 20L                 	9593	4.178499934673	0	2
VIK LOST IN STRATA 20L INOX   	BIERES                        	BIERE FUT 20L                 	9594	4.272749948502	0	2
PLAISANCE VIN BLANC BIO 20LKK 	VINS                          	VIN DE FRANCE                 	9595	4.75	100	2
PLAISANCE VIN ROUGE 20LKK     	VINS                          	VIN DE FRANCE                 	9596	3.75	200	2
OLIVE VIOLETTE KALAMATA 2.5KG 	ARTICLES DIVERS               	TERRINE - BOCAUX - SAUCIS-FROM	9597	20	1	3
DOSKIWIS MAGIC NUMBER 44CL    	BIERES                        	BIERE 33/44/50 CL CANETTE     	9598	4.123699986935	36	2
DOSKIWIS SUM PLUM 44CL        	BIERES                        	BIERE 33/44/50 CL CANETTE     	9599	3.918199856281	35	2
HERITAGE CAHORS 75CL          	VINS                          	VINS                          	9600	7.830000257492	0	2
CIGALUS ROUGE 75CL            	VINS                          	IGP OC                        	9601	24.38400096893	0	2
CIGALUS BLANC 75CL            	VINS                          	IGP OC                        	9602	24.96000099182	0	2
CHATEAU LA GRANGE FITOU 75CL  	VINS                          	VINS                          	9603	7.708500051498	0	2
HERITAGE BANYULS 75CL         	VINS                          	VINS                          	9604	11.79899969101	0	2
COTES DES ROSES 75CL          	VINS                          	IGP OC                        	9605	7.371000051498	0	2
VODKA BELVEDERE 70CL          	ALCOOL                        	VODKA                         	9606	29.79994783402	0	2
LABALLE ARMAGNAC 2011 70CL    	ALCOOL                        	ARMAGNAC                      	9607	80	1	2
LABALLE ARMAGNAC 1998 70CL    	ALCOOL                        	ARMAGNAC                      	9608	106	1	2
DEBAUCHE SACRED HEART 15 33VP 	BIERES                        	BIERE 20/25/33/35CL VP        	9609	9.753715219498	24	2
DEBAUCHE SACRED HEART 16 33VP 	BIERES                        	BIERE 20/25/33/35CL VP        	9610	9.753715219498	24	2
HOPPY ROAD BRUTAL MONKEY 20L  	BIERES                        	BIERE FUT 20L                 	9611	5.03006008625	0	2
HOPPY ROAD COSMIC RAPTOR 20L  	BIERES                        	BIERE FUT 20L                 	9612	4.391660060883	0	2
HOPPY ROAD POW WOW 20L INOX   	BIERES                        	BIERE FUT 20L                 	9613	4.810610136986	0	2
HOPPY ROAD SOIF ! 20L INOX    	BIERES                        	BIERE FUT 20L                 	9614	4.124330093861	0	2
VIN LES BRUMES BLANC 20LKK    	VINS                          	VINS                          	9615	8.6	160	2
VIN CHAUFFE MARCEL ROSÉ 20LKK 	VINS                          	VINS                          	9616	7.6	200	2
VIN STRIP SIP ROUGE 20LKK     	VINS                          	VINS                          	9617	7.6	200	2
LA BERLUE INSOLENTE DIPA 75CL 	BIERES                        	BIERE 75VP                    	9618	3.712700052261	0	2
BERLUE LIMO CITRON VANILLE 20L	SOFTS                         	BOISSONS SUCREES FUT          	9619	2.128000068665	0	3
BUNDABERG GINGER BEER 37,5VP  	SOFTS                         	BOISSONS SUCREES VP           	101645	1.848678059578	2	3
