ID;CODE_PRODUIT;LIBELLE;LIBELLE COMP.;CODE FAMILLE;CODE SS FAMILLE;LIBELLE FAMILLE;CODE CATEGORIE;CATEGORIE;CODE FABRIQUANT;FABRIQUANT;CODE PAYS;PAYS;CODE FOURNISSEUR;FOURNISSEUR;PRIX;ACCISE;CODE_TVA;UV_CAISSE;STOCK_UV;CONTENANCE;DEGRE;MARQUE;CONSIGNE_PAR_CONDITION_VENTE;CODE CONDITION_VENTE;CONDITION_VENTE
1;1;FRAIS ADMINISTRATIF;;87;0;ARTICLES DIVERS               ;0;;0;;    ;;0;;1.7;0;2;1;136;100;0;1;0;     ;
2;2;DESPERADOS 33VP X24;FRANCE;20;10;BIERE 20/25/33/35CL VP        ;0;;112;BRASSERIE DE L'ESPERANCE;    ;;4;METRO                                                       ;1.3386;0.16043;2;24;0;33;5.9;1;0;2    ;CAISSE
3;3;VERRE BAVIK 50CL;;87;26;VERRERIE                      ;0;;0;;BE  ;BELGIQUE                                ;322;BIBE FAM ! / BAVIK FRANCE SAS.                              ;2;0;2;6;108;100;0;1;0;3    ;CARTONS
4;4;FACT CONSIGNE NON RESTITUEE;PAR CLIENT;91;1;SERVICES FRAIS                ;0;;0;;    ;;0;;30;0;2;1;-46;100;0;1;0;     ;
8;8;EFFET PAPILLON IPA 33VP;BIO;20;10;BIERE 20/25/33/35CL VP        ;1;IPA;199;BRASSERIE EFFET PAPILLON;FR  ;FRANCE                                  ;332;BRASSERIE EFFET PAPILLON                                    ;2.055;0.08158;2;12;-21;33;6;1;0;3    ;CARTONS
10;10;RHUM ABUELO 12 ANEJO 70CL;GRAN RESERVA;1;2;RHUMS TIERS                   ;0;;0;;PA  ;PANAMA                                  ;257;DUGAS                                                       ;27;0;2;6;6;70;40;1;0;3    ;CARTONS
13;13;RHUM ANGOSTURA 1919 AMBRE 70CL;TRINITE-ET-TOBAGO / 8ANS MINI;1;2;RHUMS TIERS                   ;0;;0;;TT  ;TRINIDAD & TOBAGO                       ;257;DUGAS                                                       ;34.3366;0;2;3;4;70;40;1;0;     ;
17;17;RHUM BRUGAL ESP.EXTRA DRY 70CL;REPUBLIQUE DOMINICAINE;1;2;RHUMS TIERS                   ;0;;0;;    ;;259;CAMPARI DISTRIBUTION                                        ;13.3652;0;2;6;17;70;40;1;0;     ;
20;20;RHUM DIPLOMATICO RES.EXCLU 70C;12 ANS AMBRE ETUI CANISTER;1;2;RHUMS TIERS                   ;0;;0;;VE  ;VENEZUELA                               ;257;DUGAS                                                       ;37.1079;0;2;6;0;70;40;1;0;     ;
21;21;RHUM DON PAPA 7 ANS 70CL;PHILIPPINES;1;2;RHUMS TIERS                   ;0;;0;;    ;;257;DUGAS                                                       ;30.5;0;2;6;-1;70;40;1;0;     ;
35;35;FRISURE EPICEA 1ER PRIX 20KG;REF 9271;87;16;CORBEILLES - COFFRETS- CARTONS;0;;0;;    ;;53;DEFFRENNES FRERES S.A.S.                                    ;41.36;0;2;1;1;100;0;1;0;     ;
45;45;MARTINI BLANC 100CL;;1;8;VERMOUTHS                     ;0;;0;;    ;;4;METRO                                                       ;10.4;0;2;6;19;100;14.4;1;0;     ;
46;46;MARTINI ROUGE 100CL;;1;8;VERMOUTHS                     ;0;;0;;    ;;4;METRO                                                       ;10.3;0;2;6;18;100;14.5;1;0;     ;
48;48;RHUM DIPLOMATICO AMBASSADOR 70;COF FUT BOURBON 12A/ VENEZUELA;1;2;RHUMS TIERS                   ;0;;0;;    ;;257;DUGAS                                                       ;156.4704;0;2;1;1;70;47;1;0;     ;
50;50;LILLET BLANC 75CL;;1;14;VINS DE LIQUEUR               ;0;;0;;    ;;4;METRO                                                       ;14.1;0;2;6;14;75;17;1;0;     ;
51;51;LILLET ROUGE 75CL;;1;14;VINS DE LIQUEUR               ;0;;0;;    ;;109;RICARD                                                      ;10.9;0;2;6;6;75;17;1;0;     ;
52;52;LILLET ROSE 75CL;;1;14;VINS DE LIQUEUR               ;0;;0;;    ;;109;RICARD                                                      ;12.129;0;2;6;2;75;17;1;0;     ;
57;57;BERGER PASTIS JAUNE 100 CL;;1;17;ANIS                          ;0;;0;;    ;;362;SVS LA MARTINIQUAISE BLMHD                                  ;13.2868;0;2;6;6;100;45;1;0;     ;
58;58;CASANIS 100CL;;1;17;ANIS                          ;0;;0;;    ;;362;SVS LA MARTINIQUAISE BLMHD                                  ;15.79;0;2;6;9;100;45;1;0;     ;
60;60;PASTIS 51 100CL;;1;17;ANIS                          ;0;;0;;    ;;4;METRO                                                       ;16.1747;0;2;6;11;100;45;1;0;     ;
62;62;RICARD 100CL;;1;17;ANIS                          ;0;;0;;    ;;4;METRO                                                       ;16.95;0;2;6;40;100;45;1;0;     ;
65;65;BITTER AROMATIC ANGOSTURA 20CL;TRINITE-ET-TOBAGO;1;20;BITTERS                       ;0;;0;;TT  ;TRINIDAD & TOBAGO                       ;257;DUGAS                                                       ;16.95;0;3;6;0;20;44.7;1;0;     ;
66;66;PICON BIERE 100CL;;1;20;BITTERS                       ;0;;0;;    ;;4;METRO                                                       ;10.65;0;2;6;8;100;18;1;0;     ;
75;75;BERGER BLANC 100CL;;1;17;ANIS                          ;0;;0;;    ;;362;SVS LA MARTINIQUAISE BLMHD                                  ;15.4099;0;2;6;8;100;45;1;0;     ;
76;76;PINT EDGE;;87;26;VERRERIE                      ;0;;0;;    ;;129;EDGE BREWING                                                ;1.5;0;2;6;0;100;0;1;0;3    ;CARTONS
91;91;ARMAGNAC MAUBET VSOP 70CL;LES ASSEMBLAGES;1;23;ARMAGNAC                      ;0;;187;VIGNOBLES FONTAN;    ;;351;MAISON VOISIN SARL COLLIVET                                 ;35.9235;0;2;6;1;70;42;1;0;     ;
95;95;ABSINTHE VERT & V. BERGER 70CL;;1;29;ABSINTHES                     ;0;;0;;    ;;52;MARIE BRIZARD                                               ;18.5;0;2;6;2;70;55;1;0;     ;
99;99;LIBERTINE FLEUR ABSINTHE 70CL;;1;29;ABSINTHES                     ;0;;0;;    ;;96;RENE DE MISCAULT                                            ;26.083;0;2;1;2;70;60;1;0;     ;
142;142;ANISETTE EXTRA FINE M.B. 70CL;LIQUEUR;1;41;LIQUEURS CREMES               ;0;;0;;    ;;52;MARIE BRIZARD                                               ;11.5;0;2;6;5;70;25;1;0;     ;
144;144;BAILEY'S CREME WHISKY 70CL;;1;41;LIQUEURS CREMES               ;0;;0;;    ;;4;METRO                                                       ;12.85;0;2;6;6;70;17;1;0;     ;
146;146;LIQ AMARULA FRUIT CREAM 70CL;;1;41;LIQUEURS CREMES               ;0;;0;;ZA  ;AFRIQUE DU SUD                          ;333;LMDW DISTRIBUTION                                           ;15.75;0;2;6;7;70;17;1;0;     ;
147;147;CHOUFFE COFFEE LIQUEUR   70CL;;1;41;LIQUEURS CREMES               ;0;;0;;    ;;13;VANUXEEM BROUWERIJ SA/NV                                    ;12.65;0;2;6;10;70;20;1;0;     ;
148;148;WHISKY BIG PEAT TOURBE 70CL;SMALL BATCH / ECOSSE ISLAY;1;62;WHISKY                        ;30;TOURBE;0;;    ;;333;LMDW DISTRIBUTION                                           ;33;0;2;6;2;70;46;1;0;     ;
152;152;COINTREAU LIQUEUR 70CL;;1;41;LIQUEURS CREMES               ;0;;0;;    ;;4;METRO                                                       ;16.95;0;2;6;14;70;40;1;0;     ;
154;154;LIQUEUR CACAO BRUN MB 70CL;;1;41;LIQUEURS CREMES               ;0;;0;;    ;;52;MARIE BRIZARD                                               ;10.1;0;2;6;1;70;25;1;0;     ;
155;155;CREME CASSIS GIFFARD 100CL;;1;41;LIQUEURS CREMES               ;0;;0;;    ;;274;GIFFARD                                                     ;10.318;0;2;6;6;100;16;1;0;     ;
156;156;GIN CHRISTIAN DROUIN BLEU 70CL;DISTIL A BASE  CIDRE NORMANDIE;1;38;GIN                           ;0;;0;;    ;;333;LMDW DISTRIBUTION                                           ;22.99;0;2;6;0;70;42;1;0;     ;
166;166;KRUPNIK VODKA AROM.MIEL EPI 70;MIEL/EPICES/HERBES - POLOGNE;1;41;LIQUEURS CREMES               ;0;;0;;    ;;52;MARIE BRIZARD                                               ;13.2;0;2;6;5;70;38;1;0;     ;
171;171;LIQUEUR CURACAO BLEU 70CL;GIFFARD;1;41;LIQUEURS CREMES               ;0;;0;;    ;;274;GIFFARD                                                     ;10.8;0;2;6;3;70;25;1;0;     ;
176;176;LIQUEUR ABRICOT MB 70 CL;;1;41;LIQUEURS CREMES               ;0;;0;;    ;;52;MARIE BRIZARD                                               ;10.4;0;2;6;1;70;30;1;0;     ;
181;181;LIQUEUR SOUTHERN COMFORT 70CL;KENTUCKY ETATS-UNIS;1;41;LIQUEURS CREMES               ;0;;0;;    ;;52;MARIE BRIZARD                                               ;19.8;0;2;6;8;70;35;1;0;     ;
182;182;PARFAIT TRIPLE SEC 70CL;GIFFARD;1;41;LIQUEURS CREMES               ;0;;0;;    ;;274;GIFFARD                                                     ;13.0954;0;2;6;9;70;39;1;0;     ;
183;183;LIQUEUR FIREBALL 70CL;INFUSEE A LA CANNELLE / CANADA;1;41;LIQUEURS CREMES               ;0;;0;;    ;;52;MARIE BRIZARD                                               ;19.0505;0;2;6;-2;70;33;1;0;     ;
188;188;MINT'S VERT 15° MB 70CL;;1;41;LIQUEURS CREMES               ;0;;0;;    ;;362;SVS LA MARTINIQUAISE BLMHD                                  ;10.45;0;2;6;73;70;15;1;0;     ;
190;190;PISANG AMBON LIQUEUR 70CL;BANANE VERTE /FRUITS TROP;1;41;LIQUEURS CREMES               ;0;;0;;    ;;60;WILLIAM GRANT & SONS                                        ;11.17;0;2;6;6;70;17;1;0;     ;
192;192;VODKA ARRANGE STOLI CITROS 70C;RUSSE;1;50;VODKA                         ;0;;0;;    ;;259;CAMPARI DISTRIBUTION                                        ;13.961;0;2;6;17;70;37.5;1;0;     ;
193;193;VODKA ARRANGE STOLI HOT 70CL;RUSSE;1;50;VODKA                         ;0;;0;;    ;;259;CAMPARI DISTRIBUTION                                        ;13.961;0;2;6;13;70;37.5;1;0;     ;
197;197;VODKA ARRANGE STOLI MIEL 70CL;STICKI / MOSCOU RUSSIE;1;50;VODKA                         ;0;;0;;    ;;259;CAMPARI DISTRIBUTION                                        ;13.691;0;2;6;11;70;37.5;1;0;     ;
206;206;VODKA SOBIESKI 70CL;POLOGNE;1;50;VODKA                         ;0;;0;;    ;;362;SVS LA MARTINIQUAISE BLMHD                                  ;10.9;0;2;6;27;70;37.5;1;0;     ;
210;210;VODKA ZUBROWKA HERB BISON 70CL;POLOGNE;1;50;VODKA                         ;0;;0;;    ;;60;WILLIAM GRANT & SONS                                        ;14.3;0;2;6;0;70;40;1;0;     ;
212;212;TEQUILA JOSE CUERVO GOLD 70CL;ESPECIAL REPOSADO;1;56;TEQUILA                       ;0;;0;;    ;;362;SVS LA MARTINIQUAISE BLMHD                                  ;18.3805;0;2;6;15;70;38;1;0;     ;
223;223;WH.LAPHROAIG QUARTER CASK 70CL;SINGLE MALT TOURBÉ;1;63;WHISKY ECOSSAIS               ;30;TOURBE;0;;    ;;257;DUGAS                                                       ;40;0;2;3;9;70;48;1;0;3    ;CARTONS
225;225;WHISKY TOKINOKA WHITE 40° 50CL;BLENDED / AKASHI JAPON;1;62;WHISKY                        ;0;;0;;JP  ;JAPON                                   ;257;DUGAS                                                       ;21;0;2;6;2;50;40;1;0;     ;
233;233;WHISKY BALLANTINES 21A 70CL;ETUI/BLENDED SCOTCH/ECOSSE;1;65;WHISKY VIEUX                  ;0;;0;;    ;;105;PERNOD                                                      ;122.397;0;2;6;1;70;43;1;0;     ;
257;257;WHISKY JACK DANIEL'S N°7  70CL;BOURBON / ETATS-UNIS KENTUCKY;1;71;BOURBON                       ;0;;0;;    ;;4;METRO                                                       ;17.9;0;2;6;43;70;40;1;0;     ;
258;258;WH JIM BEAM WHITE 70CL;BOURBON / ETATS-UNIS KENTUCKY;1;71;BOURBON                       ;0;;0;;    ;;259;CAMPARI DISTRIBUTION                                        ;9.8774;0;2;6;87;70;40;1;0;     ;
264;264;WH CONNEMARA DISTILLER'S 70CL;EDITION SINGLE MALT/ IRLANDE;1;74;WHISKY IRLANDAIS              ;0;;0;;    ;;257;DUGAS                                                       ;33.25;0;2;6;6;70;43;1;0;     ;
275;275;WHISKY PADDY 70CL;BLEND IRLANDAIS;1;74;WHISKY IRLANDAIS              ;0;;0;;    ;;362;SVS LA MARTINIQUAISE BLMHD                                  ;17.0412;0;2;6;14;70;40;1;0;     ;
291;291;MAUBET CUVEE COUP COEUR 75CL;BLANC DOUX GASCOGNE;10;4;COTES DE GASCOGNE             ;23;VIN BLANC DEMI SEC;187;VIGNOBLES FONTAN;    ;;351;MAISON VOISIN SARL COLLIVET                                 ;5.778;0;2;6;33;75;12.5;1;0;     ;
295;295;VILLA DRIA PETIT MANSENG 75CL;DOUX / VDP COTES GASC.;10;4;COTES DE GASCOGNE             ;23;VIN BLANC DEMI SEC;0;;    ;;276;VILLA DRIA SARL                                             ;4.653;0;2;6;6;75;12.5;1;0;     ;
296;296;TATTOO SAUVIGNON GROS MANS 75C;VIGNOBLE FONTAN;10;4;COTES DE GASCOGNE             ;23;VIN BLANC DEMI SEC;187;VIGNOBLES FONTAN;    ;;351;MAISON VOISIN SARL COLLIVET                                 ;5.5;0;2;6;0;75;11;1;0;     ;
297;297;MAUBET BLANC SEC FRUITE 75CL;COTES DE GASCOGNE;10;4;COTES DE GASCOGNE             ;22;VIN BLANC SEC;187;VIGNOBLES FONTAN;    ;;351;MAISON VOISIN SARL COLLIVET                                 ;4.2;0;2;6;13;75;11.5;1;0;     ;
298;298;RHUM ARRANGE EPICES 70CL;METISSARTISANAL / LA REUNION;1;5;RHUMS DOMS                    ;0;;0;;    ;;341;REUNI RHUMS                                                 ;19.2871;0;2;6;2;70;23.7;1;0;     ;
302;302;LONGUEROCHE L'OC BLANC 75CL;;10;5;IGP OC                        ;22;VIN BLANC SEC;226;DOMAINE LONGUEROCHE;    ;;47;DOMAINE DE LONGUEROCHE                                      ;4.86;0;2;6;23;75;13;1;0;     ;
303;303;LONGUEROCHE L'OC ROSE 75CL;;10;5;IGP OC                        ;21;VIN ROSE;226;DOMAINE LONGUEROCHE;    ;;47;DOMAINE DE LONGUEROCHE                                      ;4.86;0;2;6;98;75;13;1;0;     ;
304;304;LONGUEROCHE L'OC ROUGE 75CL;;10;5;IGP OC                        ;20;VIN ROUGE;226;DOMAINE LONGUEROCHE;    ;;47;DOMAINE DE LONGUEROCHE                                      ;4.86;0;2;6;8;75;13;1;0;     ;
305;305;LONGUEROCHE LE VIOGNIER  75CL;BLANC;10;5;IGP OC                        ;22;VIN BLANC SEC;226;DOMAINE LONGUEROCHE;    ;;47;DOMAINE DE LONGUEROCHE                                      ;7.02;0;2;6;13;75;13;1;0;     ;
327;327;RAMON BILBAO CRIANZA 75CL;ESPAGNE;10;11;ESPAGNE AOC                   ;0;;0;;    ;;283;SIP SPIRITS                                                 ;5.418;0;2;6;6;75;13.5;1;0;     ;
332;332;ESCUDO ROJO CHARDONNAY 75CL;RESERVA CHILI 2022;10;12;CHILI                         ;0;;0;;    ;;259;CAMPARI DISTRIBUTION                                        ;13.338;0;2;6;4;75;14;1;0;     ;
333;333;ESCUDO ROJO ROUGE 2022 75CL;GRAN RESERVA CHILI;10;12;CHILI                         ;0;;0;;    ;;259;CAMPARI DISTRIBUTION                                        ;14.482;0;2;6;22;75;14;1;0;     ;
368;368;LA CLEF DU VIN TRAVEL PEUGEOT;;87;27;CARAFES + ART VINS SPIRITUEUX ;0;;0;;    ;;310;CAV'SERVICE OPLEZIO                                         ;37.0375;0;2;1;0;100;0;1;0;     ;
369;369;CARAFE PICPOUL BEC BISEAUTE;POSITION DROITE INCLINEE;87;27;CARAFES + ART VINS SPIRITUEUX ;0;;0;;    ;;310;CAV'SERVICE OPLEZIO                                         ;25.1;0;2;1;2;100;0;1;0;     ;
370;370;VERRE ESPRIT 180 MERLOT 40CL;PEUGEOT 1 PIECE;87;27;CARAFES + ART VINS SPIRITUEUX ;0;;0;;    ;;310;CAV'SERVICE OPLEZIO                                         ;8.55;0;2;1;8;100;0;1;0;     ;
395;395;DÉTENDEURS INTERM 3 SORTIES;VANNE MICRO MATIC GUEST 3/8;89;6;MATERIEL VENTE                ;0;;0;;    ;;116;LENNE                                                       ;106.11;0;2;1;-9;100;0;1;0;     ;
396;396;DETENDEUR PRINC AP.GAUCHE;1 SORTIE GUEST AVEC VANNE;89;6;MATERIEL VENTE                ;0;;0;;    ;;116;LENNE                                                       ;135.1;0;2;1;-1;100;0;1;0;     ;
405;405;EFFET PAPILLON IPA 75VP;BIO;20;15;BIERE 75VP                    ;1;IPA;199;BRASSERIE EFFET PAPILLON;FR  ;FRANCE                                  ;332;BRASSERIE EFFET PAPILLON                                    ;4.0963;0.1854;2;6;29;75;6;1;0;3    ;CARTONS
407;407;EFFET PAP PALE ALE 33VP;BIO;20;10;BIERE 20/25/33/35CL VP        ;8;PALE ALE;199;BRASSERIE EFFET PAPILLON;FR  ;FRANCE                                  ;332;BRASSERIE EFFET PAPILLON                                    ;1.9787;0.07478;2;12;-14;33;5.5;1;0;3    ;CARTONS
408;408;GROUPE OCCASION;;89;6;MATERIEL VENTE                ;0;;0;;    ;;116;LENNE                                                       ;1471.35;0;2;1;-2;100;0;1;0;     ;
415;415;ADAPTATEUR RINCAGE TETE CREUSE;AVEC VANNE SANS CLAPET;89;7;VENTE MATERIEL MOBILE         ;0;;0;;    ;;116;LENNE                                                       ;76.7;0;2;1;0;100;0;1;0;     ;
418;418;DAMIENS PACH V BLANC SEC 75CL;AOP BIO;10;63;MADIRAN / PACHERENC VIC BILH  ;22;VIN BLANC SEC;0;;    ;;270;LES VIGNOBLES GAYREL S.A.S                                  ;6.734;0;2;6;0;75;13.5;1;0;     ;
423;423;FROID SEC 1 TIRAGE 1/3CV 70L/H;COMPRESSEUR AUTO / TETE EN SUS;89;7;VENTE MATERIEL MOBILE         ;0;;0;;    ;;116;LENNE                                                       ;1690;0;2;1;0;100;0;1;0;     ;
429;429;LONGUEROCHE AURELIEN RGE 75CL;AOC CORBIERES;10;69;CORBIERES BLLE                ;20;VIN ROUGE;226;DOMAINE LONGUEROCHE;    ;;47;DOMAINE DE LONGUEROCHE                                      ;9.855;0;2;6;0;75;14.5;1;0;     ;
432;432;GROUPE FC LINE CONV 70 -1/2CV;4 X 25 M + 1 X 10 M;89;6;MATERIEL VENTE                ;0;;0;;    ;;116;LENNE                                                       ;1471.35;0;2;1;0;100;0;1;0;     ;
434;434;LONGUEROCHE TRADITION RGE 75CL;AOC CORBIERES;10;69;CORBIERES BLLE                ;20;VIN ROUGE;226;DOMAINE LONGUEROCHE;    ;;47;DOMAINE DE LONGUEROCHE                                      ;6.3;0;2;6;58;75;13;1;0;     ;
436;436;LONGUEROCHE C RAOUL RGE 75CL;AOC CORBIERES;10;69;CORBIERES BLLE                ;20;VIN ROUGE;226;DOMAINE LONGUEROCHE;    ;;47;DOMAINE DE LONGUEROCHE                                      ;15.4575;0;2;6;11;75;13.5;1;0;     ;
437;437;LONGUEROCHE C RESERVEE RG 75CL;AOC CORBIERES;10;69;CORBIERES BLLE                ;20;VIN ROUGE;226;DOMAINE LONGUEROCHE;    ;;47;DOMAINE DE LONGUEROCHE                                      ;8.5;0;2;6;28;75;13;1;0;     ;
438;438;BIB 10L FUT CHENE ROUGE;;10;70;CORBIERES BIB                 ;20;VIN ROUGE;226;DOMAINE LONGUEROCHE;    ;;47;DOMAINE DE LONGUEROCHE                                      ;32.37;0;2;1;12;1000;12.5;1;0;4    ;BIB
439;439;BIB 10L TRADITION ROUGE 12°5;;10;70;CORBIERES BIB                 ;20;VIN ROUGE;226;DOMAINE LONGUEROCHE;    ;;47;DOMAINE DE LONGUEROCHE                                      ;24.57;0;2;1;3;1000;12.5;1;0;4    ;BIB
440;440;BIB 5L FUT CHENE ROUGE;;10;70;CORBIERES BIB                 ;20;VIN ROUGE;226;DOMAINE LONGUEROCHE;    ;;47;DOMAINE DE LONGUEROCHE                                      ;19.37;0;2;1;4;500;12.5;1;0;4    ;BIB
441;441;BIB 5L TRADITION ROUGE 12°5;;10;70;CORBIERES BIB                 ;20;VIN ROUGE;226;DOMAINE LONGUEROCHE;    ;;47;DOMAINE DE LONGUEROCHE                                      ;15.47;0;2;1;8;500;12.5;1;0;4    ;BIB
479;479;SUZE 100CL;;1;47;GENTIANES                     ;0;;0;;    ;;4;METRO                                                       ;10.95;0;2;6;7;100;15;1;0;     ;
481;481;PASSOA 70CL;A BASE DE JUS FRUIT PASSION;1;41;LIQUEURS CREMES               ;0;;0;;    ;;60;WILLIAM GRANT & SONS                                        ;12.036;0;2;6;0;70;15;1;0;     ;
483;483;BIB 3L MUSCAT RIVESALTES;CAP DE FOUSTE;10;90;MUSCAT                        ;0;;0;;    ;;363;CHATEAU CAP DE FOUSTE SCI                                   ;26.221;0;2;1;3;300;15.5;1;0;4    ;BIB
485;485;MUSCAT VALAURIA 100CL;AOC RIVESALTES;10;90;MUSCAT                        ;0;;0;;    ;;362;SVS LA MARTINIQUAISE BLMHD                                  ;8.1;0;2;6;0;100;15.5;1;0;     ;
522;522;RATZ AMBREE 30L;TP/FONTANES LOT;20;1;BIERE FUT 30L                 ;4;AMBREE / ROUSSE / RED ALE;27;BRASSERIE RATZ;FR  ;FRANCE                                  ;57;RATZ BRASSERIE ARTISANALE                                   ;2.9;0.2266;2;30;360;100;5.5;1;30;1    ;FUT INOX
525;525;SAS PILS 30L;TC/BELGIQUE;20;1;BIERE FUT 30L                 ;7;LAGER / PILS / ALE / BLONDE;14;BRASSERIE HET SAS;BE  ;BELGIQUE                                ;290;BRASSERIE KAPITTEL SA                                       ;2.17;0.206;2;30;5070;100;5;1;30;1    ;FUT INOX
528;528;HOMMELBIER 30L;BELGIQUE;20;1;BIERE FUT 30L                 ;10;TRIPLE;13;BRASSERIE VAN EECKE;BE  ;BELGIQUE                                ;290;BRASSERIE KAPITTEL SA                                       ;3.15;0.309;2;30;240;100;7.5;1;30;1    ;FUT INOX
535;535;ST STEFANUS BLONDE 20L;TC / BLONDE BELGIQUE;20;2;BIERE FUT 20L                 ;10;TRIPLE;180;ASAHI;BE  ;BELGIQUE                                ;272;RHONE BOISSONS                                              ;3.89;0.2884;2;20;-220;100;7;1;30;1    ;FUT INOX
549;549;RATZ BLANCHE 30L;TP/FONTANES LOT;20;1;BIERE FUT 30L                 ;3;BLANCHE;27;BRASSERIE RATZ;FR  ;FRANCE                                  ;57;RATZ BRASSERIE ARTISANALE                                   ;3.05;0.1854;2;30;870;100;4.5;1;30;1    ;FUT INOX
557;557;RATZ NOEL 30L;;20;1;BIERE FUT 30L                 ;4;AMBREE / ROUSSE / RED ALE;27;BRASSERIE RATZ;FR  ;FRANCE                                  ;57;RATZ BRASSERIE ARTISANALE                                   ;3.2525;0.2472;2;30;0;100;6;1;30;1    ;FUT INOX
558;558;LUPULUS TRIPLE BLONDE 20L;BELGIQUE;20;2;BIERE FUT 20L                 ;10;TRIPLE;10;BRASSERIE LUPULUS;BE  ;BELGIQUE                                ;13;VANUXEEM BROUWERIJ SA/NV                                    ;4.15;0.3502;2;20;700;100;8.5;1;30;1    ;FUT INOX
559;559;LUPULUS BRUNE 20L;BELGIQUE;20;2;BIERE FUT 20L                 ;12;BRUNE;10;BRASSERIE LUPULUS;    ;;77;BRASSERIE LUPULUS SPRL                                      ;4.3294;0.3502;2;20;0;100;8.5;1;30;1    ;FUT INOX
561;561;DUPONT MONKS STOUT 20L;;20;2;BIERE FUT 20L                 ;5;STOUT / PORTER;88;BRASSERIE DUPONT;BE  ;BELGIQUE                                ;13;VANUXEEM BROUWERIJ SA/NV                                    ;3.9393;0.21424;2;20;360;100;5.2;1;30;1    ;FUT INOX
573;573;SAISON DUPONT 20L;BELGIQUE TC;20;2;BIERE FUT 20L                 ;11;SAISON;88;BRASSERIE DUPONT;BE  ;BELGIQUE                                ;13;VANUXEEM BROUWERIJ SA/NV                                    ;3.75;0.2678;2;20;1800;100;6.5;0;30;1    ;FUT INOX
583;583;MOINETTE AMBREE 20L;BELGIQUE;20;2;BIERE FUT 20L                 ;4;AMBREE / ROUSSE / RED ALE;88;BRASSERIE DUPONT;BE  ;BELGIQUE                                ;13;VANUXEEM BROUWERIJ SA/NV                                    ;4.6022;0.3502;2;20;380;100;8.5;1;30;1    ;FUT INOX
603;603;BOON FRAMBOISE 25VC;LAMBIC FRUITEE;20;8;BIERE 25CL VC                 ;14;FRUITEE;41;BRASSERIE BOON ;BE  ;BELGIQUE                                ;13;VANUXEEM BROUWERIJ SA/NV                                    ;2.0245;0.0515;2;24;215;25;5;1;4.5;2    ;CAISSE
604;604;BOON KRIEK 25VC;;20;8;BIERE 25CL VC                 ;14;FRUITEE;41;BRASSERIE BOON ;BE  ;BELGIQUE                                ;13;VANUXEEM BROUWERIJ SA/NV                                    ;1.5342;0.0412;2;24;286;25;4;1;4.5;2    ;CAISSE
605;605;BOON FARO 25VC;;20;8;BIERE 25CL VC                 ;13;LAMBIC;41;BRASSERIE BOON ;BE  ;BELGIQUE                                ;13;VANUXEEM BROUWERIJ SA/NV                                    ;1.4484;0.0515;2;24;341;25;5;1;4.5;2    ;CAISSE
610;610;DUCHESSE BOURGOGNE 25VC;;20;8;BIERE 25CL VC                 ;6;BARREL AGED;15;BRASSERIE VERHAEGHE;BE  ;BELGIQUE                                ;13;VANUXEEM BROUWERIJ SA/NV                                    ;1.627;0.06386;2;24;120;25;6.2;1;4.5;02   ;INCONNU
611;611;GRISETTE BLANCHE BIO 25VC;;20;8;BIERE 25CL VC                 ;3;BLANCHE;11;BRASSERIE SAINT FEUILLIEN;BE  ;BELGIQUE                                ;13;VANUXEEM BROUWERIJ SA/NV                                    ;1.1865;0.05665;2;24;239;25;5.5;1;4.5;2    ;CAISSE
612;612;GRISETTE BLONDE BIO 25VC;BLONDE SANS GLUTEN;20;8;BIERE 25CL VC                 ;7;LAGER / PILS / ALE / BLONDE;11;BRASSERIE SAINT FEUILLIEN;BE  ;BELGIQUE                                ;13;VANUXEEM BROUWERIJ SA/NV                                    ;1.2779;0.05665;2;24;247;25;5.5;1;4.5;2    ;CAISSE
614;614;HOMMELBIER 25VC;BELGIQUE;20;8;BIERE 25CL VC                 ;10;TRIPLE;13;BRASSERIE VAN EECKE;BE  ;BELGIQUE                                ;290;BRASSERIE KAPITTEL SA                                       ;0.9929;0.07725;2;24;258;25;7.5;1;4.5;2    ;CAISSE
622;622;LINDEMANS KRIEK 25VC;BIERE CERISE;20;8;BIERE 25CL VC                 ;14;FRUITEE;42;BRASSERIE LINDEMANS;BE  ;BELGIQUE                                ;13;VANUXEEM BROUWERIJ SA/NV                                    ;1.3571;0.03605;2;24;227;25;3.5;1;4.5;2    ;CAISSE
625;625;LINDEMANS GUEUZE 25VC;BELGIQUE;20;8;BIERE 25CL VC                 ;13;LAMBIC;42;BRASSERIE LINDEMANS;BE  ;BELGIQUE                                ;13;VANUXEEM BROUWERIJ SA/NV                                    ;1.0272;0.0515;2;24;54;25;5;1;4.5;2    ;CAISSE
627;627;BLANCHE DE NAMUR 25VC;;20;8;BIERE 25CL VC                 ;3;BLANCHE;37;BRASSERIE DU BOCQ;BE  ;BELGIQUE                                ;13;VANUXEEM BROUWERIJ SA/NV                                    ;0.9947;0.04635;2;24;217;25;4.5;1;4.5;2    ;CAISSE
642;642;AREND BLONDE 33VC;;20;9;BIERE 33CL VC                 ;7;LAGER / PILS / ALE / BLONDE;89;BRASSERIE DE RYCK;BE  ;BELGIQUE                                ;13;VANUXEEM BROUWERIJ SA/NV                                    ;1.6306;0.08837;2;24;0;33;6.5;1;7;2    ;CAISSE
647;647;BARBAR BLONDE MECA 33VC;TRIPLE AU MIEL;20;9;BIERE 33CL VC                 ;10;TRIPLE;98;BRASSERIE LEFEBVRE;BE  ;BELGIQUE                                ;13;VANUXEEM BROUWERIJ SA/NV                                    ;1.7766;0.10877;2;20;161;33;8;1;12;2    ;CAISSE
658;658;ST BERNARDUS BLANCHE 33VC;BELGIQUE;20;9;BIERE 33CL VC                 ;3;BLANCHE;31;BRASSERIE SAINT BERNARD;BE  ;BELGIQUE                                ;13;VANUXEEM BROUWERIJ SA/NV                                    ;1.1561;0.07478;2;24;146;33;5.5;1;4.5;2    ;CAISSE
659;659;ST BERNARDUS TRIPLE 33VC;;20;9;BIERE 33CL VC                 ;10;TRIPLE;31;BRASSERIE SAINT BERNARD;BE  ;BELGIQUE                                ;13;VANUXEEM BROUWERIJ SA/NV                                    ;1.538;0.10877;2;24;42;33;8;1;4.5;2    ;CAISSE
664;664;BRUGSE ZOT BLONDE 33VC;;20;9;BIERE 33CL VC                 ;7;LAGER / PILS / ALE / BLONDE;8;BRASSERIE DE HALVE MAAN;BE  ;BELGIQUE                                ;13;VANUXEEM BROUWERIJ SA/NV                                    ;1.5876;0.08158;2;24;0;33;6;1;7;2    ;CAISSE
665;665;BUSH AMBREE CARACTERE 33VC;BELGIQUE;20;9;BIERE 33CL VC                 ;4;AMBREE / ROUSSE / RED ALE;20;BRASSERIE DUBUISSON;BE  ;BELGIQUE                                ;13;VANUXEEM BROUWERIJ SA/NV                                    ;1.7741;0.16315;2;24;137;33;12;1;4.5;2    ;CAISSE
669;669;CAROLUS AMBRIO 33VC;;20;9;BIERE 33CL VC                 ;4;AMBREE / ROUSSE / RED ALE;29;BRASSERIE HET ANKER;BE  ;BELGIQUE                                ;13;VANUXEEM BROUWERIJ SA/NV                                    ;1.7436;0.21754;2;24;24;33;8;1;4.5;2    ;CAISSE
670;670;CAROLUS CLASSIC 33VC;;20;9;BIERE 33CL VC                 ;12;BRUNE;29;BRASSERIE HET ANKER;BE  ;BELGIQUE                                ;13;VANUXEEM BROUWERIJ SA/NV                                    ;1.7014;0.23113;2;24;48;33;8.5;1;4.5;2    ;CAISSE
672;672;CAROLUS TRIPLE 33VC;BELGIQUE;20;9;BIERE 33CL VC                 ;10;TRIPLE;29;BRASSERIE HET ANKER;BE  ;BELGIQUE                                ;13;VANUXEEM BROUWERIJ SA/NV                                    ;1.7145;0.24473;2;24;176;33;9;1;4.5;2    ;CAISSE
673;673;CHIMAY TRIPLE 33VC;;20;9;BIERE 33CL VC                 ;10;TRIPLE;9;BRASSERIE DE CHIMAY SCOURMONT;BE  ;BELGIQUE                                ;13;VANUXEEM BROUWERIJ SA/NV                                    ;1.58;0.10877;2;24;90;33;8;1;4.5;2    ;CAISSE
674;674;CHIMAY BLEU 33VC;BELGIQUE;20;9;BIERE 33CL VC                 ;0;;9;BRASSERIE DE CHIMAY SCOURMONT;BE  ;BELGIQUE                                ;13;VANUXEEM BROUWERIJ SA/NV                                    ;1.7195;0.12236;2;24;6;33;9;1;4.5;2    ;CAISSE
679;679;DELIRIUM TREMENS 33VC;BELGIQUE;20;9;BIERE 33CL VC                 ;10;TRIPLE;40;BRASSERIE HUYGHE;BE  ;BELGIQUE                                ;13;VANUXEEM BROUWERIJ SA/NV                                    ;1.7685;0.23113;2;24;2;33;8.5;1;11.8;2    ;CAISSE
699;699;DE RANKE GULDENBERG 33VC;TRIPLE;20;9;BIERE 33CL VC                 ;10;TRIPLE;16;BRASSERIE DE RANKE;BE  ;BELGIQUE                                ;13;VANUXEEM BROUWERIJ SA/NV                                    ;1.7072;0.10877;2;24;375;33;8;1;4.5;2    ;CAISSE
701;701;GULDEN DRAAK 33VC;BRUNE;20;9;BIERE 33CL VC                 ;12;BRUNE;26;BRASSERIE VAN STEENBERGE;BE  ;BELGIQUE                                ;13;VANUXEEM BROUWERIJ SA/NV                                    ;1.4883;0.14276;2;24;9;33;10.5;1;4.5;2    ;CAISSE
706;706;HERCULE STOUT 33VC X12;;20;9;BIERE 33CL VC                 ;5;STOUT / PORTER;3;BRASSERIE DES LEGENDES ;BE  ;BELGIQUE                                ;13;VANUXEEM BROUWERIJ SA/NV                                    ;2.3403;0.12236;2;12;83;33;9;1;8.4;2    ;CAISSE
710;710;KAPITTEL BLONDE 33VC;BELGIQUE;20;9;BIERE 33CL VC                 ;7;LAGER / PILS / ALE / BLONDE;13;BRASSERIE VAN EECKE;BE  ;BELGIQUE                                ;290;BRASSERIE KAPITTEL SA                                       ;1.0412;0.08837;2;24;324;33;6.5;1;4.5;2    ;CAISSE
714;714;KARMELIET TRIPLE 33VC;BELGIQUE;20;9;BIERE 33CL VC                 ;0;;38;BRASSERIE BOSTEELS;BE  ;BELGIQUE                                ;13;VANUXEEM BROUWERIJ SA/NV                                    ;1.8427;0.22841;2;24;325;33;8.4;1;4.5;2    ;CAISSE
726;726;MOINETTE BLONDE 33VC;BELGIQUE;20;9;BIERE 33CL VC                 ;10;TRIPLE;88;BRASSERIE DUPONT;BE  ;BELGIQUE                                ;13;VANUXEEM BROUWERIJ SA/NV                                    ;1.6623;0.11557;2;24;205;33;8.5;1;4.5;2    ;CAISSE
729;729;MOINETTE AMBREE 33VC;;20;9;BIERE 33CL VC                 ;4;AMBREE / ROUSSE / RED ALE;88;BRASSERIE DUPONT;BE  ;BELGIQUE                                ;13;VANUXEEM BROUWERIJ SA/NV                                    ;1.6623;0.11557;2;24;80;33;8.5;1;4.5;2    ;CAISSE
732;732;ORVAL 33VC;BELGIAN PALE ALE;20;9;BIERE 33CL VC                 ;8;PALE ALE;99;ABBAYE ORVAL;BE  ;BELGIQUE                                ;13;VANUXEEM BROUWERIJ SA/NV                                    ;1.8303;0.0843;2;24;220;33;6.2;1;4.5;2    ;CAISSE
734;734;PATER LIEVEN BLONDE 33VC;BELGIQUE;20;9;BIERE 33CL VC                 ;0;;23;BRASSERIE VAN DEN BOSSCHE ;BE  ;BELGIQUE                                ;13;VANUXEEM BROUWERIJ SA/NV                                    ;1.4591;0.08837;2;24;140;33;6.5;1;4.5;2    ;CAISSE
735;735;PATER LIEVEN BRUNE 33VC;BELGIQUE;20;9;BIERE 33CL VC                 ;0;;23;BRASSERIE VAN DEN BOSSCHE ;BE  ;BELGIQUE                                ;13;VANUXEEM BROUWERIJ SA/NV                                    ;1.4088;0.08837;2;24;51;33;6.5;1;4.5;2    ;CAISSE
736;736;PATER LIEVEN TRIPLE 33VC;BELGIQUE;20;9;BIERE 33CL VC                 ;0;;23;BRASSERIE VAN DEN BOSSCHE ;BE  ;BELGIQUE                                ;13;VANUXEEM BROUWERIJ SA/NV                                    ;1.7583;0.10877;2;24;66;33;8;1;4.5;2    ;CAISSE
746;746;ROCHEFORT 10 33VC;QUADRUPLE;20;9;BIERE 33CL VC                 ;12;BRUNE;21;ABBAYE DE SAINT REMY;BE  ;BELGIQUE                                ;13;VANUXEEM BROUWERIJ SA/NV                                    ;2.2517;0.15363;2;24;327;33;11.3;1;4.5;2    ;CAISSE
747;747;ROCHEFORT 6 33VC;;20;9;BIERE 33CL VC                 ;29;DUBBLE / DOUBLE GRAINS;21;ABBAYE DE SAINT REMY;BE  ;BELGIQUE                                ;13;VANUXEEM BROUWERIJ SA/NV                                    ;1.4349;0.10197;2;24;109;33;7.5;1;4.5;2    ;CAISSE
748;748;ROCHEFORT 8 33VC;STRONG ALE;20;9;BIERE 33CL VC                 ;12;BRUNE;21;ABBAYE DE SAINT REMY;BE  ;BELGIQUE                                ;13;VANUXEEM BROUWERIJ SA/NV                                    ;1.7681;0.12508;2;24;318;33;9.2;1;4.5;2    ;CAISSE
751;751;QUINTINE AMBREE 33VC X12;;20;9;BIERE 33CL VC                 ;4;AMBREE / ROUSSE / RED ALE;3;BRASSERIE DES LEGENDES ;BE  ;BELGIQUE                                ;13;VANUXEEM BROUWERIJ SA/NV                                    ;1.998;0.11557;2;12;106;33;8.5;1;8.4;2    ;CAISSE
752;752;SAISON DUPONT 33VC;BELGIQUE;20;9;BIERE 33CL VC                 ;11;SAISON;88;BRASSERIE DUPONT;BE  ;BELGIQUE                                ;13;VANUXEEM BROUWERIJ SA/NV                                    ;1.303;0.08837;2;24;1546;33;6.5;1;4.5;2    ;CAISSE
753;753;QUINTINE BLONDE 33VC X12;;20;9;BIERE 33CL VC                 ;7;LAGER / PILS / ALE / BLONDE;3;BRASSERIE DES LEGENDES ;BE  ;BELGIQUE                                ;13;VANUXEEM BROUWERIJ SA/NV                                    ;1.9355;0.10877;2;12;126;33;8;1;8.4;2    ;CAISSE
756;756;ST BERNARDUS ABT 12 33VC;QUADRUPLE;20;9;BIERE 33CL VC                 ;0;;31;BRASSERIE SAINT BERNARD;BE  ;BELGIQUE                                ;13;VANUXEEM BROUWERIJ SA/NV                                    ;1.8081;0.13596;2;24;127;33;10;1;4.5;2    ;CAISSE
757;757;ST BERNARDUS PRIOR 8° 33VC;BRUNE;20;9;BIERE 33CL VC                 ;12;BRUNE;31;BRASSERIE SAINT BERNARD;BE  ;BELGIQUE                                ;13;VANUXEEM BROUWERIJ SA/NV                                    ;1.4309;0.10877;2;24;101;33;8;1;4.5;2    ;CAISSE
759;759;QUINTINE NOEL 33VC;AMBREE ROUGE;20;22;BIERE NOEL/HIVER 25/33        ;18;HIVER / NOEL;3;BRASSERIE DES LEGENDES ;BE  ;BELGIQUE                                ;13;VANUXEEM BROUWERIJ SA/NV                                    ;1.7704;0.10605;2;12;0;33;7.8;1;8.4;2    ;CAISSE
762;762;ST FEUILLIEN GRAND CRU 33VC;BELGIQUE;20;9;BIERE 33CL VC                 ;10;TRIPLE;11;BRASSERIE SAINT FEUILLIEN;BE  ;BELGIQUE                                ;13;VANUXEEM BROUWERIJ SA/NV                                    ;1.8999;0.12916;2;24;3;33;9.5;1;4.5;2    ;CAISSE
764;764;STRAFFE HENDRIK TRIPLE 33VC;BELGIQUE;20;9;BIERE 33CL VC                 ;10;TRIPLE;8;BRASSERIE DE HALVE MAAN;BE  ;BELGIQUE                                ;13;VANUXEEM BROUWERIJ SA/NV                                    ;1.8877;0.12236;2;24;74;33;9;1;7;2    ;CAISSE
765;765;STRAFFE HENDRIK QUADRUPLE 33VC;BELGIQUE;20;9;BIERE 33CL VC                 ;10;TRIPLE;8;BRASSERIE DE HALVE MAAN;BE  ;BELGIQUE                                ;13;VANUXEEM BROUWERIJ SA/NV                                    ;2.1878;0.14956;2;24;99;33;11;1;7;2    ;CAISSE
782;782;WESTMALLE DOUBLE 33VC;BELGIQUE;20;9;BIERE 33CL VC                 ;12;BRUNE;5;BRASSERIE WESTMALLE;BE  ;BELGIQUE                                ;13;VANUXEEM BROUWERIJ SA/NV                                    ;1.4425;0.09517;2;24;193;33;7;1;4.5;2    ;CAISSE
783;783;WESTMALLE TRIPLE 33VC;BELGIQUE;20;9;BIERE 33CL VC                 ;10;TRIPLE;5;BRASSERIE WESTMALLE;BE  ;BELGIQUE                                ;13;VANUXEEM BROUWERIJ SA/NV                                    ;1.7879;0.12916;2;24;110;33;9.5;1;4.5;2    ;CAISSE
785;785;WITKAP TRIPLE 33VC;TRIPLE;20;9;BIERE 33CL VC                 ;10;TRIPLE;58;BRASSERIE SLAGHMUYLDER;BE  ;BELGIQUE                                ;13;VANUXEEM BROUWERIJ SA/NV                                    ;1.6647;0.10197;2;24;20;33;7.5;1;7;2    ;CAISSE
786;786;DE RANKE XX BITTER 33VC;BELGIAN ALE;20;9;BIERE 33CL VC                 ;8;PALE ALE;16;BRASSERIE DE RANKE;BE  ;BELGIQUE                                ;13;VANUXEEM BROUWERIJ SA/NV                                    ;1.583;0.08158;2;24;426;33;6;1;4.5;2    ;CAISSE
788;788;LEFORT TRIPLE 33VC;;20;9;BIERE 33CL VC                 ;10;TRIPLE;157;BRASSERIE LEFORT;BE  ;BELGIQUE                                ;13;VANUXEEM BROUWERIJ SA/NV                                    ;1.7636;0.11964;2;24;25;33;8.8;1;4.5;2    ;CAISSE
789;789;DE RANK SAISON DOTTIGNIES 33VC;SAISON AMBREE;20;9;BIERE 33CL VC                 ;11;SAISON;16;BRASSERIE DE RANKE;BE  ;BELGIQUE                                ;13;VANUXEEM BROUWERIJ SA/NV                                    ;1.7457;0.07478;2;24;129;33;5.5;1;4.5;2    ;CAISSE
790;790;DE RANKE NOIR DOTTIGNIES 33VC;BRUNE;20;9;BIERE 33CL VC                 ;5;STOUT / PORTER;16;BRASSERIE DE RANKE;BE  ;BELGIQUE                                ;13;VANUXEEM BROUWERIJ SA/NV                                    ;1.8864;0.11557;2;24;98;33;8.5;1;4.5;2    ;CAISSE
792;792;DE RANKE SIMPLEX BLONDE 33VC;NON FILTREE NON PASTEURISEE;20;9;BIERE 33CL VC                 ;8;PALE ALE;16;BRASSERIE DE RANKE;BE  ;BELGIQUE                                ;13;VANUXEEM BROUWERIJ SA/NV                                    ;1.5651;0.06118;2;24;360;33;4.5;1;4.5;2    ;CAISSE
797;797;DE RANKE BACK TO BLACK 75VC;VIEILLIE 9 MOIS EN FOUDRE;20;14;BIERE 75VC                    ;5;STOUT / PORTER;16;BRASSERIE DE RANKE;BE  ;BELGIQUE                                ;13;VANUXEEM BROUWERIJ SA/NV                                    ;7.3119;0.29355;2;6;10;75;9.5;1;1.5;3    ;CARTONS
799;799;BREWDOG BLACK JACQUES 33VP;ECOSSE;20;10;BIERE 20/25/33/35CL VP        ;0;;57;BRASSERIE BREWDOG;SF  ;ECOSSE                                  ;252;IBB                                                         ;8.653;0.15092;2;24;3;33;11.1;1;0;3    ;CARTONS
806;806;BREWDOG TOKYO 33VP;ECOSSE;20;10;BIERE 20/25/33/35CL VP        ;0;;57;BRASSERIE BREWDOG;SF  ;ECOSSE                                  ;252;IBB                                                         ;7.003;0.22433;2;24;0;33;16.5;1;0;3    ;CARTONS
812;812;GUE MOINES SERIE NOIRE 33VP;BRUNE FUMÉE;20;10;BIERE 20/25/33/35CL VP        ;5;STOUT / PORTER;48;BRASSERIE GUE DES MOINES;FR  ;FRANCE                                  ;282;SAS PAILLE FREYBURGER                                       ;1.8897;0.10197;2;24;51;33;7.5;1;0;3    ;CARTONS
820;820;GUE MOINES LABELLE NEIPA 33VP;BRUGUIERES / HAUTE-GARONNE;20;10;BIERE 20/25/33/35CL VP        ;0;;48;BRASSERIE GUE DES MOINES;FR  ;FRANCE                                  ;282;SAS PAILLE FREYBURGER                                       ;2.2927;0.07886;2;24;61;33;5.8;1;0;3    ;CARTONS
866;866;RATZ AMBREE 33VP;FONTANES LOT;20;10;BIERE 20/25/33/35CL VP        ;0;;27;BRASSERIE RATZ;FR  ;FRANCE                                  ;57;RATZ BRASSERIE ARTISANALE                                   ;1.4353;0.06798;2;12;209;33;5;1;0;3    ;CARTONS
867;867;RATZ BLANCHE 33VP;FONTANES LOT;20;10;BIERE 20/25/33/35CL VP        ;0;;27;BRASSERIE RATZ;FR  ;FRANCE                                  ;57;RATZ BRASSERIE ARTISANALE                                   ;1.4353;0.06798;2;12;182;33;5;1;0;3    ;CARTONS
868;868;RATZ BLONDE 33VP;FONTANES LOT;20;10;BIERE 20/25/33/35CL VP        ;0;;27;BRASSERIE RATZ;FR  ;FRANCE                                  ;57;RATZ BRASSERIE ARTISANALE                                   ;1.4315;0.06798;2;12;158;33;5;1;0;3    ;CARTONS
870;870;RATZ NOEL 33VP;AMBREE;20;22;BIERE NOEL/HIVER 25/33        ;18;HIVER / NOEL;27;BRASSERIE RATZ;FR  ;FRANCE                                  ;57;RATZ BRASSERIE ARTISANALE                                   ;1.4622;0.08158;2;12;0;33;6;1;0;3    ;CARTONS
871;871;GUE MOINES LABELLE IPA 33VP;BRUGUIERES / HAUTE-GARONNE;20;10;BIERE 20/25/33/35CL VP        ;1;IPA;48;BRASSERIE GUE DES MOINES;FR  ;FRANCE                                  ;282;SAS PAILLE FREYBURGER                                       ;2.3254;0.07886;2;24;35;33;5.8;0;0;3    ;CARTONS
872;872;ST PATRICK RATZ 33VP;STOUT;20;10;BIERE 20/25/33/35CL VP        ;5;STOUT / PORTER;27;BRASSERIE RATZ;FR  ;FRANCE                                  ;57;RATZ BRASSERIE ARTISANALE                                   ;1.4522;0.06798;2;12;0;33;5;1;0;3    ;CARTONS
873;873;GUE MOINES ROI DE COEUR 33VP;IPA;20;10;BIERE 20/25/33/35CL VP        ;1;IPA;48;BRASSERIE GUE DES MOINES;FR  ;FRANCE                                  ;282;SAS PAILLE FREYBURGER                                       ;1.9191;0.09925;2;24;197;33;7.3;1;0;3    ;CARTONS
874;874;GUE MOINES GAME OVER 33VP;AMBREE;20;10;BIERE 20/25/33/35CL VP        ;4;AMBREE / ROUSSE / RED ALE;48;BRASSERIE GUE DES MOINES;FR  ;FRANCE                                  ;282;SAS PAILLE FREYBURGER                                       ;1.9469;0.07886;2;24;130;33;5.8;1;0;3    ;CARTONS
875;875;ST STEFANUS ABBAYE BLONDE 33VP;;20;10;BIERE 20/25/33/35CL VP        ;0;;26;BRASSERIE VAN STEENBERGE;BE  ;BELGIQUE                                ;272;RHONE BOISSONS                                              ;2.1616;0.09517;2;12;0;33;7;1;0;3    ;CARTONS
877;877;GUE MOINES BLDE OCCITANIE 33VP;BLONDE ALE;20;10;BIERE 20/25/33/35CL VP        ;8;PALE ALE;48;BRASSERIE GUE DES MOINES;FR  ;FRANCE                                  ;282;SAS PAILLE FREYBURGER                                       ;1.6972;0.06118;2;24;248;33;4.5;1;0;3    ;CARTONS
887;887;BACCHUS FRAMBOISE 37.5VC;;20;12;BIERE 37.5CL                  ;14;FRUITEE;18;BRASSERIE VAN HONSEBROUCK;BE  ;BELGIQUE                                ;13;VANUXEEM BROUWERIJ SA/NV                                    ;2.6557;0.07725;2;20;12;38;5;1;6.9;2    ;CAISSE
888;888;MOINETTE BONS VOEUX 37,5VC;;20;12;BIERE 37.5CL                  ;11;SAISON;88;BRASSERIE DUPONT;BE  ;BELGIQUE                                ;13;VANUXEEM BROUWERIJ SA/NV                                    ;2.2869;0.14678;2;24;949;38;9.5;1;6.9;2    ;CAISSE
890;890;KRIEK MARIAGE PARFAIT 37.5VC;BOON OUDE KRIEK;20;12;BIERE 37.5CL                  ;2;SOUR;41;BRASSERIE BOON ;BE  ;BELGIQUE                                ;13;VANUXEEM BROUWERIJ SA/NV                                    ;4.53;0.1236;2;12;102;38;8;0;2.4;2    ;CAISSE
891;891;BOON OUDE GUEUZE 37.5VC;;20;12;BIERE 37.5CL                  ;2;SOUR;41;BRASSERIE BOON ;BE  ;BELGIQUE                                ;13;VANUXEEM BROUWERIJ SA/NV                                    ;2.6528;0.10815;2;12;7;38;7;1;7;2    ;CAISSE
892;892;GUE MOINES PREAMBULE 33VP;BLANCHE;20;10;BIERE 20/25/33/35CL VP        ;3;BLANCHE;48;BRASSERIE GUE DES MOINES;FR  ;FRANCE                                  ;282;SAS PAILLE FREYBURGER                                       ;1.9469;0.07886;2;24;271;33;5.8;1;0;3    ;CARTONS
895;895;OUD BEERSEL OUDE GUEUZE 37.5VP;;20;12;BIERE 37.5CL                  ;2;SOUR;100; BRASSERIE OUD BEERSEL;BE  ;BELGIQUE                                ;13;VANUXEEM BROUWERIJ SA/NV                                    ;4.0771;0.0927;2;12;22;38;6;1;0;3    ;CARTONS
936;936;SCHLENKERLA RAUCH. MAERZ. 50VC;MARZEN;20;11;BIERE 50CL VC                 ;0;;84;BRASSERIE HELLER;DE  ;ALLEMAGNE                               ;104;MD BOISSONS HO BIERE                                        ;1.8313;0.10506;2;20;80;50;5.1;1;4.8;2    ;CAISSE
937;937;MJG COLLIOURE ROUGE 75CL;AOP COLLIOURE;10;93;COLLIOURE                     ;20;VIN ROUGE;0;;FR  ;FRANCE                                  ;340;SARL LES VINS DE JOSEPH                                     ;6.84;0;2;6;6;75;14.5;1;0;3    ;CARTONS
938;938;PIGGY MONSTRUOUS COFFEE 20LK;BOURB IMP OATMEAL ST / MOSELLE;20;2;BIERE FUT 20L                 ;5;STOUT / PORTER;137;THE PIGGY BREWING COMPAGNY;FR  ;FRANCE                                  ;125;THE PIGGY BREWING COMPANY                                   ;7.392;0.4532;2;20;20;100;11;0;0;6    ;FUT DOLIUM
947;947;DUO PRESTIGE BLANC 75CL;COTES CATALANE;10;92;COTES CATALANES               ;22;VIN BLANC SEC;0;;FR  ;FRANCE                                  ;340;SARL LES VINS DE JOSEPH                                     ;7.2;0;2;6;4;75;13;1;0;3    ;CARTONS
949;949;AUTHENTIQUE DU MAS RGE 75CL;CABERNET SAUVIGNON /DOM VEZIAN;10;92;COTES CATALANES               ;20;VIN ROUGE;0;;FR  ;FRANCE                                  ;340;SARL LES VINS DE JOSEPH                                     ;5.67;0;2;6;21;75;13;1;0;3    ;CARTONS
951;951;BLANCHE DES HONNELLES 75VC;;20;14;BIERE 75VC                    ;3;BLANCHE;39;BRASSERIE ABBAYE DES ROCS;BE  ;BELGIQUE                                ;13;VANUXEEM BROUWERIJ SA/NV                                    ;3.0221;0.1854;2;12;0;75;6;1;2.4;3    ;CARTONS
952;952;BLANCHE DE NAMUR 75VC;;20;14;BIERE 75VC                    ;0;;37;BRASSERIE DU BOCQ;BE  ;BELGIQUE                                ;13;VANUXEEM BROUWERIJ SA/NV                                    ;2.6558;0.13905;2;12;81;75;4.5;1;4.5;2    ;CAISSE
953;953;MOINETTE BONS VOEUX 75VC;;20;14;BIERE 75VC                    ;11;SAISON;88;BRASSERIE DUPONT;BE  ;BELGIQUE                                ;13;VANUXEEM BROUWERIJ SA/NV                                    ;3.9878;0.29355;2;12;446;75;9.5;1;4.5;2    ;CAISSE
955;955;BOON OUDE GUEUZE 75VP !! X12!!;CARTON DE 12 BOUTEILLES;20;15;BIERE 75VP                    ;13;LAMBIC;41;BRASSERIE BOON ;BE  ;BELGIQUE                                ;13;VANUXEEM BROUWERIJ SA/NV                                    ;5.0264;0.2163;2;12;23;75;7;1;0;3    ;CARTONS
962;962;CANTILLON GUEUZE BIO 75VP;;20;15;BIERE 75VP                    ;0;;103;BRASSERIE CANTILLON;BE  ;BELGIQUE                                ;13;VANUXEEM BROUWERIJ SA/NV                                    ;8.3861;0.16995;2;6;18;75;5.5;1;0;3    ;CARTONS
963;963;CANTILLON KRIEK BIO 75VP;;20;15;BIERE 75VP                    ;13;LAMBIC;103;BRASSERIE CANTILLON;BE  ;BELGIQUE                                ;13;VANUXEEM BROUWERIJ SA/NV                                    ;10.9316;0.1854;2;6;88;75;6;1;0;3    ;CARTONS
966;966;CAROLUS CUV IMPERIAL BLDE 75VP;VAN DE KEISER ROUGE / BELGIQUE;20;15;BIERE 75VP                    ;6;BARREL AGED;29;BRASSERIE HET ANKER;BE  ;BELGIQUE                                ;13;VANUXEEM BROUWERIJ SA/NV                                    ;6.5956;0.309;2;6;4;75;10;1;0;3    ;CARTONS
967;967;CAROLUS C. IMPERIAL DARK 75VP;VAN DE KEIZER BLEUE / BELGIQUE;20;15;BIERE 75VP                    ;0;;29;BRASSERIE HET ANKER;BE  ;BELGIQUE                                ;13;VANUXEEM BROUWERIJ SA/NV                                    ;6.0786;0.6798;2;6;3;75;11;1;0;3    ;CARTONS
975;975;DUCHESSE DE BOURGOGNE 75VC;RED ALE;20;14;BIERE 75VC                    ;4;AMBREE / ROUSSE / RED ALE;15;BRASSERIE VERHAEGHE;BE  ;BELGIQUE                                ;13;VANUXEEM BROUWERIJ SA/NV                                    ;6.0742;0.19158;2;12;68;75;6.2;1;8.1;2    ;CAISSE
977;977;HANSSENS OUDE KRIEK 75VC;;20;14;BIERE 75VC                    ;0;;33;BRASSERIE HANSSENS ;BE  ;BELGIQUE                                ;13;VANUXEEM BROUWERIJ SA/NV                                    ;6.265;0.1854;2;6;1;75;6;1;1.2;3    ;CARTONS
978;978;HOMMELBIER 75VC;BELGIQUE;20;14;BIERE 75VC                    ;0;;13;BRASSERIE VAN EECKE;BE  ;BELGIQUE                                ;290;BRASSERIE KAPITTEL SA                                       ;2.66;0.23175;2;12;48;75;7.5;1;4.2;2    ;CAISSE
980;980;SEDUCTION RGE 75CL;CARIGNAN CABERNET / VEZIAN;10;92;COTES CATALANES               ;20;VIN ROUGE;0;;FR  ;FRANCE                                  ;340;SARL LES VINS DE JOSEPH                                     ;5.85;0;2;6;36;75;13;1;0;3    ;CARTONS
982;982;KAPITTEL BLONDE 75VC;BELGIQUE;20;14;BIERE 75VC                    ;0;;13;BRASSERIE VAN EECKE;BE  ;BELGIQUE                                ;290;BRASSERIE KAPITTEL SA                                       ;2.6425;0.20085;2;12;72;75;6.5;1;4.2;2    ;CAISSE
983;983;KARMELIET TRIPLE 75VP   X6;BELGIQUE;20;15;BIERE 75VP                    ;0;;38;BRASSERIE BOSTEELS;    ;;13;VANUXEEM BROUWERIJ SA/NV                                    ;4.6702;0.51912;2;6;2;75;8.4;1;0;3    ;CARTONS
985;985;KASTEEL CUV. CHATEAU 75VC;BELGIQUE;20;14;BIERE 75VC                    ;0;;18;BRASSERIE VAN HONSEBROUCK;BE  ;BELGIQUE                                ;13;VANUXEEM BROUWERIJ SA/NV                                    ;3.289;0.3399;2;12;12;75;11;1;4.5;2    ;CAISSE
991;991;SEDUCTION BLANC 75CL;100% SAUVIGNON / VEZIAN;10;92;COTES CATALANES               ;22;VIN BLANC SEC;0;;FR  ;FRANCE                                  ;340;SARL LES VINS DE JOSEPH                                     ;5.85;0;2;6;-2;75;13;1;0;3    ;CARTONS
993;993;LINDEMANS KRIEK 75VP;BELGIQUE;20;15;BIERE 75VP                    ;0;;42;BRASSERIE LINDEMANS;BE  ;BELGIQUE                                ;13;VANUXEEM BROUWERIJ SA/NV                                    ;3.7944;0.10815;2;12;4;75;3.5;1;0;3    ;CARTONS
995;995;MJG BRIU BLANC MUSCAT SEC 75CL;BARON ALBENAS  PROMO;10;5;IGP OC                        ;23;VIN BLANC DEMI SEC;0;;FR  ;FRANCE                                  ;340;SARL LES VINS DE JOSEPH                                     ;3.6;0;2;6;91;75;12.5;1;0;3    ;CARTONS
996;996;LUPULUS TRIPLE BLONDE 75VC;;20;14;BIERE 75VC                    ;10;TRIPLE;10;BRASSERIE LUPULUS;BE  ;BELGIQUE                                ;13;VANUXEEM BROUWERIJ SA/NV                                    ;3.7361;0.26265;2;12;92;75;8.5;1;4.5;2    ;CAISSE
997;997;LUPULUS BRUNE 75VC;BELGIQUE;20;14;BIERE 75VC                    ;12;BRUNE;10;BRASSERIE LUPULUS;BE  ;BELGIQUE                                ;13;VANUXEEM BROUWERIJ SA/NV                                    ;3.6218;0.26265;2;12;76;75;8.5;1;4.5;2    ;CAISSE
1000;1000;MOINETTE BIO 75VC;BELGIQUE;20;14;BIERE 75VC                    ;11;SAISON;88;BRASSERIE DUPONT;BE  ;BELGIQUE                                ;13;VANUXEEM BROUWERIJ SA/NV                                    ;3.9654;0.23175;2;12;50;75;7.5;1;4.5;2    ;CAISSE
1001;1001;MOINETTE BLONDE 75VC;BELGIQUE;20;14;BIERE 75VC                    ;10;TRIPLE;88;BRASSERIE DUPONT;BE  ;BELGIQUE                                ;13;VANUXEEM BROUWERIJ SA/NV                                    ;3.7262;0.26265;2;12;59;75;8.5;1;4.5;2    ;CAISSE
1004;1004;MOINETTE AMBREE 75VC;;20;14;BIERE 75VC                    ;4;AMBREE / ROUSSE / RED ALE;88;BRASSERIE DUPONT;BE  ;BELGIQUE                                ;13;VANUXEEM BROUWERIJ SA/NV                                    ;3.5567;0.26265;2;12;74;75;8.5;1;4.5;2    ;CAISSE
1006;1006;MJG BRIU BANYULS AOC 75CL;BARON ALBENAS;10;94;COTES DU ROUSSILLON           ;20;VIN ROUGE;0;;FR  ;FRANCE                                  ;340;SARL LES VINS DE JOSEPH                                     ;7.2;0;2;6;18;75;16.5;1;0;3    ;CARTONS
1010;1010;MJG BRIU TAUTAVEL 75CL;MJG BRIU PROMO;11;99;COTES DU ROUSSILLON VILLAGE   ;20;VIN ROUGE;0;;FR  ;FRANCE                                  ;340;SARL LES VINS DE JOSEPH                                     ;5.49;0;2;6;15;75;14.5;1;0;3    ;CARTONS
1011;1011;SAISON DUPONT 75VC;BELGIQUE;20;14;BIERE 75VC                    ;11;SAISON;88;BRASSERIE DUPONT;BE  ;BELGIQUE                                ;13;VANUXEEM BROUWERIJ SA/NV                                    ;3.0225;0.20085;2;12;159;75;6.5;1;4.5;2    ;CAISSE
1012;1012;ST BERNARDUS TRIPLE 75VP;BELGIQUE;20;15;BIERE 75VP                    ;0;;31;BRASSERIE SAINT BERNARD;BE  ;BELGIQUE                                ;13;VANUXEEM BROUWERIJ SA/NV                                    ;4.3878;0.2472;2;6;16;75;8;1;0;3    ;CARTONS
1028;1028;BRUGSE ZOT BLONDE 75VP;BELGIQUE;20;15;BIERE 75VP                    ;0;;8;BRASSERIE DE HALVE MAAN;BE  ;BELGIQUE                                ;13;VANUXEEM BROUWERIJ SA/NV                                    ;4.0012;0.1854;2;12;0;75;6;1;0;3    ;CARTONS
1030;1030;CUVEE DES TROLLS TRIPLE 75VP;BELGIQUE;20;15;BIERE 75VP                    ;0;;20;BRASSERIE DUBUISSON;BE  ;BELGIQUE                                ;13;VANUXEEM BROUWERIJ SA/NV                                    ;4.1816;0.23175;2;6;0;75;7.5;1;0;3    ;CARTONS
1036;1036;PAIX DIEU TRIPLE 33VC X12;BRASSEE A LA PLEINE LUNE;20;9;BIERE 33CL VC                 ;10;TRIPLE;173;BRASSERIE CAULIER;BE  ;BELGIQUE                                ;13;VANUXEEM BROUWERIJ SA/NV                                    ;1.9653;0.13596;2;12;10;33;10;1;9.5;2    ;CAISSE
1038;1038;GUE MOINES BLDE OCCITANIE 20L;BLONDE ALE;20;2;BIERE FUT 20L                 ;7;LAGER / PILS / ALE / BLONDE;48;BRASSERIE GUE DES MOINES;BE  ;BELGIQUE                                ;282;SAS PAILLE FREYBURGER                                       ;3.05;0.1854;2;20;440;100;4.5;1;30;1    ;FUT INOX
1041;1041;PANNEAU MURAL PVC BLANC;1200X450 EP 13MM;89;7;VENTE MATERIEL MOBILE         ;0;;0;;    ;;116;LENNE                                                       ;123.6;0;2;1;0;100;0;1;0;     ;
1042;1042;FLEXIBLE HP 1,5 M AVEC CABLE;SORTIE FEMELLE 1/4;89;6;MATERIEL VENTE                ;0;;0;;    ;;116;LENNE                                                       ;103.37;0;2;1;0;100;0;1;0;     ;
1050;1050;RATZ AMBREE 75VP;FONTANES LOT;20;15;BIERE 75VP                    ;0;;27;BRASSERIE RATZ;FR  ;FRANCE                                  ;57;RATZ BRASSERIE ARTISANALE                                   ;2.959;0.1545;2;6;57;75;5;1;0;3    ;CARTONS
1051;1051;RATZ BLANCHE 75VP;FONTANES LOT;20;15;BIERE 75VP                    ;0;;27;BRASSERIE RATZ;FR  ;FRANCE                                  ;57;RATZ BRASSERIE ARTISANALE                                   ;3.003;0.1545;2;6;51;75;5;1;0;3    ;CARTONS
1052;1052;RATZ BLONDE 75VP;FONTANES LOT;20;15;BIERE 75VP                    ;0;;27;BRASSERIE RATZ;FR  ;FRANCE                                  ;57;RATZ BRASSERIE ARTISANALE                                   ;2.959;0.1545;2;6;36;75;5;1;0;3    ;CARTONS
1054;1054;MISTER B BAMBA 20L K;NEIPA;20;2;BIERE FUT 20L                 ;1;IPA;189;MISTER B;IT  ;ITALIE                                  ;343;MISTER B / LE SIGNORE BREWING                               ;4.3792;0.25956;2;20;180;100;6.3;1;0;5    ;FUT KEYKEG
1055;1055;ST BERNARDUS ABT 12 75VP;BELGIQUE;20;15;BIERE 75VP                    ;12;BRUNE;31;BRASSERIE SAINT BERNARD;BE  ;BELGIQUE                                ;13;VANUXEEM BROUWERIJ SA/NV                                    ;5.1769;0.309;2;6;60;75;10;1;0;3    ;CARTONS
1056;1056;ST FEUILLIEN GRAND CRU 75VP;CARTON DE 6 BOUTEILLES;20;15;BIERE 75VP                    ;0;;11;BRASSERIE SAINT FEUILLIEN;BE  ;BELGIQUE                                ;13;VANUXEEM BROUWERIJ SA/NV                                    ;5.3544;0.29355;2;6;6;75;9.5;1;0;3    ;CARTONS
1057;1057;STRAFFE HENDRIK QUADRUPLE 75VP;BELGIQUE;20;15;BIERE 75VP                    ;0;;8;BRASSERIE DE HALVE MAAN;BE  ;BELGIQUE                                ;13;VANUXEEM BROUWERIJ SA/NV                                    ;5.2655;0.3399;2;12;35;75;11;1;0;3    ;CARTONS
1059;1059;STRAFFE HENDRIK TRIPLE 75VP;BELGIQUE;20;15;BIERE 75VP                    ;0;;8;BRASSERIE DE HALVE MAAN;BE  ;BELGIQUE                                ;13;VANUXEEM BROUWERIJ SA/NV                                    ;5.1853;0.2781;2;12;24;75;9;1;0;3    ;CARTONS
1062;1062;MISTER B BAHIA GUAVA 20LK;GOSE GOYAVE;20;2;BIERE FUT 20L                 ;9;GOSE;189;MISTER B;IT  ;ITALIE                                  ;343;MISTER B / LE SIGNORE BREWING                               ;4.0936;0.18128;2;20;280;100;4.4;1;0;5    ;FUT KEYKEG
1064;1064;MOINETTE BONS VOEUX 150VP;;20;16;BIERE 150 CL/200CL            ;11;SAISON;88;BRASSERIE DUPONT;BE  ;BELGIQUE                                ;13;VANUXEEM BROUWERIJ SA/NV                                    ;16.6842;0.5871;2;4;17;150;9.5;1;0;3    ;CARTONS
1065;1065;MISTER B BESTIA IPA 33BTE;SANS GLUTEN;20;25;BIERE 33/44/50 CL CANETTE     ;1;IPA;189;MISTER B;IT  ;ITALIE                                  ;343;MISTER B / LE SIGNORE BREWING                               ;1.8467;0.08565;2;24;141;33;6.3;1;0;3    ;CARTONS
1067;1067;CHIMAY PREMIERE BLEUE 150VP;BELGIQUE;20;16;BIERE 150 CL/200CL            ;0;;9;BRASSERIE DE CHIMAY SCOURMONT;BE  ;BELGIQUE                                ;13;VANUXEEM BROUWERIJ SA/NV                                    ;12.8445;0.5562;2;1;0;150;9;1;0;3    ;CARTONS
1073;1073;LUPULUS TRIPLE KRUSH 150VP;BELGIQUE;20;16;BIERE 150 CL/200CL            ;10;TRIPLE;10;BRASSERIE LUPULUS;BE  ;BELGIQUE                                ;13;VANUXEEM BROUWERIJ SA/NV                                    ;11.5682;0.5253;2;6;6;150;8.5;1;0;3    ;CARTONS
1074;1074;MOINETTE BLONDE 150VP;BELGIQUE;20;16;BIERE 150 CL/200CL            ;0;;88;BRASSERIE DUPONT;BE  ;BELGIQUE                                ;13;VANUXEEM BROUWERIJ SA/NV                                    ;15.135;0.5253;2;4;12;150;8.5;0;0;3    ;CARTONS
1079;1079;MISTER B BAHIA GUAVA 33BTE;GOSE GOYAVE;20;25;BIERE 33/44/50 CL CANETTE     ;9;GOSE;189;MISTER B;IT  ;ITALIE                                  ;343;MISTER B / LE SIGNORE BREWING                               ;1.8472;0.05982;2;12;73;33;4.4;1;0;3    ;CARTONS
1080;1080;ADAPTATEUR RINCAGE U;AVEC VANNE SANS CLAPET;89;7;VENTE MATERIEL MOBILE         ;0;;0;;    ;;116;LENNE                                                       ;90.12;0;2;1;0;100;0;1;0;     ;
1084;1084;ST FEUILLIEN TRIPLE 900VC;;20;19;BIERE 900 CL                  ;10;TRIPLE;11;BRASSERIE SAINT FEUILLIEN;BE  ;BELGIQUE                                ;13;VANUXEEM BROUWERIJ SA/NV                                    ;69.5057;3.1518;2;1;0;900;8.5;1;105;3    ;CARTONS
1086;1086;PRESSION 25CL A 3.50€;COMPTOIR;20;20;BIERE PRESSION COMPTOIR       ;0;;0;;    ;;0;;1.95;0.0103;2;1;-15;25;0;1;0;     ;
1087;1087;PRESSION 50CL A 6€;COMPTOIR;20;20;BIERE PRESSION COMPTOIR       ;0;;0;;    ;;0;;3;0.0206;2;1;-16;50;0;1;0;     ;
1094;1094;PRESSION SPEC 25CL À 4.50;COMPTOIR;20;20;BIERE PRESSION COMPTOIR       ;0;;0;;    ;;0;;2.5;0.0103;2;1;-36;25;0;1;0;     ;
1095;1095;PRESSION SPEC 50CL À 8.50;COMPTOIR;20;20;BIERE PRESSION COMPTOIR       ;0;;0;;    ;;0;;4.5;0.0206;2;1;-67;50;0;1;0;     ;
1097;1097;TETE DE SOUTIRAGE U;RACCORD GUEST;89;7;VENTE MATERIEL MOBILE         ;0;;0;;    ;;116;LENNE                                                       ;153.66;0;2;1;0;100;0;1;0;     ;
1121;1121;DE RANKE PERE NOEL 33VC;AMBREE EPICEE;20;22;BIERE NOEL/HIVER 25/33        ;18;HIVER / NOEL;16;BRASSERIE DE RANKE;BE  ;BELGIQUE                                ;13;VANUXEEM BROUWERIJ SA/NV                                    ;1.7385;0.09517;2;24;83;33;7;1;4.5;2    ;CAISSE
1123;1123;ST BERNARDUS XMAS 33VC;BRUNE;20;22;BIERE NOEL/HIVER 25/33        ;18;HIVER / NOEL;31;BRASSERIE SAINT BERNARD;BE  ;BELGIQUE                                ;13;VANUXEEM BROUWERIJ SA/NV                                    ;1.7022;0.13596;2;24;0;33;10;1;4.5;2    ;CAISSE
1124;1124;ST FEUILLIEN NOEL 33VC;BRUNE;20;22;BIERE NOEL/HIVER 25/33        ;18;HIVER / NOEL;11;BRASSERIE SAINT FEUILLIEN;BE  ;BELGIQUE                                ;13;VANUXEEM BROUWERIJ SA/NV                                    ;1.1868;0.12236;2;24;0;33;9;1;4.5;2    ;CAISSE
1134;1134;ST BERNARDUS XMAS 75VP  X6;BRUNE;20;23;BIERE NOEL/HIVER 75           ;18;HIVER / NOEL;31;BRASSERIE SAINT BERNARD;BE  ;BELGIQUE                                ;13;VANUXEEM BROUWERIJ SA/NV                                    ;4.3676;0.309;2;6;0;75;10;1;0;3    ;CARTONS
1141;1141;DUPONT MOINETTE BONS VOEUX 20L;;20;24;BIERE NOEL/HIVER FUT          ;11;SAISON;88;BRASSERIE DUPONT;BE  ;BELGIQUE                                ;13;VANUXEEM BROUWERIJ SA/NV                                    ;5.2993;0.3914;2;20;0;100;9.5;1;0;1    ;FUT INOX
1152;1152;COGNAC GAUTIER VS 70CL;;1;32;COGNAC                        ;0;;0;;    ;;362;SVS LA MARTINIQUAISE BLMHD                                  ;30.3664;0;2;6;14;70;40;1;0;     ;
1161;1161;ANGELUS BLONDE 75VP;FRANCE;20;15;BIERE 75VP                    ;0;;45;BRASSERIE LEPERS;FR  ;FRANCE                                  ;13;VANUXEEM BROUWERIJ SA/NV                                    ;3.5385;0.4326;2;6;0;75;7;1;0;3    ;CARTONS
1163;1163;DOUILLE INOX 3/8 – 3/8;SORTIE FLEXIBLE BIÈRE;89;6;MATERIEL VENTE                ;0;;0;;    ;;116;LENNE                                                       ;6.74;0;2;1;0;100;0;1;0;     ;
1168;1168;MISTER B BAMBA 33BTE;NEIPA;20;25;BIERE 33/44/50 CL CANETTE     ;1;IPA;189;MISTER B;IT  ;ITALIE                                  ;343;MISTER B / LE SIGNORE BREWING                               ;2.0413;0.08565;2;24;188;33;6.3;1;0;3    ;CARTONS
1170;1170;MISTER B BUBBA  33BTE;DOUBLE NEIPA;20;25;BIERE 33/44/50 CL CANETTE     ;1;IPA;189;MISTER B;IT  ;ITALIE                                  ;343;MISTER B / LE SIGNORE BREWING                               ;2.2022;0.10877;2;24;-16;33;8;1;0;3    ;CARTONS
1187;1187;DE MOLEN HEMEL & AARDE 33VP;HOLLANDE;20;10;BIERE 20/25/33/35CL VP        ;0;;70;BRASSERIE DE MOLLEN;    ;;275;BIER AND CO                                                 ;3.053;0.13596;2;24;2;33;10;1;0;     ;
1203;1203;MARTINI ROSATO 100CL;;1;8;VERMOUTHS                     ;0;;0;;    ;;4;METRO                                                       ;10.452;0;2;6;10;100;14.4;1;0;     ;
1207;1207;DE RANKE FRANC BELGE 33VC;AMBREE SPECIALE BELGE;20;9;BIERE 33CL VC                 ;4;AMBREE / ROUSSE / RED ALE;16;BRASSERIE DE RANKE;BE  ;BELGIQUE                                ;13;VANUXEEM BROUWERIJ SA/NV                                    ;1.6732;0.0707;2;24;381;33;5.2;1;4.5;2    ;CAISSE
1232;1232;JAMBE DE BOIS TRIPLE 33VC;BELGIQUE;20;9;BIERE 33CL VC                 ;0;;7;BRASSERIE DE LA SENNE;    ;;13;VANUXEEM BROUWERIJ SA/NV                                    ;1.8332;0.10877;2;24;269;33;8;1;7;2    ;CAISSE
1233;1233;MISTER B BAZOOKA DIPA 33BTE;LOMBARDIE ITALIE;20;25;BIERE 33/44/50 CL CANETTE     ;0;;189;MISTER B;IT  ;ITALIE                                  ;343;MISTER B / LE SIGNORE BREWING                               ;2.0413;0.11149;2;24;0;33;8.2;1;0;3    ;CARTONS
1242;1242;SAKE CHOYA 75CL;JAPONAIS;1;84;ALCOOL DE RIZ                 ;0;;0;;    ;;52;MARIE BRIZARD                                               ;12.9;0;2;6;0;75;14.5;1;0;     ;
1245;1245;TARAS BOULBA EXTRA HOPPY 33VC;BIO;20;9;BIERE 33CL VC                 ;8;PALE ALE;7;BRASSERIE DE LA SENNE;BE  ;BELGIQUE                                ;13;VANUXEEM BROUWERIJ SA/NV                                    ;1.5637;0.06118;2;24;160;33;4.5;1;7;2    ;CAISSE
1263;1263;GROLSCH PREMIUM PILSNER 30L;TT/HOLLANDE;20;1;BIERE FUT 30L                 ;7;LAGER / PILS / ALE / BLONDE;180;ASAHI;    ;;272;RHONE BOISSONS                                              ;2.95;0.412;2;30;660;100;5;1;30;1    ;FUT INOX
1264;1264;GUINNESS 30L;IRLANDE;20;1;BIERE FUT 30L                 ;0;;65;BRASSERIE GUINESS;    ;;104;MD BOISSONS HO BIERE                                        ;4.27;0.34608;2;30;570;100;4.2;1;30;1    ;FUT INOX
1270;1270;TIBIDABO BARREL 1 STOUT 20LK;FUT BA BOURBON / BARCELONE ESP;20;2;BIERE FUT 20L                 ;5;STOUT / PORTER;334;;ES  ;ESPAGNE                                 ;342;BRASSERIE TIBIDABO                                          ;7.53;0.4532;2;20;20;100;11;1;0;5    ;FUT KEYKEG
1272;1272;AXIS T 3 TIRAGE FUT NOIR;;89;6;MATERIEL VENTE                ;0;;0;;    ;;116;LENNE                                                       ;1113;0;2;1;0;100;0;1;0;     ;
1274;1274;GROUPE FC LINE CONV 40 1/4CV;SERPENTIN 2X25M + 1X10M;89;6;MATERIEL VENTE                ;0;;0;;    ;;116;LENNE                                                       ;990.57;0;2;1;0;100;0;1;0;     ;
1277;1277;PANNEAU MURAL PVC BLANC;500X450 EP 13MM;89;7;VENTE MATERIEL MOBILE         ;0;;0;;    ;;116;LENNE                                                       ;51.5;0;2;1;3;100;0;1;0;     ;
1279;1279;LICORNE 30L INOX;TP / SAVERNE ALSACE;20;1;BIERE FUT 30L                 ;0;;34;BRASSERIE LICORNE;    ;;22;KARLSBRAU                                                   ;2.955;0.39552;2;30;-150;100;4.8;1;30;1    ;FUT INOX
1280;1280;PANNEAU THERMOPRESSION 380X260;AVEC FICHES D ENTRETIEN;89;7;VENTE MATERIEL MOBILE         ;0;;0;;    ;;116;LENNE                                                       ;49.92;0;2;1;0;100;0;1;0;     ;
1282;1282;EGOUTTOIR GRILLE TOTAL INOX304;HORS COTE RV CENTRAL 500X200;89;6;MATERIEL VENTE                ;0;;0;;    ;;116;LENNE                                                       ;434.69;0;2;1;0;100;0;1;0;     ;
1286;1286;PILSNER URQUELL BLONDE 30L;PILS TCHÈQUE HOUBLONÉE;20;1;BIERE FUT 30L                 ;7;LAGER / PILS / ALE / BLONDE;180;ASAHI;    ;;272;RHONE BOISSONS                                              ;3.4875;0.36256;2;30;0;100;4.4;1;30;1    ;FUT INOX
1292;1292;ECARTEUR GROUPE MOUSSE;;89;6;MATERIEL VENTE                ;0;;0;;    ;;116;LENNE                                                       ;2.36;0;2;1;0;100;0;1;0;     ;
1293;1293;COUVERCLE H40 COIN DROIT;;89;6;MATERIEL VENTE                ;0;;0;;    ;;116;LENNE                                                       ;157.28;0;2;1;0;100;0;1;0;     ;
1294;1294;COUVERCLE H40 COIN BISOTE;;89;6;MATERIEL VENTE                ;0;;0;;    ;;116;LENNE                                                       ;152.7;0;2;1;0;100;0;1;0;     ;
1295;1295;TUYAU ALIMENTAIRE TRESSE 8X14;COURONNE DE 25M;89;6;MATERIEL VENTE                ;0;;0;;    ;;116;LENNE                                                       ;89;0;2;1;0;100;0;1;0;     ;
1296;1296;CIRCLIPS GUEST 3/8 (9.5MM);PIC1812R;89;6;MATERIEL VENTE                ;0;;0;;    ;;116;LENNE                                                       ;0.6;0;2;100;0;100;0;1;0;     ;
1297;1297;COLONNE ITALIENNE 2T CHROME;ROB ALPHA REFRI;89;6;MATERIEL VENTE                ;0;;0;;    ;;116;LENNE                                                       ;658;0;2;1;0;100;0;1;0;     ;
1298;1298;COLONNE LODGE 2T CHROME;RBT ALPHA REFRI;89;6;MATERIEL VENTE                ;0;;0;;    ;;116;LENNE                                                       ;682;0;2;1;0;100;0;1;0;     ;
1321;1321;RODENBACH CLASSIC 20L;;20;2;BIERE FUT 20L                 ;0;;19;BRASSERIE DE KONINGSHOEVEN;    ;;13;VANUXEEM BROUWERIJ SA/NV                                    ;4.5132;0.42848;2;20;160;100;5.2;1;30;1    ;FUT INOX
1339;1339;FRANZISKANER WEISS HELL 6L;PERFECT DRAFT;20;4;BIERES FUT 5L/6L/12.5L        ;0;;52;BRASSERIE FRANZIKANER;    ;;13;VANUXEEM BROUWERIJ SA/NV                                    ;23.6;2.472;2;1;8;600;5;1;7.1;1    ;FUT INOX
1342;1342;JUPILER 6L;PERFECT DRAFT;20;4;BIERES FUT 5L/6L/12.5L        ;0;;109;BRASSERIE JUPILER;    ;;13;VANUXEEM BROUWERIJ SA/NV                                    ;22.65;2.57088;2;1;0;600;5.2;1;7.1;10   ;MINI-FUT PERFECT DRAFT
1343;1343;LEFFE BLONDE 6L;PERFECT DRAFT;20;4;BIERES FUT 5L/6L/12.5L        ;0;;110;ABBAYE DE LEFFE;    ;;13;VANUXEEM BROUWERIJ SA/NV                                    ;25;3.26304;2;1;10;600;6.6;1;7.1;1    ;FUT INOX
1354;1354;STELLA ARTOIS 6L;PERFECT DRAFT;20;4;BIERES FUT 5L/6L/12.5L        ;0;;75;INBEV;    ;;13;VANUXEEM BROUWERIJ SA/NV                                    ;24.75;2.472;2;1;1;600;5;1;7.1;10   ;MINI-FUT PERFECT DRAFT
1366;1366;RODENBACH CLASSIC 25VC;BELGIQUE;20;8;BIERE 25CL VC                 ;0;;43;BRASSERIE PALM;    ;;13;VANUXEEM BROUWERIJ SA/NV                                    ;0.9422;0.10712;2;24;216;25;5.2;1;4.5;2    ;CAISSE
1372;1372;DUVEL 19,5 L;BELGIQUE;20;6;BIERE FUT 16L/19,5L           ;10;TRIPLE;1;BRASSERIE DUVEL MOORTGAT;BE  ;BELGIQUE                                ;13;VANUXEEM BROUWERIJ SA/NV                                    ;104.5936;13.6578;2;1;10;1950;8.5;1;30;1    ;FUT INOX
1378;1378;HOEGAARDEN BLANCHE 6L;PERFECT DRAFT BELGIQUE;20;4;BIERES FUT 5L/6L/12.5L        ;0;;108;BRASSERIE HOEGAARDEN;    ;;13;VANUXEEM BROUWERIJ SA/NV                                    ;24.05;2.37312;2;1;0;600;4.8;1;7.1;10   ;MINI-FUT PERFECT DRAFT
1379;1379;DIEKIRCH GRAND CRU 6L;PERFECT DRAFT LUXEMBOURG;20;4;BIERES FUT 5L/6L/12.5L        ;0;;107;BRASSERIE DIECKIRCH;    ;;13;VANUXEEM BROUWERIJ SA/NV                                    ;27.05;2.52144;2;1;-7;600;5.1;1;7.1;1    ;FUT INOX
1391;1391;KWAK 33VC;AMBREE;20;9;BIERE 33CL VC                 ;4;AMBREE / ROUSSE / RED ALE;38;BRASSERIE BOSTEELS;    ;;13;VANUXEEM BROUWERIJ SA/NV                                    ;2.0565;0.22841;2;24;119;33;8.4;1;4.5;2    ;CAISSE
1400;1400;QUEUE DE CHARRUE BRUNE 33VC;BELGIQUE;20;9;BIERE 33CL VC                 ;0;;12;BRASSERIE VANUXEEM;    ;;13;VANUXEEM BROUWERIJ SA/NV                                    ;1.1897;0.14684;2;24;2;33;5.4;1;4.5;2    ;CAISSE
1401;1401;QUEUE DE CHARRUE BLONDE 33VC;BLONDE BELGE;20;9;BIERE 33CL VC                 ;7;LAGER / PILS / ALE / BLONDE;12;BRASSERIE VANUXEEM;    ;;13;VANUXEEM BROUWERIJ SA/NV                                    ;1.303;0.17947;2;24;27;33;6.6;1;4.5;2    ;CAISSE
1402;1402;QUEUE DE CHARRUE TRIPLE 33VC;BELGIQUE;20;9;BIERE 33CL VC                 ;10;TRIPLE;12;BRASSERIE VANUXEEM;    ;;13;VANUXEEM BROUWERIJ SA/NV                                    ;1.4877;0.24473;2;24;45;33;9;1;4.5;2    ;CAISSE
1406;1406;TONGERLO PRIOR TRIPLE 33VC;;20;9;BIERE 33CL VC                 ;0;;2;BRASSERIE HAATCH;    ;;13;VANUXEEM BROUWERIJ SA/NV                                    ;2.0087;0.24473;2;24;0;33;9;1;4.5;2    ;CAISSE
1407;1407;TRAPPE BLONDE 33VC;PAYS-BAS;20;9;BIERE 33CL VC                 ;7;LAGER / PILS / ALE / BLONDE;19;BRASSERIE DE KONINGSHOEVEN;    ;;13;VANUXEEM BROUWERIJ SA/NV                                    ;1.6043;0.17675;2;24;263;33;6.5;1;4.5;2    ;CAISSE
1411;1411;TRAPPE ISIDOR 33VC;PAYS-BAS;20;9;BIERE 33CL VC                 ;4;AMBREE / ROUSSE / RED ALE;19;BRASSERIE DE KONINGSHOEVEN;    ;;13;VANUXEEM BROUWERIJ SA/NV                                    ;1.574;0.20394;2;24;80;33;7.5;1;4.5;2    ;CAISSE
1412;1412;TRAPPE QUADRUPLE 33VC;PAYS-BAS;20;9;BIERE 33CL VC                 ;0;;19;BRASSERIE DE KONINGSHOEVEN;    ;;13;VANUXEEM BROUWERIJ SA/NV                                    ;1.7748;0.27192;2;24;96;33;10;1;4.5;2    ;CAISSE
1413;1413;TRAPPE TRIPLE 33VC;PAYS-BAS;20;9;BIERE 33CL VC                 ;10;TRIPLE;19;BRASSERIE DE KONINGSHOEVEN;    ;;13;VANUXEEM BROUWERIJ SA/NV                                    ;1.6952;0.21754;2;24;77;33;8;1;4.5;2    ;CAISSE
1439;1439;DESPERADOS 33VP X12;FRANCE;20;10;BIERE 20/25/33/35CL VP        ;0;;112;BRASSERIE DE L'ESPERANCE;    ;;4;METRO                                                       ;1.3386;0.16043;2;12;96;33;5.9;1;0;2    ;CAISSE
1442;1442;OPTION ROBINET COMPENSATEUR;SUR COLONNE;89;6;MATERIEL VENTE                ;0;;0;;    ;;116;LENNE                                                       ;28.86;0;2;1;0;100;0;1;0;     ;
1443;1443;RUBAN PVC NOIR 50MM;ROULEAU 33 METRE;89;6;MATERIEL VENTE                ;0;;0;;    ;;116;LENNE                                                       ;19.2;0;2;1;0;100;0;1;0;     ;
1444;1444;BANDE ARMAFLEX ADHESIVE 50MM;COURONNE 15M;89;6;MATERIEL VENTE                ;0;;0;;    ;;116;LENNE                                                       ;47.38;0;2;1;0;100;0;1;0;     ;
1454;1454;PLATEAU CHAUDRONNÉ INOX;SUR MESURE 170X350 SANS RV;89;6;MATERIEL VENTE                ;0;;0;;    ;;116;LENNE                                                       ;393.33;0;2;1;0;100;0;1;0;     ;
1458;1458;CONDENSATEUR DE DEMARRAGE;79µF 72µF;89;6;MATERIEL VENTE                ;0;;0;;    ;;116;LENNE                                                       ;58.34;0;2;1;0;100;0;1;0;     ;
1460;1460;PINCE A DENUDER;;89;6;MATERIEL VENTE                ;0;;0;;    ;;116;LENNE                                                       ;34.93;0;2;1;0;100;0;1;0;     ;
1461;1461;CISAILLE POUR TUYAU POLYAMIDE;;89;6;MATERIEL VENTE                ;0;;0;;    ;;116;LENNE                                                       ;70.04;0;2;1;0;100;0;1;0;     ;
1463;1463;LAME POUR CISAILLE;;89;6;MATERIEL VENTE                ;0;;0;;    ;;116;LENNE                                                       ;24.16;0;2;1;0;100;0;1;0;     ;
1467;1467;PERONI NASTRO AZZURO 33VP;ITALIE;20;10;BIERE 20/25/33/35CL VP        ;0;;47;BRASSERIE PERONI;    ;;272;RHONE BOISSONS                                              ;1.1674;0.13596;2;24;402;33;5;1;0;3    ;CARTONS
1468;1468;PILSNER URQUEL 33VP;TCHECOSLOVAQUIE;20;10;BIERE 20/25/33/35CL VP        ;0;;90;BRASSERIE PLZENSKY PRAZDROJ;    ;;272;RHONE BOISSONS                                              ;1.2521;0.11964;2;24;404;33;4.4;1;0;3    ;CARTONS
1469;1469;GUE MOINES DAME DE COEUR 33VP;TRIPLE;20;10;BIERE 20/25/33/35CL VP        ;10;TRIPLE;48;BRASSERIE GUE DES MOINES;FR  ;FRANCE                                  ;282;SAS PAILLE FREYBURGER                                       ;1.9059;0.10877;2;24;257;33;8;1;0;3    ;CARTONS
1484;1484;HEINEKEN 33BTE;;20;25;BIERE 33/44/50 CL CANETTE     ;0;;113;HEINKEN;    ;;4;METRO                                                       ;0.8058;0.13596;2;24;720;33;5;1;0;3    ;CARTONS
1485;1485;KRONENBOURG 33BTE;;20;25;BIERE 33/44/50 CL CANETTE     ;0;;116;BRASSERIE KRONENBOURG;    ;;4;METRO                                                       ;0.6612;0.11421;2;24;336;33;4.2;1;0;3    ;CARTONS
1505;1505;ERDINGER WEISS HELL 50VC;ALLEMAGNE;20;11;BIERE 50CL VC                 ;0;;91;BRASSERIE ERDINGER ;    ;;104;MD BOISSONS HO BIERE                                        ;1.7612;0.21836;2;20;-4;50;5.3;1;4.8;2    ;CAISSE
1506;1506;FRANZISKANER WEISS DUNK 50VC;BIERE DE BLE BRUNE;20;11;BIERE 50CL VC                 ;12;BRUNE;52;BRASSERIE FRANZIKANER;DE  ;ALLEMAGNE                               ;104;MD BOISSONS HO BIERE                                        ;1.7864;0.206;2;20;28;50;5;1;4.8;2    ;CAISSE
1507;1507;FRANZISKANER WEIS  NATUR 50VC;BIERE DE BLE BLANCHE;20;11;BIERE 50CL VC                 ;3;BLANCHE;52;BRASSERIE FRANZIKANER;DE  ;ALLEMAGNE                               ;104;MD BOISSONS HO BIERE                                        ;1.7864;0.206;2;20;22;50;5;1;4.8;2    ;CAISSE
1509;1509;FRANZISKANER WEIS KRISTAL 50VC;BIERE DE BLE BLONDE;20;11;BIERE 50CL VC                 ;7;LAGER / PILS / ALE / BLONDE;52;BRASSERIE FRANZIKANER;DE  ;ALLEMAGNE                               ;104;MD BOISSONS HO BIERE                                        ;1.7864;0.206;2;20;130;50;5;1;4.8;2    ;CAISSE
1517;1517;ERDINGER WEISS SANS ALC 50VC;ALLEMANDE;20;11;BIERE 50CL VC                 ;0;;91;BRASSERIE ERDINGER ;    ;;104;MD BOISSONS HO BIERE                                        ;1.764;0.0027;3;20;77;50;0.4;1;4.8;2    ;CAISSE
1524;1524;GDM SUPER POWER 33VP X24;DIPA;20;10;BIERE 20/25/33/35CL VP        ;0;;48;BRASSERIE GUE DES MOINES;FR  ;FRANCE                                  ;282;SAS PAILLE FREYBURGER                                       ;1.9085;0.10877;2;24;96;33;8;1;0;3    ;CARTONS
1528;1528;JEVER PILS 50VC;;20;11;BIERE 50CL VC                 ;7;LAGER / PILS / ALE / BLONDE;87;BRASSERIE JEVER;DE  ;ALLEMAGNE                               ;104;MD BOISSONS HO BIERE                                        ;1.603;0.20188;2;20;7;50;4.9;1;4.8;2    ;CAISSE
1531;1531;COLLIER COLSON 176MM;BOITE DE 100;89;6;MATERIEL VENTE                ;0;;0;;    ;;116;LENNE                                                       ;17.87;0;2;100;0;100;0;1;0;     ;
1532;1532;COLLIER COLSON 260MM;BOITE DE 100;89;6;MATERIEL VENTE                ;0;;0;;    ;;116;LENNE                                                       ;20.86;0;2;100;0;100;0;1;0;     ;
1533;1533;COLLIER COLSON 357MM;BOITE DE 100;89;6;MATERIEL VENTE                ;0;;0;;    ;;116;LENNE                                                       ;32.73;0;2;100;0;100;0;1;0;     ;
1534;1534;COUPE TUBE MINI 4 A 16MM;;89;6;MATERIEL VENTE                ;0;;0;;    ;;116;LENNE                                                       ;20.49;0;2;1;0;100;0;1;0;     ;
1535;1535;PAULANER SALVATOR 50VC;;20;11;BIERE 50CL VC                 ;0;;54;BRASSERIE PAULANER;    ;;104;MD BOISSONS HO BIERE                                        ;1.7995;0.32548;2;20;9;50;7.9;1;4.8;2    ;CAISSE
1536;1536;COUPE TUBE STANDARD 6 A 28MM;;89;6;MATERIEL VENTE                ;0;;0;;    ;;116;LENNE                                                       ;24.87;0;2;1;0;100;0;1;0;     ;
1537;1537;PAULANER HEFE WEIS NATUR 50VC;NON FILTREE;20;11;BIERE 50CL VC                 ;3;BLANCHE;54;BRASSERIE PAULANER;DE  ;ALLEMAGNE                               ;104;MD BOISSONS HO BIERE                                        ;1.638;0.2266;2;20;72;50;5.5;1;4.8;2    ;CAISSE
1550;1550;JEU DE CLE DE 6 PANS;BOUT SPHERIQUE;89;6;MATERIEL VENTE                ;0;;0;;    ;;116;LENNE                                                       ;36.05;0;2;1;0;100;0;1;0;     ;
1551;1551;BOUCHON GUEST 3/8 (9.5MM);PI0812S;89;6;MATERIEL VENTE                ;0;;0;;    ;;116;LENNE                                                       ;1.65;0;2;10;0;100;0;1;0;     ;
1562;1562;QUEUE DE CHARRUE BLONDE 75VC;;20;15;BIERE 75VP                    ;7;LAGER / PILS / ALE / BLONDE;12;BRASSERIE VANUXEEM;BE  ;BELGIQUE                                ;13;VANUXEEM BROUWERIJ SA/NV                                    ;3.3314;0.40788;2;12;61;75;6.6;1;7;2    ;CAISSE
1565;1565;BROOKLYN BLACK OPS 75VP;USA NEW-YORK;20;15;BIERE 75VP                    ;0;;72;BRASSERIE BROOKLYN;    ;;76;GBS GIE                                                     ;17.8537;0.6489;2;12;55;75;10.5;1;0;3    ;CARTONS
1567;1567;BROOKLYN CUVEE NOIRE 75VP;USA NEW-YORK;20;15;BIERE 75VP                    ;0;;72;BRASSERIE BROOKLYN;    ;;76;GBS GIE                                                     ;17.363;0.65508;2;12;24;75;10.6;1;0;3    ;CARTONS
1571;1571;BROOKLYN SILVER ANNIV LAG 75VP;USA NEW-YORK;20;15;BIERE 75VP                    ;0;;72;BRASSERIE BROOKLYN;    ;;76;GBS GIE                                                     ;10.988;0.50676;2;12;36;75;8.2;1;0;3    ;CARTONS
1586;1586;KWAK 75VP X6;AMBREE;20;15;BIERE 75VP                    ;4;AMBREE / ROUSSE / RED ALE;38;BRASSERIE BOSTEELS;    ;;13;VANUXEEM BROUWERIJ SA/NV                                    ;4.4809;0.51912;2;6;5;75;8.4;1;0;3    ;CARTONS
1588;1588;AUGMENTATEUR GUEST 5/16-3/8;(8-9.5MM) PI131012S;89;6;MATERIEL VENTE                ;0;;0;;    ;;116;LENNE                                                       ;4.38;0;2;10;0;100;0;1;0;     ;
1590;1590;COF QUEUE CHARRUE 4X33CL + 1V;BLONDE BRUNE;20;21;BIERE COFFRET                 ;18;HIVER / NOEL;12;BRASSERIE VANUXEEM;BE  ;BELGIQUE                                ;13;VANUXEEM BROUWERIJ SA/NV                                    ;12.3099;0.81032;2;1;1;132;7.45;1;0;     ;
1592;1592;UNION DOUBLE EGAL 3/8-3/8;(9.5-9.5MM) PI0412S;89;6;MATERIEL VENTE                ;0;;0;;    ;;116;LENNE                                                       ;4.86;0;2;10;0;100;0;1;0;     ;
1595;1595;TE EGAL 3/8 (9.5MM);PI0212S;89;6;MATERIEL VENTE                ;0;;0;;    ;;116;LENNE                                                       ;6.72;0;2;10;0;100;0;1;0;     ;
1597;1597;NICE CHOUFFE 20L;TP/BELGIQUE;20;24;BIERE NOEL/HIVER FUT          ;0;;92;BRASSERIE D'ACHOUFFE;    ;;347;DUHCO FRANCE SA                                             ;4.06;0.824;2;20;80;100;10;1;30;1    ;FUT INOX
1598;1598;TONGERLO CHRISTMAS 30L;AMBREE;20;24;BIERE NOEL/HIVER FUT          ;0;;2;BRASSERIE HAATCH;    ;;101;SARL IN LOGISTIC                                            ;3.4;0.5768;2;30;120;100;7;1;30;1    ;FUT INOX
1601;1601;EQUERRE INEGLAE MIXTE SM;3/8-5/16SM (9.5-8MM) SI031012S;89;6;MATERIEL VENTE                ;0;;0;;    ;;116;LENNE                                                       ;8.35;0;2;10;0;100;0;1;0;     ;
1602;1602;EQUERRE A QUEUE LISSE 3/8-3/8;(9.5MM) PI221212S;89;6;MATERIEL VENTE                ;0;;0;;    ;;116;LENNE                                                       ;6.91;0;2;10;0;100;0;1;0;     ;
1603;1603;THERMOSTAT RANKO K50 -2.5°+14°;;89;6;MATERIEL VENTE                ;0;;0;;    ;;116;LENNE                                                       ;48.06;0;2;1;0;100;0;1;0;     ;
1604;1604;THERMOSTAT ELIWELL ID961;GROUPE FROID;89;6;MATERIEL VENTE                ;0;;0;;    ;;116;LENNE                                                       ;53.67;0;2;1;0;100;0;1;0;     ;
1605;1605;BROSSE DE TETE DE SOUTIRAGE;A.G.U;89;7;VENTE MATERIEL MOBILE         ;0;;0;;    ;;116;LENNE                                                       ;21.45;0;2;1;0;100;0;1;0;     ;
1606;1606;BROSSE DE TETE DE SOUTIRAGE;S;89;7;VENTE MATERIEL MOBILE         ;0;;0;;    ;;116;LENNE                                                       ;21.45;0;2;1;0;100;0;1;0;     ;
1607;1607;VANNE SORTIE BIERE;RACCORD GUEST-TETE SOUTIRAGE;89;7;VENTE MATERIEL MOBILE         ;0;;0;;    ;;116;LENNE                                                       ;37.65;0;2;1;0;100;0;1;0;     ;
1608;1608;DEGRAISSANT INOX AEROSOL;;89;6;MATERIEL VENTE                ;0;;0;;    ;;116;LENNE                                                       ;28.4;0;2;1;0;100;0;1;0;     ;
1609;1609;ROBINET ALPHA 1 COMPENSATEUR;CHROME AVEC POIGNEE;89;6;MATERIEL VENTE                ;0;;0;;    ;;116;LENNE                                                       ;154.2;0;2;1;0;100;0;1;0;     ;
1610;1610;QUEUE CRANTE ALPHA1 LG10;CHROME;89;6;MATERIEL VENTE                ;0;;0;;    ;;116;LENNE                                                       ;13.96;0;2;1;0;100;0;1;0;     ;
1611;1611;QUEUE CRANTE ALPHA1 LG22;CHROME;89;6;MATERIEL VENTE                ;0;;0;;    ;;116;LENNE                                                       ;13.96;0;2;1;0;100;0;1;0;     ;
1612;1612;CLE DE SERRAGE POUR ROBINET;ALPHA CRANTE;89;6;MATERIEL VENTE                ;0;;0;;    ;;116;LENNE                                                       ;4.92;0;2;1;0;100;0;1;0;     ;
1618;1618;EFFET PAPILLON WHEAT ALE 75VP;BLANCHE CITRON VERVEINE BIO;20;15;BIERE 75VP                    ;3;BLANCHE;199;BRASSERIE EFFET PAPILLON;FR  ;FRANCE                                  ;332;BRASSERIE EFFET PAPILLON                                    ;3.8285;0.13905;2;6;-11;75;4.5;1;0;3    ;CARTONS
1631;1631;TIMMERMANS BLCHE LAMBICUS 15L;TRADITION / BELGIQUE;20;3;BIERE FUT 10L/15L             ;3;BLANCHE;101;BRASSERIE TIMMERMANS;    ;;76;GBS GIE                                                     ;4.2021;0.1648;2;15;150;100;4;0;30;1    ;FUT INOX
1632;1632;ASAHI SUPER DRY 33VP;JAPON;20;10;BIERE 20/25/33/35CL VP        ;0;;180;ASAHI;    ;;272;RHONE BOISSONS                                              ;1.3163;0.13596;2;24;240;33;5;1;0;3    ;CARTONS
1649;1649;CIDRE BRUT 75CL;1ER PRIX;30;5;CIDRE BLLE                    ;0;;0;;    ;;4;METRO                                                       ;1.9362;0;2;6;18;75;4;1;0;     ;
1650;1650;CIDRE DOUX 75CL;1ER PRIX;30;5;CIDRE BLLE                    ;0;;0;;    ;;4;METRO                                                       ;1.9362;0;2;6;44;75;5.5;1;0;     ;
1666;1666;KAS CITRON 150PET X6;;40;1;BOISSONS SUCREES PET          ;0;;0;;    ;;4;METRO                                                       ;1.99;0.5344;3;6;108;150;0;1;0;     ;
1672;1672;CIDRE KUPELA DEMI-SEC 4°  33VP;ARTISANAL BASQUE;30;5;CIDRE BLLE                    ;28;CIDRE/  CIDER;206;SAS EGARRI EDARIAK;FR  ;FRANCE                                  ;128;SAS EGARRI EDARIAK                                          ;1.8287;0;2;24;521;33;4;1;0;3    ;CARTONS
1673;1673;OASIS TROPICAL 33BTE;;40;21;BOISSONS SUCREES BTE          ;0;;0;;    ;;4;METRO                                                       ;0.7;0.0706;3;24;1398;33;0;1;0;     ;
1674;1674;ORANGINA 150PET;;40;1;BOISSONS SUCREES PET          ;0;;0;;    ;;4;METRO                                                       ;2.1708;0.5344;3;6;66;150;0;1;0;     ;
1678;1678;SCHWEPPES INDIAN TONIC 150PET;;40;1;BOISSONS SUCREES PET          ;0;;0;;    ;;4;METRO                                                       ;1.85;0.3207;3;6;42;150;0;1;0;     ;
1679;1679;COCA COLA ZERO 33VC;;40;6;BOISSONS SUCREES VC           ;0;;0;;    ;;272;RHONE BOISSONS                                              ;0.98;0.0198;3;24;-52;33;0;1;5.5;2    ;CAISSE
1680;1680;COCA COLA 33VC;;40;6;BOISSONS SUCREES VC           ;0;;0;;    ;;272;RHONE BOISSONS                                              ;0.97;0.1176;3;24;769;33;0;1;5.5;2    ;CAISSE
1683;1683;RAUCH NEC ABRICOT S/PLACE 20CL;;50;6;JUS DE FRUITS VP/VC/PET       ;0;;0;;    ;;416;RAUCH                                                       ;2;0.0151;4;1;0;20;0;1;0;     ;
1684;1684;RAUCH ACE S/PLACE 20CL;;50;6;JUS DE FRUITS VP/VC/PET       ;0;;0;;    ;;416;RAUCH                                                       ;2;0.0151;4;1;0;20;0;1;0;     ;
1685;1685;RAUCH N. ANANAS S/PLACE 20CL;;50;6;JUS DE FRUITS VP/VC/PET       ;0;;0;;    ;;416;RAUCH                                                       ;2;0.0151;4;1;-2;20;0;1;0;     ;
1686;1686;MAGNERS ORIGINAL CIDER 33VP;IRLANDE;35;5;CIDER BLLE                    ;0;;50;MAGNER;    ;;22;KARLSBRAU                                                   ;1.7789;0;2;24;-24;33;4.5;1;0;3    ;CARTONS
1687;1687;RAUCH FRAISE S/PLACE 20CL;;50;6;JUS DE FRUITS VP/VC/PET       ;0;;0;;    ;;416;RAUCH                                                       ;2;0.0151;4;1;0;20;0;1;0;     ;
1690;1690;RAUCH MANGUE S/PLACE 20CL;;50;6;JUS DE FRUITS VP/VC/PET       ;0;;0;;    ;;416;RAUCH                                                       ;2;0.0151;4;1;0;20;0;1;0;     ;
1691;1691;RAUCH ORANGE PULP S/PLACE 20CL;;50;6;JUS DE FRUITS VP/VC/PET       ;0;;240;RAUCH;    ;;416;RAUCH                                                       ;2;0;4;1;0;20;0;1;0;     ;
1692;1692;RAUCH PAMPLEM. S/PLACE 20CL;;50;6;JUS DE FRUITS VP/VC/PET       ;0;;240;RAUCH;    ;;416;RAUCH                                                       ;2;0;4;1;0;20;0;1;0;     ;
1693;1693;RAUCH POIRE S/PLACE 20CL;;50;6;JUS DE FRUITS VP/VC/PET       ;0;;240;RAUCH;    ;;416;RAUCH                                                       ;2;0.0428;4;1;0;20;0;1;0;     ;
1696;1696;RAUCH TOMATE S/PLACE 20CL;;50;6;JUS DE FRUITS VP/VC/PET       ;0;;240;RAUCH;    ;;416;RAUCH                                                       ;2;0;4;1;0;20;0;1;0;     ;
1721;1721;ORANGINA 25VC;;40;6;BOISSONS SUCREES VC           ;0;;0;;    ;;272;RHONE BOISSONS                                              ;0.952;0.0534;3;39;2225;25;0;1;7;2    ;CAISSE
1725;1725;SCHWEPPES INDIAN TONIC 25VC;;40;6;BOISSONS SUCREES VC           ;0;;0;;    ;;272;RHONE BOISSONS                                              ;0.95;0.015;3;24;1176;25;0;1;5.5;2    ;CAISSE
1726;1726;COCA COLA S/PLACE 33 CL;AU COMPTOIR;40;11;BOISSONS SUCREES VC COMPTOIR  ;0;;0;;    ;;262;COCA COLA ENTREPRISE                                        ;1.3015;0.0249;4;1;-4;33;0;1;0;     ;
1727;1727;NESTEA PECHE S/ PLACE 20 CL;;40;11;BOISSONS SUCREES VC COMPTOIR  ;0;;0;;    ;;262;COCA COLA ENTREPRISE                                        ;1.8;0.0151;4;1;0;20;0;1;0;     ;
1728;1728;ORANGINA S/PLACE 33CL;;40;11;BOISSONS SUCREES VC COMPTOIR  ;0;;0;;    ;;4;METRO                                                       ;2.7084;0.0189;4;1;0;25;0;1;0;     ;
1730;1730;DU CLAU POMME CERISE 75VP;PETILLANT DE FRUITS;50;11;JUS DE FRUIT GAZEIFIE VP      ;0;;0;;    ;;277;CHATEAU DU CLAU                                             ;3.588;0;3;6;0;75;0;1;0;     ;
1740;1740;CACOLAC 25BTE;;40;21;BOISSONS SUCREES BTE          ;0;;0;;    ;;4;METRO                                                       ;0.9993;0.0534;3;24;72;25;0;1;0;     ;
1741;1741;COCA COLA 33BTE X24 X24 X24;CARTON DE 24 CANETTE ATTENTION;40;21;BOISSONS SUCREES BTE          ;0;;0;;    ;;4;METRO                                                       ;0.73;0.1176;3;24;-601;33;0;1;0;     ;
1742;1742;X30 COCA 33BTE;ATTENTION FORMAT;40;21;BOISSONS SUCREES BTE          ;0;;0;;    ;;4;METRO                                                       ;0.7425;0.1176;3;30;2849;33;0;1;0;     ;
1743;1743;COCA COLA SANS SUCRE 33BTE X24;X24 X24 ATTENTION;40;21;BOISSONS SUCREES BTE          ;0;;0;;    ;;4;METRO                                                       ;0.7141;0.0198;3;24;360;33;0;1;0;     ;
1745;1745;FANTA CITRON 33BTE;;40;21;BOISSONS SUCREES BTE          ;0;;0;;    ;;4;METRO                                                       ;0.65;0.0706;3;24;24;33;0;1;0;     ;
1746;1746;FANTA ORANGE 33BTE;;40;21;BOISSONS SUCREES BTE          ;0;;0;;    ;;4;METRO                                                       ;0.7721;0.0198;3;24;1055;33;0;1;0;     ;
1750;1750;ORANGINA JAUNE 33BTE;;40;21;BOISSONS SUCREES BTE          ;0;;0;;    ;;4;METRO                                                       ;0.6637;0.1176;3;24;821;33;0;1;0;     ;
1756;1756;SCHWEPPES INDIAN TONIC 33BTE;;40;21;BOISSONS SUCREES BTE          ;0;;0;;    ;;4;METRO                                                       ;0.7052;0.0706;3;24;347;33;0;1;0;     ;
1761;1761;EAU SOURCE CRISTALINE 150PET;;60;1;EAUX PET                      ;0;;0;;    ;;414;ST MEDARD SOURCE - VALS                                     ;0.3;0;3;6;6984;150;0;1;0;     ;
1762;1762;EAU SOURCE CRISTALINE 50PET;;60;1;EAUX PET                      ;0;;0;;    ;;414;ST MEDARD SOURCE - VALS                                     ;0.235;0;3;24;16506;50;0;1;0;     ;
1766;1766;BADOIT 100VC;;60;6;EAUX VC/VP                    ;0;;0;;    ;;272;RHONE BOISSONS                                              ;0.895;0;3;12;300;100;0;1;4.2;2    ;CAISSE
1767;1767;BADOIT 50VC;;60;6;EAUX VC/VP                    ;0;;0;;    ;;4;METRO                                                       ;0.7493;0;3;20;220;50;0;1;4.8;2    ;CAISSE
1768;1768;PERRIER S/ PLACE 33CL;AU COMPTOIR;60;6;EAUX VC/VP                    ;0;;0;;    ;;4;METRO                                                       ;2.7273;0;4;1;-2;33;0;1;0;     ;
1776;1776;X30 COCA SANS SUCRE 33BTE X30;ATTENTION FORMAT;40;21;BOISSONS SUCREES BTE          ;0;;0;;    ;;4;METRO                                                       ;0.7141;0.0198;3;30;30;33;0;1;0;     ;
1779;1779;SAN PELLEGRINO 100VC;;60;6;EAUX VC/VP                    ;0;;0;;    ;;272;RHONE BOISSONS                                              ;1.19;0;3;12;415;100;0;1;4.2;2    ;CAISSE
1780;1780;SAN PELLEGRINO 50VC;;60;6;EAUX VC/VP                    ;0;;0;;    ;;272;RHONE BOISSONS                                              ;0.87;0;3;20;800;50;0;1;4.8;2    ;CAISSE
1782;1782;VICHY ST YORRE 33VP;;60;6;EAUX VC/VP                    ;0;;0;;    ;;4;METRO                                                       ;0.66;0;3;24;0;33;0;1;0;     ;
1783;1783;VITTEL 100VC;;60;6;EAUX VC/VP                    ;0;;0;;    ;;272;RHONE BOISSONS                                              ;0.999;0;3;12;17;100;0;1;4.2;2    ;CAISSE
1784;1784;VITTEL 25VC;;60;6;EAUX VC/VP                    ;0;;0;;    ;;4;METRO                                                       ;0.859;0;3;24;25;25;0;1;4.2;2    ;CAISSE
1785;1785;VITTEL 50VC;;60;6;EAUX VC/VP                    ;0;;0;;    ;;4;METRO                                                       ;0.875;0;3;20;100;50;0;1;4.8;2    ;CAISSE
1786;1786;PERRIER 33BTE;;60;11;EAUX BTE                      ;0;;0;;    ;;4;METRO                                                       ;0.65;0;3;24;2113;33;0;1;0;     ;
1804;1804;EVIAN 50VC;;60;6;EAUX VC/VP                    ;0;;0;;    ;;4;METRO                                                       ;0.935;0;3;20;119;50;0;1;4.8;2    ;CAISSE
1805;1805;CARTOUCHE CO2 10KG;NATURCO;80;1;GAZ PLEIN                     ;0;;0;;    ;;69;L2PI                                                        ;42.4;0;2;1;65;100;0;1;85;     ;
1806;1806;CARTOUCHE GAZ MIXTE 10KG;MELANGE 3M3;80;1;GAZ PLEIN                     ;0;;0;;    ;;69;L2PI                                                        ;51.6;0;2;1;4;100;0;1;85;     ;
1811;1811;CAFE MOULU PERLE NOIRE 1KG;100% ARABICA / ARTISANAL LOCAL;85;1;CAFE                          ;0;;0;;    ;;143;TNT CAFE                                                    ;18.4;0;3;1;17;100;0;1;0;     ;
1812;1812;SUCRE CASSONADE ANTILLAISE 5KG;;85;6;SUCRE DOSES                   ;0;;0;;    ;;4;METRO                                                       ;14;0;3;1;0;100;0;1;0;     ;
1813;1813;SUCRE BUCHETTES 100 X 4G;;85;6;SUCRE DOSES                   ;0;;0;;    ;;166;SUPERGROUP                                                  ;2.39;0;3;1;0;100;0;1;0;     ;
1835;1835;NAPPE PAPIER 10X1.20M;;87;1;JETABLES                      ;0;;0;;    ;;16;ISAP                                                        ;4.67;0;2;1;0;100;0;1;0;     ;
1837;1837;PAILLES BLANCHES X500 NON EMB.;NON EMBALLEES CARTON;87;1;JETABLES                      ;0;;0;;    ;;4;METRO                                                       ;8.275;0;2;1;0;100;0;1;0;     ;
1841;1841;TASSES A CAFE ANSES 20CL X50;V50020;87;1;JETABLES                      ;0;;0;;    ;;16;ISAP                                                        ;2.55;0;2;20;0;100;0;1;0;     ;
1851;1851;CAFE GRAIN PERLE NOIRE 1KG;100%ARABICA MELANGE HARMONIEUX;85;1;CAFE                          ;0;;0;;    ;;143;TNT CAFE                                                    ;18.4;0;3;1;7;100;0;1;0;     ;
1858;1858;COCA COLA REG 125PET X12;;40;1;BOISSONS SUCREES PET          ;0;;0;;    ;;4;METRO                                                       ;1.912;0.4454;3;12;287;125;0;1;0;     ;
1866;1866;SAUCISSE SECHE RUSTADOU AU KG;;87;11;TERRINE - BOCAUX - SAUCIS-FROM;0;;0;;    ;;4;METRO                                                       ;9.763;0;3;1;0;100;0;1;0;     ;
1868;1868;VALISETTE 1 BLLE;;87;16;CORBEILLES - COFFRETS- CARTONS;0;;0;;    ;;310;CAV'SERVICE OPLEZIO                                         ;0.9315;0;2;1;30;100;0;1;0;     ;
1872;1872;CAISSE BOIS 12BLLES X33CL VIDE;REF 13730;87;16;CORBEILLES - COFFRETS- CARTONS;0;;0;;    ;;13;VANUXEEM BROUWERIJ SA/NV                                    ;5.35;0;2;1;66;100;0;1;0;     ;
1884;1884;COF BOIS NOIR ECHEC + ACCESS;;87;16;CORBEILLES - COFFRETS- CARTONS;0;;0;;    ;;89;E.I. JESSICA GARCIA PAILLE                                  ;16.64;0;2;1;0;100;0;1;0;     ;
1885;1885;COF BOIS FLASQUE + ENTO INOX;;87;16;CORBEILLES - COFFRETS- CARTONS;0;;0;;    ;;89;E.I. JESSICA GARCIA PAILLE                                  ;16.64;0;2;1;0;100;0;1;0;     ;
1892;1892;COFFRET V2 2 PIECES;;87;15;ARTICLES DE CAVE / BIERE & VIN;0;;0;;    ;;89;E.I. JESSICA GARCIA PAILLE                                  ;10.79;0;2;1;0;100;0;1;0;     ;
1902;1902;CORB. BAMBOU RECT NATUREL PM;PETIT MODELE RIHANA REF 4326;87;16;CORBEILLES - COFFRETS- CARTONS;0;;0;;    ;;310;CAV'SERVICE OPLEZIO                                         ;2.028;0;2;1;42;100;0;1;0;     ;
1904;1904;CORB BAMBOU RECT NATUREL GM;GRAND MODELE RIHANA REF4327;87;16;CORBEILLES - COFFRETS- CARTONS;0;;0;;    ;;310;CAV'SERVICE OPLEZIO                                         ;2.379;0;2;1;40;100;0;1;0;     ;
1917;1917;RANGE COUVERT BOIS MARRON;REF 338G 35X31X6;87;16;CORBEILLES - COFFRETS- CARTONS;0;;0;;    ;;53;DEFFRENNES FRERES S.A.S.                                    ;2.5;0;2;1;0;100;0;1;0;     ;
1924;1924;VALISETTE 2 BLLES;;87;16;CORBEILLES - COFFRETS- CARTONS;0;;0;;    ;;310;CAV'SERVICE OPLEZIO                                         ;1.428;0;2;1;43;100;0;1;0;     ;
1925;1925;VALISETTE 3 BLLES;;87;16;CORBEILLES - COFFRETS- CARTONS;0;;0;;    ;;310;CAV'SERVICE OPLEZIO                                         ;1.8;0;2;1;55;100;0;1;0;     ;
1932;1932;CHOPE BARBAR VERRE TREMPE 29CL;;87;26;VERRERIE                      ;0;;0;;    ;;13;VANUXEEM BROUWERIJ SA/NV                                    ;2.3442;0;2;6;-1;100;0;1;0;3    ;CARTONS
1933;1933;CHOPE BARBAR 45CL;;87;26;VERRERIE                      ;0;;0;;    ;;13;VANUXEEM BROUWERIJ SA/NV                                    ;2.3862;0;2;6;-4;100;0;1;0;3    ;CARTONS
1934;1934;CHOPES 25CL BO OR/METAL;;87;26;VERRERIE                      ;0;;0;;    ;;90;TRADY GLASS                                                 ;1.6363;0;2;6;-1;100;0;1;0;3    ;CARTONS
1935;1935;CHOPES 50CL BO OR/METAL;;87;26;VERRERIE                      ;0;;0;;    ;;90;TRADY GLASS                                                 ;2.0999;0;2;6;0;100;0;1;0;3    ;CARTONS
1936;1936;CHOPE GRES CHIMAY 50CL;;87;26;VERRERIE                      ;0;;0;;    ;;13;VANUXEEM BROUWERIJ SA/NV                                    ;4.0236;0;2;6;0;100;0;1;0;3    ;CARTONS
1937;1937;CHOPE HB 100CL;;87;26;VERRERIE                      ;0;;0;;    ;;104;MD BOISSONS HO BIERE                                        ;3.3634;0;2;6;0;100;0;1;0;3    ;CARTONS
1938;1938;CHOPE LINDEMANS FARO;;87;26;VERRERIE                      ;0;;0;;    ;;13;VANUXEEM BROUWERIJ SA/NV                                    ;1.6624;0;2;6;-8;100;0;1;0;3    ;CARTONS
1939;1939;CHOPE SCHLENKERLA 40CL;;87;26;VERRERIE                      ;0;;0;;    ;;104;MD BOISSONS HO BIERE                                        ;0.0114;0;2;6;0;100;0;1;0;3    ;CARTONS
1941;1941;VERRE PAGE 24;;87;26;VERRERIE                      ;0;;0;;    ;;317;BRASSERIE ST GERMAIN                                        ;2.2726;0;2;6;227;100;0;1;0;3    ;CARTONS
1942;1942;PINTE CARLING 50CL;;87;26;VERRERIE                      ;0;;0;;    ;;272;RHONE BOISSONS                                              ;1.9885;0;2;6;0;100;0;1;0;3    ;CARTONS
1943;1943;PIED KWAK SANS VERRE;;87;26;VERRERIE                      ;0;;0;;    ;;13;VANUXEEM BROUWERIJ SA/NV                                    ;2.8862;0;2;6;-133;100;0;1;0;3    ;CARTONS
1944;1944;PIED KWAK QUADRO SANS VERRE;;87;26;VERRERIE                      ;0;;0;;    ;;13;VANUXEEM BROUWERIJ SA/NV                                    ;7.7473;0;2;6;0;100;0;1;0;3    ;CARTONS
1945;1945;VERRE JEAN PRIMUS 50CL;;87;26;VERRERIE                      ;0;;2;BRASSERIE HAATCH;    ;;14;BRASSERIE DU COQ HARDI                                      ;2;0;2;6;1068;100;0;1;0;3    ;CARTONS
1946;1946;VERRE 35CL MC;;87;26;VERRERIE                      ;0;;0;;    ;;259;CAMPARI DISTRIBUTION                                        ;0.0114;0;2;6;0;100;0;1;0;3    ;CARTONS
1947;1947;VERRE ABBAYE DE FLOREFFE 25 CL;;87;26;VERRERIE                      ;0;;0;;    ;;22;KARLSBRAU                                                   ;1.5226;0;2;6;-12;100;0;1;0;3    ;CARTONS
1948;1948;VERRE ABBAYE ROCS 33CL;;87;26;VERRERIE                      ;0;;0;;    ;;13;VANUXEEM BROUWERIJ SA/NV                                    ;2.0169;0;2;6;-6;100;0;1;0;3    ;CARTONS
1949;1949;VERRE AB. ROCS / MONTAGNARDE;;87;26;VERRERIE                      ;0;;0;;    ;;13;VANUXEEM BROUWERIJ SA/NV                                    ;2.0113;0;2;6;-6;100;0;1;0;3    ;CARTONS
1950;1950;VERRE ACHEL 33CL;;87;26;VERRERIE                      ;0;;0;;    ;;13;VANUXEEM BROUWERIJ SA/NV                                    ;2.3862;0;2;6;6;100;0;1;0;3    ;CARTONS
1951;1951;VERRE AUTOUR D'UNE BIERE GUSTO;REF. : 2924/43 S06;87;26;VERRERIE                      ;0;;0;;    ;;320;DUROBOR                                                     ;1.6022;0;2;6;0;100;0;1;0;3    ;CARTONS
1952;1952;VERRE AUTOUR D'UNE BIERE 25CL;REF. 460/28;87;26;VERRERIE                      ;0;;0;;    ;;320;DUROBOR                                                     ;1.0113;0;2;6;0;100;0;1;0;3    ;CARTONS
1953;1953;VERRE AUTOUR D'UNE BIERE 50CL;REF. 460/56;87;26;VERRERIE                      ;0;;0;;    ;;320;DUROBOR                                                     ;1.1704;0;2;6;0;100;0;1;0;3    ;CARTONS
1957;1957;VERRE SKUMENN 33CL;;87;26;VERRERIE                      ;0;;0;;    ;;131;BRASSERIE RENNAISE SKUMENN                                  ;2.2;0;2;6;-36;100;0;1;0;3    ;CARTONS
1958;1958;VERRE BARBAR 45CL;;87;26;VERRERIE                      ;0;;0;;    ;;13;VANUXEEM BROUWERIJ SA/NV                                    ;2.4533;0;2;6;-24;100;0;1;0;3    ;CARTONS
1959;1959;VERRE BAVIK 25CL;;87;26;VERRERIE                      ;0;;0;;    ;;322;BIBE FAM ! / BAVIK FRANCE SAS.                              ;0.45;0;2;6;-48;100;0;1;0;3    ;CARTONS
1960;1960;VERRE BAVIK PIED 25CL;;87;26;VERRERIE                      ;0;;0;;    ;;322;BIBE FAM ! / BAVIK FRANCE SAS.                              ;1.3988;0;2;6;-18;100;0;1;0;3    ;CARTONS
1966;1966;VERRE BLANCHE  FLOREFFE 25 CL;;87;26;VERRERIE                      ;0;;0;;    ;;22;KARLSBRAU                                                   ;1.9885;0;2;6;0;100;0;1;0;3    ;CARTONS
1967;1967;VERRE BLANCHE BRUXELLES 50 CL;;87;26;VERRERIE                      ;0;;0;;    ;;13;VANUXEEM BROUWERIJ SA/NV                                    ;3.1362;0;2;6;-24;100;0;1;0;3    ;CARTONS
1968;1968;VERRE BLANCHE BRUXELLES 33 CL;;87;26;VERRERIE                      ;0;;0;;    ;;13;VANUXEEM BROUWERIJ SA/NV                                    ;2.0556;0;2;6;-138;100;0;1;0;3    ;CARTONS
1970;1970;VERRE BO 33CL OR-METAL;;87;26;VERRERIE                      ;0;;0;;    ;;90;TRADY GLASS                                                 ;0.9431;0;2;6;0;100;0;1;0;3    ;CARTONS
1973;1973;VERRE BOON FRAMBOISE 25 CL;;87;26;VERRERIE                      ;0;;0;;    ;;13;VANUXEEM BROUWERIJ SA/NV                                    ;2.0374;0;2;6;18;100;0;1;0;3    ;CARTONS
1976;1976;VERRE BOURGOGNE FLANDRES 25CL;;87;26;VERRERIE                      ;0;;0;;    ;;76;GBS GIE                                                     ;1.8658;0;2;6;6;100;0;1;0;3    ;CARTONS
1978;1978;VERRE BRIGAND 25 CL;;87;26;VERRERIE                      ;0;;0;;    ;;76;GBS GIE                                                     ;2.0283;0;2;6;0;100;0;1;0;3    ;CARTONS
1979;1979;VERRE BRIGAND 33 CL;;87;26;VERRERIE                      ;0;;0;;    ;;76;GBS GIE                                                     ;2.0283;0;2;6;12;100;0;1;0;3    ;CARTONS
1980;1980;VERRE BROOKLYN 33CL;;87;26;VERRERIE                      ;0;;0;;    ;;252;IBB                                                         ;2.0556;0;2;6;-12;100;0;1;0;3    ;CARTONS
1981;1981;VERRE BRUGSE ZOT 33;;87;26;VERRERIE                      ;0;;0;;    ;;13;VANUXEEM BROUWERIJ SA/NV                                    ;2.5226;0;2;6;-12;100;0;1;0;3    ;CARTONS
1982;1982;VERRE BUSH;;87;26;VERRERIE                      ;0;;0;;    ;;95;BRASSERIE DUBUISSON                                         ;1.8067;0;2;4;-26;100;0;1;0;3    ;CARTONS
1983;1983;VERRE BUSH NEW 33CL;;87;26;VERRERIE                      ;0;;0;;    ;;13;VANUXEEM BROUWERIJ SA/NV                                    ;3.1271;0;2;6;-30;100;0;1;0;3    ;CARTONS
1984;1984;VERRE CAFFREYS 25CL;;87;26;VERRERIE                      ;0;;0;;    ;;267;ASAHI SABMILLER BRANDS EUROPE                               ;0.0114;0;2;6;0;100;0;1;0;3    ;CARTONS
1985;1985;VERRE CAFFREYS 50CL;;87;26;VERRERIE                      ;0;;0;;    ;;267;ASAHI SABMILLER BRANDS EUROPE                               ;0.0114;0;2;6;0;100;0;1;0;3    ;CARTONS
1987;1987;VERRE CARLING 25CL;;87;26;VERRERIE                      ;0;;0;;    ;;267;ASAHI SABMILLER BRANDS EUROPE                               ;0.0114;0;2;6;0;100;0;1;0;3    ;CARTONS
1988;1988;VERRE CAROLUS 33CL;;87;26;VERRERIE                      ;0;;0;;    ;;13;VANUXEEM BROUWERIJ SA/NV                                    ;2.5908;0;2;6;-15;100;0;1;0;3    ;CARTONS
1989;1989;VERRE CAROLUS 25 CL;;87;26;VERRERIE                      ;0;;0;;    ;;13;VANUXEEM BROUWERIJ SA/NV                                    ;2.2158;0;2;6;-30;100;0;1;0;3    ;CARTONS
1990;1990;VERRE CAROLUS 15 CL;;87;26;VERRERIE                      ;0;;0;;    ;;13;VANUXEEM BROUWERIJ SA/NV                                    ;2.4419;0;2;6;-24;100;0;1;0;3    ;CARTONS
1992;1992;VERRE CAROLUS CUVEE/KEISER 33;;87;26;VERRERIE                      ;0;;0;;    ;;13;VANUXEEM BROUWERIJ SA/NV                                    ;2.7794;0;2;6;0;100;0;1;0;3    ;CARTONS
1993;1993;VERRE CUVEE TROLLS JAUGE 25CL;STANDARD;87;26;VERRERIE                      ;0;;0;;    ;;13;VANUXEEM BROUWERIJ SA/NV                                    ;1.9817;0;2;6;-115;100;0;1;0;3    ;CARTONS
1994;1994;VERRE CUVEE DES TROLLS 50 CL;;87;26;VERRERIE                      ;0;;0;;    ;;13;VANUXEEM BROUWERIJ SA/NV                                    ;2.6294;0;2;6;-6;100;0;1;0;3    ;CARTONS
1995;1995;VERRE CELTIKA;;87;26;VERRERIE                      ;0;;0;;    ;;13;VANUXEEM BROUWERIJ SA/NV                                    ;3.9771;0;2;6;120;100;0;1;0;3    ;CARTONS
1996;1996;VERRE CHARLES QUINT 4 ANSES 33;;87;26;VERRERIE                      ;0;;2;BRASSERIE HAATCH;    ;;14;BRASSERIE DU COQ HARDI                                      ;3.8611;0;2;6;0;100;0;1;0;3    ;CARTONS
1997;1997;VERRE CHIMAY 25 CL;;87;26;VERRERIE                      ;0;;0;;    ;;13;VANUXEEM BROUWERIJ SA/NV                                    ;2.5635;0;2;6;-78;100;0;1;0;3    ;CARTONS
1998;1998;VERRE CHIMAY CLASSIQUE 33CL;;87;26;VERRERIE                      ;0;;0;;    ;;13;VANUXEEM BROUWERIJ SA/NV                                    ;1.9999;0;2;6;0;100;0;1;0;3    ;CARTONS
1999;1999;DESTOCKAGE VERRES 25/33/50CL;PAR 6 VERRES;87;26;VERRERIE                      ;0;;0;;    ;;76;GBS GIE                                                     ;4.1667;0;2;1;-19;100;0;1;0;3    ;CARTONS
2000;2000;DESTOCKAGE VERRES 25/33/50CL;A L'UNITÉ;87;26;VERRERIE                      ;0;;0;;    ;;76;GBS GIE                                                     ;1.6667;0;2;1;3;100;0;1;0;3    ;CARTONS
2001;2001;VERRE CHOUFFE JAUGE 50CL;SPECIAL;87;26;VERRERIE                      ;0;;0;;    ;;76;GBS GIE                                                     ;2.7839;0;2;6;-53;100;0;1;0;3    ;CARTONS
2002;2002;VERRE CHOUFFE HOUBLON 33 CL;;87;26;VERRERIE                      ;0;;0;;    ;;76;GBS GIE                                                     ;2.2669;0;2;6;0;100;0;1;0;3    ;CARTONS
2003;2003;VERRE CIMOISE 25CL;;87;26;VERRERIE                      ;0;;0;;    ;;63;ROUTIN                                                      ;0.0011;0;2;6;-18;100;0;1;0;3    ;CARTONS
2004;2004;VERRE CINEY 25 CL;;87;26;VERRERIE                      ;0;;0;;    ;;13;VANUXEEM BROUWERIJ SA/NV                                    ;2.1692;0;2;6;0;100;0;1;0;3    ;CARTONS
2005;2005;VERRE COCA;;87;26;VERRERIE                      ;0;;0;;    ;;262;COCA COLA ENTREPRISE                                        ;1;0;2;6;24;100;0;1;0;3    ;CARTONS
2006;2006;VERRE COFFEE CHOUFFE 15 CL;;87;26;VERRERIE                      ;0;;0;;    ;;76;GBS GIE                                                     ;2.0113;0;2;6;-2;100;0;1;0;3    ;CARTONS
2007;2007;VERRE CONNEMARA;;87;26;VERRERIE                      ;0;;0;;    ;;259;CAMPARI DISTRIBUTION                                        ;0.0114;0;2;6;0;100;0;1;0;3    ;CARTONS
2008;2008;VERRE COPERES 25CL;;87;26;VERRERIE                      ;0;;0;;    ;;267;ASAHI SABMILLER BRANDS EUROPE                               ;1.5;0;2;6;156;100;0;1;0;3    ;CARTONS
2009;2009;VERRE CHARLES QUINT;;87;26;VERRERIE                      ;0;;2;BRASSERIE HAATCH;    ;;14;BRASSERIE DU COQ HARDI                                      ;3.0669;0;2;6;0;100;0;1;0;3    ;CARTONS
2010;2010;VERRE DE KONNINCK 25 CL;;87;26;VERRERIE                      ;0;;0;;    ;;13;VANUXEEM BROUWERIJ SA/NV                                    ;1.1624;0;2;6;-6;100;0;1;0;3    ;CARTONS
2011;2011;VERRE DE KONNINCK 33 CL;;87;26;VERRERIE                      ;0;;0;;    ;;13;VANUXEEM BROUWERIJ SA/NV                                    ;1.4795;0;2;6;0;100;0;1;0;3    ;CARTONS
2012;2012;VERRE DELIRIUM 25CL;;87;26;VERRERIE                      ;0;;0;;    ;;88;DRONNE IMPORT                                               ;2.2158;0;2;6;-1;100;0;1;0;3    ;CARTONS
2013;2013;VERRE DELIRIUM 33CL;;87;26;VERRERIE                      ;0;;0;;    ;;13;VANUXEEM BROUWERIJ SA/NV                                    ;2.2158;0;2;6;-6;100;0;1;0;3    ;CARTONS
2014;2014;VERRE DELIRIUM NOEL 33CL;;87;26;VERRERIE                      ;0;;0;;    ;;13;VANUXEEM BROUWERIJ SA/NV                                    ;2.5544;0;2;6;0;100;0;1;0;3    ;CARTONS
2015;2015;VERRE DEMI DE MELEE;;87;26;VERRERIE                      ;0;;0;;    ;;13;VANUXEEM BROUWERIJ SA/NV                                    ;2.4999;0;2;6;0;100;0;1;0;3    ;CARTONS
2016;2016;VERRE DE RANK 33 CL;;87;26;VERRERIE                      ;0;;0;;    ;;13;VANUXEEM BROUWERIJ SA/NV                                    ;2.7669;0;2;6;48;100;0;1;0;3    ;CARTONS
2017;2017;VERRE DIEKIRCH 25CL;;87;26;VERRERIE                      ;0;;0;;    ;;13;VANUXEEM BROUWERIJ SA/NV                                    ;0.9988;0;2;6;0;100;0;1;0;3    ;CARTONS
2018;2018;VERRE DUCHESSE DE BOURGOGNE;;87;26;VERRERIE                      ;0;;0;;    ;;13;VANUXEEM BROUWERIJ SA/NV                                    ;1.9306;0;2;6;0;100;0;1;0;3    ;CARTONS
2019;2019;VERRE MINI DUVEL 16,5CL;;87;26;VERRERIE                      ;0;;0;;    ;;76;GBS GIE                                                     ;1.1045;0;2;6;-6;100;0;1;0;3    ;CARTONS
2020;2020;VERRE DUVEL BALLON 33CL;;87;26;VERRERIE                      ;0;;0;;    ;;76;GBS GIE                                                     ;1.409;0;2;6;-42;100;0;1;0;3    ;CARTONS
2021;2021;VERRE DUVEL 12CL;;87;26;VERRERIE                      ;0;;0;;    ;;76;GBS GIE                                                     ;1.1363;0;2;1;-12;100;0;1;0;3    ;CARTONS
2022;2022;VERRE DUVEL 30 CL GRADUE 18CL;;87;26;VERRERIE                      ;0;;0;;    ;;76;GBS GIE                                                     ;1.409;0;2;6;-60;100;0;1;0;3    ;CARTONS
2023;2023;VERRE EL GRANDE 25 CL;;87;26;VERRERIE                      ;0;;0;;    ;;22;KARLSBRAU                                                   ;1.3181;0;2;6;-12;100;0;1;0;3    ;CARTONS
2024;2024;VERRE ERDINGER 50 CL;;87;26;VERRERIE                      ;0;;0;;    ;;13;VANUXEEM BROUWERIJ SA/NV                                    ;2.3101;0;2;6;6;100;0;1;0;3    ;CARTONS
2025;2025;VERRE QUEUE DE CHARRUE 300CL;;87;26;VERRERIE                      ;0;;0;;    ;;13;VANUXEEM BROUWERIJ SA/NV                                    ;13.5447;0;2;6;-1;100;0;1;0;3    ;CARTONS
2026;2026;VERRE FARO LIND. COURT 25CL;STANDARD;87;26;VERRERIE                      ;0;;0;;    ;;13;VANUXEEM BROUWERIJ SA/NV                                    ;1.6624;0;2;6;-12;100;0;1;0;3    ;CARTONS
2027;2027;VERRE FARO LIND. DROIT 25CL;STANDARD;87;26;VERRERIE                      ;0;;0;;    ;;13;VANUXEEM BROUWERIJ SA/NV                                    ;1.334;0;2;6;0;100;0;1;0;3    ;CARTONS
2028;2028;VERRE FILOU 25 CL;;87;26;VERRERIE                      ;0;;0;;    ;;76;GBS GIE                                                     ;0.0114;0;2;6;0;100;0;1;0;3    ;CARTONS
2029;2029;VERRE FILOU 50 CL;;87;26;VERRERIE                      ;0;;0;;    ;;76;GBS GIE                                                     ;0.0114;0;2;6;-6;100;0;1;0;3    ;CARTONS
2030;2030;VERRE FRANZISKANER 50CL;;87;26;VERRERIE                      ;0;;0;;    ;;13;VANUXEEM BROUWERIJ SA/NV                                    ;2.1806;0;2;6;-7;100;0;1;0;3    ;CARTONS
2031;2031;VERRE FRUIT DEFENDU;;87;26;VERRERIE                      ;0;;0;;    ;;13;VANUXEEM BROUWERIJ SA/NV                                    ;2.2999;0;2;6;0;100;0;1;0;3    ;CARTONS
2032;2032;VERRE GAVROCHE;;87;26;VERRERIE                      ;0;;0;;    ;;13;VANUXEEM BROUWERIJ SA/NV                                    ;1.7976;0;2;6;0;100;0;1;0;3    ;CARTONS
2033;2033;VERRE GLENLIVET 20CL;;87;26;VERRERIE                      ;0;;0;;    ;;109;RICARD                                                      ;0.0114;0;2;6;0;100;0;1;0;3    ;CARTONS
2034;2034;VERRE GOLIATH 33 CL;;87;26;VERRERIE                      ;0;;0;;    ;;13;VANUXEEM BROUWERIJ SA/NV                                    ;2.5964;0;2;6;0;100;0;1;0;3    ;CARTONS
2035;2035;VERRE GORDON 25 CL;;87;26;VERRERIE                      ;0;;0;;    ;;76;GBS GIE                                                     ;2.0101;0;2;6;0;100;0;1;0;3    ;CARTONS
2036;2036;VERRE GORDON 33 CL;;87;26;VERRERIE                      ;0;;0;;    ;;76;GBS GIE                                                     ;2.4294;0;2;6;0;100;0;1;0;3    ;CARTONS
2037;2037;VERRE GRANINI;;87;26;VERRERIE                      ;0;;0;;    ;;68;GRANINI ECKES FRANCE                                        ;0.0114;0;2;6;606;100;0;1;0;3    ;CARTONS
2038;2038;VERRE GRISETTE 25 CL;;87;26;VERRERIE                      ;0;;0;;    ;;13;VANUXEEM BROUWERIJ SA/NV                                    ;2.3283;0;2;6;-42;100;0;1;0;3    ;CARTONS
2039;2039;VERRE GROLSCH 50CL;;87;26;VERRERIE                      ;0;;0;;    ;;267;ASAHI SABMILLER BRANDS EUROPE                               ;1.5;0;2;6;-480;100;0;1;0;3    ;CARTONS
2040;2040;VERRE GROLSCH 25CL;;87;26;VERRERIE                      ;0;;0;;    ;;267;ASAHI SABMILLER BRANDS EUROPE                               ;1.5;0;2;12;-192;100;0;1;0;3    ;CARTONS
2041;2041;VERRE GUILLOTINE 25 CL;;87;26;VERRERIE                      ;0;;0;;    ;;13;VANUXEEM BROUWERIJ SA/NV                                    ;2.2817;0;2;6;0;100;0;1;0;3    ;CARTONS
2042;2042;VERRE GUILLOTINE 33 CL;;87;26;VERRERIE                      ;0;;0;;    ;;13;VANUXEEM BROUWERIJ SA/NV                                    ;2.2817;0;2;6;0;100;0;1;0;3    ;CARTONS
2043;2043;VERRE GUINNESS 25CL;;87;26;VERRERIE                      ;0;;0;;    ;;104;MD BOISSONS HO BIERE                                        ;1.1363;0;2;6;-24;100;0;1;0;3    ;CARTONS
2044;2044;VERRE GUINNESS 50CL;;87;26;VERRERIE                      ;0;;0;;    ;;104;MD BOISSONS HO BIERE                                        ;2.2726;0;2;6;-12;100;0;1;0;3    ;CARTONS
2045;2045;VERRE GUINESS 28 CL;;87;26;VERRERIE                      ;0;;0;;    ;;13;VANUXEEM BROUWERIJ SA/NV                                    ;0.9545;0;2;6;0;100;0;1;0;3    ;CARTONS
2046;2046;VERRE GUINESS 56 CL;;87;26;VERRERIE                      ;0;;0;;    ;;13;VANUXEEM BROUWERIJ SA/NV                                    ;1.5885;0;2;6;0;100;0;1;0;3    ;CARTONS
2047;2047;VERRE GULDEN DRAAK 33 CL;;87;26;VERRERIE                      ;0;;0;;    ;;13;VANUXEEM BROUWERIJ SA/NV                                    ;2.3987;0;2;6;-7;100;0;1;0;3    ;CARTONS
2048;2048;VERRE HAPKIN 33 CL;;87;26;VERRERIE                      ;0;;0;;    ;;13;VANUXEEM BROUWERIJ SA/NV                                    ;2.3737;0;2;6;0;100;0;1;0;3    ;CARTONS
2049;2049;VERRE HIGHLAND PARK;;87;26;VERRERIE                      ;0;;0;;    ;;259;CAMPARI DISTRIBUTION                                        ;0.0011;0;2;6;0;100;0;1;0;3    ;CARTONS
2050;2050;VERRE HOEGAARDEN 25 CL;;87;26;VERRERIE                      ;0;;0;;    ;;13;VANUXEEM BROUWERIJ SA/NV                                    ;1.9249;0;2;6;-7;100;0;1;0;3    ;CARTONS
2051;2051;VERRE HOEPFNER FERRARA 25CL;;87;26;VERRERIE                      ;0;;0;;    ;;104;MD BOISSONS HO BIERE                                        ;0.0114;0;2;6;-4;100;0;1;0;3    ;CARTONS
2052;2052;VERRE HOMMELBIER 25 CL;;87;26;VERRERIE                      ;0;;0;;    ;;290;BRASSERIE KAPITTEL SA                                       ;1.934;0;2;6;-18;100;0;1;0;3    ;CARTONS
2053;2053;VERRE HOPUS 25 CL;;87;26;VERRERIE                      ;0;;0;;    ;;13;VANUXEEM BROUWERIJ SA/NV                                    ;2.2874;0;2;6;-18;100;0;1;0;3    ;CARTONS
2054;2054;VERRE HOPUS 33 CL;;87;26;VERRERIE                      ;0;;0;;    ;;13;VANUXEEM BROUWERIJ SA/NV                                    ;3.1271;0;2;6;-30;100;0;1;0;3    ;CARTONS
2055;2055;VERRE HOPUS SHOOTER 4 CL;;87;26;VERRERIE                      ;0;;0;;    ;;13;VANUXEEM BROUWERIJ SA/NV                                    ;1.417;0;2;6;0;100;0;1;0;3    ;CARTONS
2056;2056;VERRE CHOUFFE HOUBLON JAUG25CL;STANDARD;87;26;VERRERIE                      ;0;;0;;    ;;13;VANUXEEM BROUWERIJ SA/NV                                    ;2.2158;0;2;6;0;100;0;1;0;3    ;CARTONS
2057;2057;VERRE JAMESON 20CL;;87;26;VERRERIE                      ;0;;0;;    ;;109;RICARD                                                      ;0.0114;0;2;6;0;100;0;1;0;3    ;CARTONS
2058;2058;VERRE JEVER POKAL 25CL;;87;26;VERRERIE                      ;0;;0;;    ;;104;MD BOISSONS HO BIERE                                        ;0.0114;0;2;12;0;100;0;1;0;3    ;CARTONS
2059;2059;VERRE JUPILER 25CL;;87;26;VERRERIE                      ;0;;0;;    ;;13;VANUXEEM BROUWERIJ SA/NV                                    ;0.7875;0;2;6;-5;100;0;1;0;3    ;CARTONS
2060;2060;VERRE JUPILER 33CL;;87;26;VERRERIE                      ;0;;0;;    ;;13;VANUXEEM BROUWERIJ SA/NV                                    ;0.7875;0;2;6;0;100;0;1;0;3    ;CARTONS
2061;2061;VERRE JUPILER PIED 25CL;;87;26;VERRERIE                      ;0;;0;;    ;;13;VANUXEEM BROUWERIJ SA/NV                                    ;1.309;0;2;6;0;100;0;1;0;3    ;CARTONS
2062;2062;VERRE KAPITTEL 25CL;;87;26;VERRERIE                      ;0;;0;;    ;;13;VANUXEEM BROUWERIJ SA/NV                                    ;1.9908;0;2;6;360;100;0;1;0;3    ;CARTONS
2063;2063;VERRE KARLSBRAU 25CL;;87;26;VERRERIE                      ;0;;0;;    ;;22;KARLSBRAU                                                   ;1.7045;0;2;6;-24;100;0;1;0;3    ;CARTONS
2064;2064;VERRE TRIPLE KARMELIET 58CL;;87;26;VERRERIE                      ;0;;0;;    ;;13;VANUXEEM BROUWERIJ SA/NV                                    ;3.1487;0;2;6;-75;100;0;1;0;3    ;CARTONS
2065;2065;VERRE KARMELIET  38CL;;87;26;VERRERIE                      ;0;;0;;    ;;13;VANUXEEM BROUWERIJ SA/NV                                    ;2.4624;0;2;6;-209;100;0;1;0;3    ;CARTONS
2066;2066;VERRE KASTEEL 25 CL;;87;26;VERRERIE                      ;0;;0;;    ;;13;VANUXEEM BROUWERIJ SA/NV                                    ;2.1453;0;2;6;-7;100;0;1;0;3    ;CARTONS
2067;2067;VERRE KASTEELBIER JAUGE 33CL;STANDARD;87;26;VERRERIE                      ;0;;0;;    ;;13;VANUXEEM BROUWERIJ SA/NV                                    ;2.1453;0;2;6;0;100;0;1;0;3    ;CARTONS
2068;2068;VERRE KASTEEL 33 CL;;87;26;VERRERIE                      ;0;;0;;    ;;13;VANUXEEM BROUWERIJ SA/NV                                    ;2.1453;0;2;6;-9;100;0;1;0;3    ;CARTONS
2069;2069;VERRE KASTEEL JAUGE 25CL;STANDARD;87;26;VERRERIE                      ;0;;0;;    ;;13;VANUXEEM BROUWERIJ SA/NV                                    ;2.1453;0;2;6;-4;100;0;1;0;3    ;CARTONS
2070;2070;VERRE KASTEEL CUVEE DU CHATEAU;;87;26;VERRERIE                      ;0;;0;;    ;;13;VANUXEEM BROUWERIJ SA/NV                                    ;2.1453;0;2;6;0;100;0;1;0;3    ;CARTONS
2071;2071;VERRE KWAK SANS SUPPORT;;87;26;VERRERIE                      ;0;;0;;    ;;13;VANUXEEM BROUWERIJ SA/NV                                    ;4.2123;0;2;6;-122;100;0;1;0;3    ;CARTONS
2072;2072;VERRE KWAK FOND PLAT 33CL;;87;26;VERRERIE                      ;0;;0;;    ;;13;VANUXEEM BROUWERIJ SA/NV                                    ;4.2179;0;2;6;24;100;0;1;0;3    ;CARTONS
2073;2073;VERRE LAPHROAIG;;87;26;VERRERIE                      ;0;;0;;    ;;259;CAMPARI DISTRIBUTION                                        ;0.0114;0;2;6;0;100;0;1;0;3    ;CARTONS
2074;2074;VERRE LA TRAPPE 25 CL;;87;26;VERRERIE                      ;0;;0;;    ;;13;VANUXEEM BROUWERIJ SA/NV                                    ;1.709;0;2;6;-10;100;0;1;0;3    ;CARTONS
2075;2075;VERRE LEFFE 25 CL;;87;26;VERRERIE                      ;0;;0;;    ;;13;VANUXEEM BROUWERIJ SA/NV                                    ;1.6806;0;2;6;-6;100;0;1;0;3    ;CARTONS
2076;2076;VERRE LEFFE 33 CL;;87;26;VERRERIE                      ;0;;0;;    ;;13;VANUXEEM BROUWERIJ SA/NV                                    ;1.8522;0;2;6;0;100;0;1;0;3    ;CARTONS
2077;2077;VERRE LEROY STOUT 33 CL;;87;26;VERRERIE                      ;0;;0;;    ;;290;BRASSERIE KAPITTEL SA                                       ;1.9908;0;2;6;0;100;0;1;0;3    ;CARTONS
2078;2078;VERRE SERIGRAPHIE LIBERTINE;;87;26;VERRERIE                      ;0;;0;;    ;;96;RENE DE MISCAULT                                            ;1.8181;0;2;6;0;100;0;1;0;3    ;CARTONS
2079;2079;VERRE A PIED LICORNE 25 CL;;87;26;VERRERIE                      ;0;;0;;    ;;22;KARLSBRAU                                                   ;1.1249;0;2;6;-324;100;0;1;0;3    ;CARTONS
2080;2080;VERRE LICORNE 50 CL;;87;26;VERRERIE                      ;0;;0;;    ;;22;KARLSBRAU                                                   ;2.0453;0;2;6;-186;100;0;1;0;3    ;CARTONS
2081;2081;VERRE LICORNE BLACK 25 CL;;87;26;VERRERIE                      ;0;;0;;    ;;22;KARLSBRAU                                                   ;1.409;0;2;6;-284;100;0;1;0;3    ;CARTONS
2082;2082;VERRE LIEFMAN 25CL PIED;;87;26;VERRERIE                      ;0;;0;;    ;;76;GBS GIE                                                     ;2.1544;0;2;6;0;100;0;1;0;3    ;CARTONS
2083;2083;VERRE LIEFMANS 25 CL BAS;;87;26;VERRERIE                      ;0;;0;;    ;;13;VANUXEEM BROUWERIJ SA/NV                                    ;1.6238;0;2;6;0;100;0;1;0;3    ;CARTONS
2084;2084;VERRE A PIED LILLET TASTE 50CL;;87;26;VERRERIE                      ;0;;0;;    ;;109;RICARD                                                      ;0.0114;0;2;6;0;100;0;1;0;3    ;CARTONS
2085;2085;VERRE LINDEMANS 3 LOGOS 33 CL;;87;26;VERRERIE                      ;0;;0;;    ;;13;VANUXEEM BROUWERIJ SA/NV                                    ;1.6897;0;2;6;-36;100;0;1;0;3    ;CARTONS
2086;2086;VERRE LINDEMANS KRIEK BALLON;;87;26;VERRERIE                      ;0;;0;;    ;;13;VANUXEEM BROUWERIJ SA/NV                                    ;1.6806;0;2;6;-51;100;0;1;0;3    ;CARTONS
2087;2087;VERRE LUPULUS 33 CL;;87;26;VERRERIE                      ;0;;0;;    ;;13;VANUXEEM BROUWERIJ SA/NV                                    ;3.2828;0;2;6;-255;100;0;1;0;3    ;CARTONS
2088;2088;VERRE MC EWANS;;87;26;VERRERIE                      ;0;;0;;    ;;13;VANUXEEM BROUWERIJ SA/NV                                    ;1.4908;0;2;6;0;100;0;1;0;3    ;CARTONS
2089;2089;VERRE MAREDSOUS JAUGE25CL FUT;STANDARD;87;26;VERRERIE                      ;0;;0;;    ;;13;VANUXEEM BROUWERIJ SA/NV                                    ;2.1135;0;2;6;-133;100;0;1;0;3    ;CARTONS
2090;2090;VERRE MAREDSOUS JAUGE 33CL;STANDARD;87;26;VERRERIE                      ;0;;0;;    ;;13;VANUXEEM BROUWERIJ SA/NV                                    ;2.1135;0;2;6;-31;100;0;1;0;3    ;CARTONS
2091;2091;VERRE MAREDSOUS JAUGE50CL;STANDARD;87;26;VERRERIE                      ;0;;0;;    ;;76;GBS GIE                                                     ;1.6556;0;2;6;6;100;0;1;0;3    ;CARTONS
2092;2092;VERRE MAREDSOUS GRES;;87;26;VERRERIE                      ;0;;0;;    ;;13;VANUXEEM BROUWERIJ SA/NV                                    ;4.5452;0;2;6;-1;100;0;1;0;3    ;CARTONS
2093;2093;VERRE MARTINS PALE ALE 33 CL;;87;26;VERRERIE                      ;0;;0;;    ;;13;VANUXEEM BROUWERIJ SA/NV                                    ;1.8181;0;2;6;0;100;0;1;0;3    ;CARTONS
2094;2094;VERRE MOEDER OVERSTE 33 CL;;87;26;VERRERIE                      ;0;;0;;    ;;13;VANUXEEM BROUWERIJ SA/NV                                    ;2.0192;0;2;6;0;100;0;1;0;3    ;CARTONS
2095;2095;VERRE MOEDER OVERSTE 25 CL;;87;26;VERRERIE                      ;0;;0;;    ;;13;VANUXEEM BROUWERIJ SA/NV                                    ;2.0624;0;2;6;0;100;0;1;0;3    ;CARTONS
2096;2096;VERRE MOINETTE 25 CL;;87;26;VERRERIE                      ;0;;0;;    ;;13;VANUXEEM BROUWERIJ SA/NV                                    ;1.709;0;2;6;12;100;0;1;0;3    ;CARTONS
2097;2097;VERRE MOINETTE 33 CL;;87;26;VERRERIE                      ;0;;0;;    ;;13;VANUXEEM BROUWERIJ SA/NV                                    ;1.9351;0;2;6;0;100;0;1;0;3    ;CARTONS
2098;2098;VERRE MOINETTE BONVOEUX;;87;26;VERRERIE                      ;0;;0;;    ;;13;VANUXEEM BROUWERIJ SA/NV                                    ;2.1624;0;2;6;0;100;0;1;0;3    ;CARTONS
2099;2099;VERRE MONK'S STOUT;;87;26;VERRERIE                      ;0;;0;;    ;;13;VANUXEEM BROUWERIJ SA/NV                                    ;1.934;0;2;6;36;100;0;1;0;3    ;CARTONS
2100;2100;VERRE MYSTIC 25 CL;;87;26;VERRERIE                      ;0;;2;BRASSERIE HAATCH;    ;;14;BRASSERIE DU COQ HARDI                                      ;1.8749;0;2;6;0;100;0;1;0;3    ;CARTONS
2101;2101;VERRE NAMUR BLANCHE 25CL;;87;26;VERRERIE                      ;0;;0;;    ;;13;VANUXEEM BROUWERIJ SA/NV                                    ;1.625;0;2;6;0;100;0;1;0;3    ;CARTONS
2102;2102;VERRE BAL. NEUTRE BREUGHEL;;87;26;VERRERIE                      ;0;;0;;    ;;13;VANUXEEM BROUWERIJ SA/NV                                    ;1.1022;0;2;6;0;100;0;1;0;3    ;CARTONS
2104;2104;VERRE NONIC LICORNE 25 CL;;87;26;VERRERIE                      ;0;;0;;    ;;22;KARLSBRAU                                                   ;1.3749;0;2;6;66;100;0;1;0;3    ;CARTONS
2105;2105;VERRE NONIC LICORNE 50 CL;;87;26;VERRERIE                      ;0;;0;;    ;;22;KARLSBRAU                                                   ;1.9203;0;2;6;66;100;0;1;0;3    ;CARTONS
2106;2106;VERRE ORVAL 33CL;;87;26;VERRERIE                      ;0;;0;;    ;;13;VANUXEEM BROUWERIJ SA/NV                                    ;2.6669;0;2;6;0;100;0;1;0;3    ;CARTONS
2107;2107;VERRE SAS PILS 25CL;;87;26;VERRERIE                      ;0;;0;;    ;;290;BRASSERIE KAPITTEL SA                                       ;1.5;0;2;6;648;100;0;1;0;3    ;CARTONS
2108;2108;VERRE PAGE 24 TRIPLE;;87;26;VERRERIE                      ;0;;0;;    ;;317;BRASSERIE ST GERMAIN                                        ;2.8408;0;2;6;-5;100;0;1;0;3    ;CARTONS
2110;2110;VERRE PATER LIEVEN 33CL;;87;26;VERRERIE                      ;0;;0;;    ;;13;VANUXEEM BROUWERIJ SA/NV                                    ;2.0283;0;2;6;-8;100;0;1;0;3    ;CARTONS
2111;2111;VERRE PAULANER 50CL;;87;26;VERRERIE                      ;0;;0;;    ;;261;PAULANER BRAUEREI GMBH & CO. K                              ;2.2158;0;2;6;-28;100;0;1;0;3    ;CARTONS
2112;2112;VERRE PECH MEL BUSH 33 CL;;87;26;VERRERIE                      ;0;;0;;    ;;13;VANUXEEM BROUWERIJ SA/NV                                    ;3.0146;0;2;6;0;100;0;1;0;3    ;CARTONS
2113;2113;VERRE PERONI 25 CL;;87;26;VERRERIE                      ;0;;0;;    ;;267;ASAHI SABMILLER BRANDS EUROPE                               ;0.9659;0;2;12;492;100;0;1;0;3    ;CARTONS
2114;2114;VERRE PETRUS 25 CL;;87;26;VERRERIE                      ;0;;0;;    ;;13;VANUXEEM BROUWERIJ SA/NV                                    ;1.6499;0;2;6;-78;100;0;1;0;3    ;CARTONS
2116;2116;VERRE PILSNER URQUELL 25CL;;87;26;VERRERIE                      ;0;;0;;    ;;13;VANUXEEM BROUWERIJ SA/NV                                    ;0.9659;0;2;6;-13;100;0;1;0;3    ;CARTONS
2117;2117;VERRE PILSNER URQUELL 50CL;;87;26;VERRERIE                      ;0;;0;;    ;;13;VANUXEEM BROUWERIJ SA/NV                                    ;1.3408;0;2;6;-105;100;0;1;0;3    ;CARTONS
2119;2119;VERRE JEAN PRIMUS 25CL;;87;26;VERRERIE                      ;0;;0;;    ;;14;BRASSERIE DU COQ HARDI                                      ;0.9431;0;2;6;816;100;0;1;0;3    ;CARTONS
2120;2120;VERRE PRIMUS OR SS PIED  25CL;;87;26;VERRERIE                      ;0;;2;BRASSERIE HAATCH;    ;;14;BRASSERIE DU COQ HARDI                                      ;1.659;0;2;12;1040;100;0;1;0;3    ;CARTONS
2122;2122;VERRE QUEUE DE CHARRUE 25CLFUT;;87;26;VERRERIE                      ;0;;0;;    ;;13;VANUXEEM BROUWERIJ SA/NV                                    ;1.6431;0;2;6;-6;100;0;1;0;3    ;CARTONS
2123;2123;VERRE QUEUE DE CHARRUE 33CL;;87;26;VERRERIE                      ;0;;0;;    ;;13;VANUXEEM BROUWERIJ SA/NV                                    ;1.6431;0;2;6;70;100;0;1;0;3    ;CARTONS
2124;2124;VERRE QUEUE CHARRUE 50 CL;;87;26;VERRERIE                      ;0;;0;;    ;;13;VANUXEEM BROUWERIJ SA/NV                                    ;1.8613;0;2;6;0;100;0;1;0;3    ;CARTONS
2125;2125;VERRE QUINTINE 33CL;SPECIAL;87;26;VERRERIE                      ;0;;0;;    ;;13;VANUXEEM BROUWERIJ SA/NV                                    ;2.5964;0;2;6;0;100;0;1;0;3    ;CARTONS
2127;2127;VERRE ROCHEFORT 33CL;;87;26;VERRERIE                      ;0;;0;;    ;;13;VANUXEEM BROUWERIJ SA/NV                                    ;2.3851;0;2;6;77;100;0;1;0;3    ;CARTONS
2128;2128;VERRE RODENBACH 33 CL;;87;26;VERRERIE                      ;0;;0;;    ;;15;SWINKELS FAMILY BREW /BAVARIA                               ;1.6431;0;2;6;0;100;0;1;0;3    ;CARTONS
2129;2129;VERRE RODENBACH GRD CRU;;87;26;VERRERIE                      ;0;;0;;    ;;15;SWINKELS FAMILY BREW /BAVARIA                               ;1.7976;0;2;6;0;100;0;1;0;3    ;CARTONS
2130;2130;VERRE RODENBACH 25 CL;;87;26;VERRERIE                      ;0;;0;;    ;;15;SWINKELS FAMILY BREW /BAVARIA                               ;1.3749;0;2;6;0;100;0;1;0;3    ;CARTONS
2131;2131;VERRE RUSSIAN STD LONG DRINK;;87;26;VERRERIE                      ;0;;0;;    ;;60;WILLIAM GRANT & SONS                                        ;1.1363;0;2;6;0;100;0;1;0;3    ;CARTONS
2132;2132;VERRE SAISON 1900;;87;26;VERRERIE                      ;0;;0;;    ;;13;VANUXEEM BROUWERIJ SA/NV                                    ;2.1033;0;2;6;60;100;0;1;0;3    ;CARTONS
2135;2135;VERRE SCHNEIDER AVENTINUS 30CL;;87;26;VERRERIE                      ;0;;0;;    ;;104;MD BOISSONS HO BIERE                                        ;0.0114;0;2;6;0;100;0;1;0;3    ;CARTONS
2136;2136;VERRE SCHNEIDER WEISS 50CL;;87;26;VERRERIE                      ;0;;0;;    ;;104;MD BOISSONS HO BIERE                                        ;0.0114;0;2;6;5;100;0;1;0;3    ;CARTONS
2137;2137;VERRE ST BERNADUS 25 CL FUT;;87;26;VERRERIE                      ;0;;0;;    ;;13;VANUXEEM BROUWERIJ SA/NV                                    ;1.8408;0;2;6;0;100;0;1;0;3    ;CARTONS
2138;2138;VERRE ST BERNARDUS 33 CL;;87;26;VERRERIE                      ;0;;0;;    ;;13;VANUXEEM BROUWERIJ SA/NV                                    ;1.8408;0;2;6;42;100;0;1;0;3    ;CARTONS
2139;2139;VERRE STELLA 25 CL PIED;;87;26;VERRERIE                      ;0;;0;;    ;;13;VANUXEEM BROUWERIJ SA/NV                                    ;1.1783;0;2;6;0;100;0;1;0;3    ;CARTONS
2140;2140;VERRE STELLA 50 CL;;87;26;VERRERIE                      ;0;;0;;    ;;13;VANUXEEM BROUWERIJ SA/NV                                    ;1.8329;0;2;6;0;100;0;1;0;3    ;CARTONS
2141;2141;VERRE ST FEUILLIEN 33CL;;87;26;VERRERIE                      ;0;;0;;    ;;13;VANUXEEM BROUWERIJ SA/NV                                    ;2.568;0;2;6;-13;100;0;1;0;3    ;CARTONS
2144;2144;VERRE ST FEUILLEN GRD CRU 33CL;;87;26;VERRERIE                      ;0;;0;;    ;;13;VANUXEEM BROUWERIJ SA/NV                                    ;3.1133;0;2;6;0;100;0;1;0;3    ;CARTONS
2145;2145;VERRE ST FEUILLIEN SAISON 33CL;STANDARD;87;26;VERRERIE                      ;0;;0;;    ;;13;VANUXEEM BROUWERIJ SA/NV                                    ;1.7658;0;2;6;-12;100;0;1;0;3    ;CARTONS
2146;2146;VERRE STRAFF HENDRIK;;87;26;VERRERIE                      ;0;;0;;    ;;13;VANUXEEM BROUWERIJ SA/NV                                    ;2.9532;0;2;6;6;100;0;1;0;3    ;CARTONS
2147;2147;VERRE TEISSEIRE 35CL;;87;26;VERRERIE                      ;0;;0;;    ;;269;TEISSEIRE FRANCE SAS                                        ;0.0114;0;2;6;85;100;0;1;0;3    ;CARTONS
2148;2148;VERRE TONGERLO 20/25CL;;87;26;VERRERIE                      ;0;;2;BRASSERIE HAATCH;    ;;14;BRASSERIE DU COQ HARDI                                      ;1.9806;0;2;6;-65;100;0;1;0;3    ;CARTONS
2149;2149;VERRE TRAPPE 33 CL;;87;26;VERRERIE                      ;0;;0;;    ;;13;VANUXEEM BROUWERIJ SA/NV                                    ;2.5635;0;2;6;-31;100;0;1;0;3    ;CARTONS
2153;2153;VERRE TROUBADOURE 33 CL;;87;26;VERRERIE                      ;0;;0;;    ;;13;VANUXEEM BROUWERIJ SA/NV                                    ;1.8772;0;2;6;0;100;0;1;0;3    ;CARTONS
2154;2154;VERRE TULLAMORE DEW;;87;26;VERRERIE                      ;0;;0;;    ;;60;WILLIAM GRANT & SONS                                        ;0.0114;0;2;6;0;100;0;1;0;3    ;CARTONS
2155;2155;VERRE UR PILS 25CL;;87;26;VERRERIE                      ;0;;0;;    ;;22;KARLSBRAU                                                   ;1.7045;0;2;6;0;100;0;1;0;3    ;CARTONS
2156;2156;VERRE URQUELL PIED;;87;26;VERRERIE                      ;0;;0;;    ;;13;VANUXEEM BROUWERIJ SA/NV                                    ;2.1215;0;2;6;0;100;0;1;0;3    ;CARTONS
2157;2157;VERRE URTHEL 33 CL;;87;26;VERRERIE                      ;0;;0;;    ;;13;VANUXEEM BROUWERIJ SA/NV                                    ;2.1965;0;2;6;0;100;0;1;0;3    ;CARTONS
2158;2158;VERRE URTHEL SAISONNIERE 33 CL;;87;26;VERRERIE                      ;0;;0;;    ;;13;VANUXEEM BROUWERIJ SA/NV                                    ;1.8056;0;2;6;0;100;0;1;0;3    ;CARTONS
2159;2159;VERRE VEDETT 25CL;;87;26;VERRERIE                      ;0;;0;;    ;;76;GBS GIE                                                     ;1.117;0;2;6;-108;100;0;1;0;3    ;CARTONS
2160;2160;VERRE VEDETT 50CL;;87;26;VERRERIE                      ;0;;0;;    ;;76;GBS GIE                                                     ;2.2726;0;2;6;6;100;0;1;0;3    ;CARTONS
2161;2161;VERRE VEDETT DROIT;;87;26;VERRERIE                      ;0;;0;;    ;;76;GBS GIE                                                     ;1.2295;0;2;6;0;100;0;1;0;3    ;CARTONS
2162;2162;VERRE VEDETT PIED;;87;26;VERRERIE                      ;0;;0;;    ;;76;GBS GIE                                                     ;1.4056;0;2;6;-6;100;0;1;0;3    ;CARTONS
2163;2163;VERRE VICHTENAAR;;87;26;VERRERIE                      ;0;;0;;    ;;13;VANUXEEM BROUWERIJ SA/NV                                    ;1.0602;0;2;6;0;100;0;1;0;3    ;CARTONS
2165;2165;VERRE VILLIERS;;87;26;VERRERIE                      ;0;;0;;    ;;13;VANUXEEM BROUWERIJ SA/NV                                    ;2.5101;0;2;6;0;100;0;1;0;3    ;CARTONS
2166;2166;VERRE WELTENBURG ISAR 50CL;;87;26;VERRERIE                      ;0;;0;;    ;;104;MD BOISSONS HO BIERE                                        ;0.0114;0;2;6;0;100;0;1;0;3    ;CARTONS
2167;2167;VERRE WELTENBURG TRUMPF 25CL;;87;26;VERRERIE                      ;0;;0;;    ;;104;MD BOISSONS HO BIERE                                        ;0.0114;0;2;6;0;100;0;1;0;3    ;CARTONS
2168;2168;VERRE WELTENBURG WEISS HOP50CL;;87;26;VERRERIE                      ;0;;0;;    ;;104;MD BOISSONS HO BIERE                                        ;0.0114;0;2;6;0;100;0;1;0;3    ;CARTONS
2169;2169;VERRE WESTMALE 33 CL;;87;26;VERRERIE                      ;0;;0;;    ;;13;VANUXEEM BROUWERIJ SA/NV                                    ;2.7089;0;2;6;-6;100;0;1;0;3    ;CARTONS
2170;2170;VERRE WITKAP;;87;26;VERRERIE                      ;0;;0;;    ;;13;VANUXEEM BROUWERIJ SA/NV                                    ;2.1908;0;2;6;0;100;0;1;0;3    ;CARTONS
2171;2171;VERRE WITTEKERKE;;87;26;VERRERIE                      ;0;;0;;    ;;13;VANUXEEM BROUWERIJ SA/NV                                    ;1.1261;0;2;6;-12;100;0;1;0;3    ;CARTONS
2172;2172;APERO MIX NOTEKRAKER 5KG;;87;31;GATEAUX APERITIF              ;0;;0;;    ;;13;VANUXEEM BROUWERIJ SA/NV                                    ;31.08;0;3;1;8;100;0;1;0;     ;
2173;2173;HORECA MIX NOTEKRAKER 5KG;;87;31;GATEAUX APERITIF              ;0;;0;;    ;;13;VANUXEEM BROUWERIJ SA/NV                                    ;29.9;0;3;1;11;100;0;1;0;     ;
2174;2174;MIX PAPRIKA NOTEKRAKER 5KG;;87;31;GATEAUX APERITIF              ;0;;0;;    ;;13;VANUXEEM BROUWERIJ SA/NV                                    ;29.9;0;3;1;7;100;0;1;0;     ;
2176;2176;LOCATION TENTE ABRI FACIL 3X3;BROOKLAND;91;6;SERVICES LOCATIONS            ;0;;0;;    ;;117;SPIDTEC.COM                                                 ;41.6667;0;2;1;-7;100;0;1;0;     ;
2177;2177;LOCATION 1 KIT DE 2 LIAISONS;COMPTOIR + TENTE ABRI FACIL;91;6;SERVICES LOCATIONS            ;0;;0;;    ;;117;SPIDTEC.COM                                                 ;47.5;0;2;1;0;100;0;1;0;     ;
2178;2178;SAC ESPERANCE KRAFT 3 BLLES;BRUN NOIR / REF 4169;87;16;CORBEILLES - COFFRETS- CARTONS;0;;0;;    ;;310;CAV'SERVICE OPLEZIO                                         ;0.3625;0;2;1;0;100;0;1;0;     ;
2179;2179;COFF CALENDRIER AVENT BIERES;VIDE;87;16;CORBEILLES - COFFRETS- CARTONS;0;;0;;    ;;310;CAV'SERVICE OPLEZIO                                         ;8.45;0;2;1;5;100;0;1;0;     ;
2180;2180;VERRE SAISON DUPONT 25/33CL;;87;26;VERRERIE                      ;0;;0;;    ;;13;VANUXEEM BROUWERIJ SA/NV                                    ;2;0;2;6;30;100;0;1;0;3    ;CARTONS
2181;2181;BACHE PUBLICITAIRE;;87;6;ART. PUB.                     ;0;;0;;    ;;0;;8.3334;0;2;1;9;100;0;1;0;     ;
2182;2182;POLO PUBLICITAIRE;;87;6;ART. PUB.                     ;0;;0;;    ;;0;;10;0;2;1;0;100;0;1;0;     ;
2183;2183;T SHIRT PUBLICITAIRE;;87;6;ART. PUB.                     ;0;;0;;    ;;0;;8;0;2;1;-1;100;0;1;0;     ;
2184;2184;VERRE MEAN SARDINE 30CL;;87;26;VERRERIE                      ;0;;0;;    ;;13;VANUXEEM BROUWERIJ SA/NV                                    ;4;0;2;6;0;100;0;1;0;3    ;CARTONS
2185;2185;VERRE FUZETEA 30CL;;87;26;VERRERIE                      ;0;;0;;    ;;262;COCA COLA ENTREPRISE                                        ;1;0;2;6;12;100;0;1;0;3    ;CARTONS
2186;2186;VERRE ABSINTHE;;87;26;VERRERIE                      ;0;;0;;    ;;0;;2.3334;0;2;1;0;100;0;1;0;3    ;CARTONS
2187;2187;LOC 1 KIT DEMI-COTE ABRI FACIL;3M / 2 BARRES 1 BACHE BLANCHE;91;6;SERVICES LOCATIONS            ;0;;0;;    ;;0;;39.1667;0;2;1;0;100;0;1;0;     ;
2188;2188;LOCATION BANC BODEGA;;91;6;SERVICES LOCATIONS            ;0;;0;;    ;;2;CROUZIL FRERES                                              ;8.3334;0;2;1;0;100;0;1;0;     ;
2189;2189;LOC 1 LEST FONTE 15KG PR TENTE;ABRI FACIL;91;6;SERVICES LOCATIONS            ;0;;0;;    ;;0;;39.1667;0;2;1;0;100;0;1;0;     ;
2190;2190;VERRE GUE DES MOINES 25CL;GUSTO;87;26;VERRERIE                      ;0;;0;;    ;;320;DUROBOR                                                     ;2;0;2;6;-6;100;0;1;0;3    ;CARTONS
2191;2191;VERRE PAULANER 3L;;87;26;VERRERIE                      ;0;;0;;    ;;261;PAULANER BRAUEREI GMBH & CO. K                              ;43.75;0;2;1;0;100;0;1;0;3    ;CARTONS
2192;2192;VERRE KAPITTEL 33CL;;87;26;VERRERIE                      ;0;;0;;    ;;13;VANUXEEM BROUWERIJ SA/NV                                    ;2.5;0;2;6;360;100;0;1;0;3    ;CARTONS
2194;2194;LOCATION MACHINE PERFECT DRAFT;;91;6;SERVICES LOCATIONS            ;0;;0;;    ;;0;;8.3334;0;2;1;0;100;0;1;0;     ;
2196;2196;TERR JAMBON PERIG & TOMME 180G;SARLADAISE;87;11;TERRINE - BOCAUX - SAUCIS-FROM;0;;0;;FR  ;FRANCE                                  ;339;ESPRIT GOURMET                                              ;2.5;0;3;8;0;100;0;1;0;3    ;CARTONS
2197;2197;FRAIRINE CUISSE GRENOUILLE 90G;;87;11;TERRINE - BOCAUX - SAUCIS-FROM;0;;0;;FR  ;FRANCE                                  ;339;ESPRIT GOURMET                                              ;2.1875;0;3;13;0;100;0;1;0;3    ;CARTONS
2198;2198;LOCATION TABLE BODEGA;;91;6;SERVICES LOCATIONS            ;0;;0;;    ;;2;CROUZIL FRERES                                              ;12.5;0;2;1;0;100;0;1;0;     ;
2199;2199;TARTARE TRUITE MAGRET FUME 90G;;87;11;TERRINE - BOCAUX - SAUCIS-FROM;0;;0;;FR  ;FRANCE                                  ;339;ESPRIT GOURMET                                              ;2.5;0;3;13;0;100;0;1;0;3    ;CARTONS
2200;2200;TARTARE HOMARD AUX ZESTES 90G;CITRON & CORIANDRE;87;11;TERRINE - BOCAUX - SAUCIS-FROM;0;;0;;FR  ;FRANCE                                  ;339;ESPRIT GOURMET                                              ;2.5;0;3;13;0;100;0;1;0;3    ;CARTONS
2201;2201;DELICE TOMATES SECHEES 90G;;87;11;TERRINE - BOCAUX - SAUCIS-FROM;0;;0;;FR  ;FRANCE                                  ;339;ESPRIT GOURMET                                              ;2.25;0;3;12;0;100;0;1;0;3    ;CARTONS
2202;2202;TAPENADE OLIVES NOIRES 90G;;87;11;TERRINE - BOCAUX - SAUCIS-FROM;0;;0;;FR  ;FRANCE                                  ;339;ESPRIT GOURMET                                              ;2.25;0;3;12;0;100;0;1;0;3    ;CARTONS
2203;2203;CROUSTIL'AIL & FINES HERB 100G;ETUI;87;11;TERRINE - BOCAUX - SAUCIS-FROM;0;;0;;FR  ;FRANCE                                  ;339;ESPRIT GOURMET                                              ;3.125;0;3;8;0;100;0;1;0;3    ;CARTONS
2204;2204;GROUPE FROID 2TBG 35L/BIER+EAU;LENNE CREATION;89;6;MATERIEL VENTE                ;0;;0;;    ;;116;LENNE                                                       ;903.45;0;2;1;-2;100;0;1;0;     ;
2205;2205;GROUPE FROID 3TBG 1/2 CV;;89;6;MATERIEL VENTE                ;0;;0;;    ;;62;DAV                                                         ;1142.5;0;2;1;0;100;0;1;0;     ;
2206;2206;ADAPTATEUR FUT BONDE S TETE A;ASFBSTA00;89;6;MATERIEL VENTE                ;0;;0;;    ;;116;LENNE                                                       ;38.95;0;2;1;0;100;0;1;0;1    ;FUT INOX
2207;2207;ADAPTATEUR RINCAGE A;TETE PLATE;89;6;MATERIEL VENTE                ;0;;0;;    ;;62;DAV                                                         ;80.3;0;2;1;0;100;0;1;0;     ;
2208;2208;ADAPTATEUR RINCAGE G;TETE TRIANGLE;89;6;MATERIEL VENTE                ;0;;0;;    ;;62;DAV                                                         ;80.3;0;2;1;0;100;0;1;0;     ;
2209;2209;AGITATEUR EBM TÊTE ROTATIVE;PRISE FELLER;89;6;MATERIEL VENTE                ;0;;0;;    ;;116;LENNE                                                       ;129.13;0;2;1;-2;100;0;1;0;     ;
2210;2210;COLONNE OCCASION;;89;6;MATERIEL VENTE                ;0;;0;;    ;;116;LENNE                                                       ;641.1666;0;2;1;-2;100;0;1;0;     ;
2211;2211;DESANAMAX;POUR SANITATION MACHINE TIRAGE;89;6;MATERIEL VENTE                ;0;;0;;    ;;116;LENNE                                                       ;1.087;0;2;1;-1;100;0;1;0;     ;
2212;2212;DETENDEUR PRINC.N²CO² 2SORTIES;SERRAGE 6 PANS 2 PRISES;89;6;MATERIEL VENTE                ;0;;0;;    ;;62;DAV                                                         ;118.55;0;2;1;0;100;0;1;0;     ;
2213;2213;DETENDEUR HP GAUCHE MALE 1/4;1SORTIE GUEST AVEC VANNE;89;6;MATERIEL VENTE                ;0;;0;;    ;;116;LENNE                                                       ;115.95;0;2;1;-1;100;0;1;0;     ;
2214;2214;DETENDEUR SECONDAIRE;;89;6;MATERIEL VENTE                ;0;;0;;    ;;62;DAV                                                         ;76;0;2;1;0;100;0;1;0;     ;
2215;2215;FIESTA 200 CLASSIC DIRECT 1CV;AVEC DETENTEUR  200L/H MAXI;89;6;MATERIEL VENTE                ;0;;0;;    ;;116;LENNE                                                       ;3027.36;0;2;1;0;100;0;1;0;     ;
2216;2216;FIESTA 36 1T + COMPENS 1/4CV;AVEC DETEND 50L/H TETE EN SUS;89;7;VENTE MATERIEL MOBILE         ;0;;0;;    ;;116;LENNE                                                       ;1275.58;0;2;1;0;100;0;1;0;     ;
2217;2217;FLEXIBLE HP 1,5 M - AVEC CABLE;SORTIE MALE 1/2;89;6;MATERIEL VENTE                ;0;;0;;    ;;116;LENNE                                                       ;104.4;0;2;1;-3;100;0;1;0;     ;
2218;2218;JOINT TORIQUE FLEXIBLE HP;;89;6;MATERIEL VENTE                ;0;;0;;    ;;116;LENNE                                                       ;1.28;0;2;1;-3;100;0;1;0;     ;
2219;2219;KIT CONDENSATEURS PERF PLATINE;CYB-189880;89;6;MATERIEL VENTE                ;0;;0;;    ;;289;CYBERPIECES                                                 ;20.9;0;2;1;0;100;0;1;0;     ;
2220;2220;LAVE VERRES CLASSIC 35X35;POUR REVENTE CLIENT;89;6;MATERIEL VENTE                ;0;;0;;    ;;0;;1890;0;2;1;0;100;0;1;0;     ;
2222;2222;MACH GLACE GRANULAIRE 85KG/24H;RES.20KG CONDENSEUR A AIR;89;6;MATERIEL VENTE                ;0;;0;;    ;;280;EMB-SAGAA                                                   ;1722.5;0;2;1;0;100;0;1;0;     ;
2223;2223;MACHINE PERFECT DRAFT;PHILIPS;89;6;MATERIEL VENTE                ;0;;0;;    ;;13;VANUXEEM BROUWERIJ SA/NV                                    ;239;0;2;1;3;100;0;1;0;     ;
2224;2224;MACHINE TIRAGE PRESSION;;89;6;MATERIEL VENTE                ;0;;0;;    ;;116;LENNE                                                       ;2500;0;2;1;0;100;0;1;0;     ;
2225;2225;MACH TIRAGE PRESSION COMPLETE:;FIXE;89;6;MATERIEL VENTE                ;0;;0;;    ;;0;;12508.92;0;2;1;-2;100;0;1;0;     ;
2233;2233;PLATEAU EMBOUTI 400X400;RINCE VERRE ET VIDANGE 1 TROU;89;6;MATERIEL VENTE                ;0;;0;;    ;;116;LENNE                                                       ;244.47;0;2;1;-1;100;0;1;0;     ;
2234;2234;PUREXOL BIDON 12,5KG;;89;6;MATERIEL VENTE                ;0;;0;;    ;;116;LENNE                                                       ;81.14;0;2;1;0;1000;0;1;0;     ;
2242;2242;ADAPTATEUR RINÇAGE KEYKEG;AVEC VANNE SORTIE GUEST;89;7;VENTE MATERIEL MOBILE         ;0;;0;;    ;;116;LENNE                                                       ;82.69;0;2;1;16;100;0;1;0;     ;
2244;2244;TUYAUX ET RACCORDS;;89;6;MATERIEL VENTE                ;0;;0;;    ;;0;;50;0;2;1;-2;100;0;1;0;     ;
2245;2245;TUYAU ALIM BICOUCHE LUPULUS;EXT 9.5MM POLYAMIDE 7 9.5;89;6;MATERIEL VENTE                ;0;;0;;    ;;116;LENNE                                                       ;211;0;2;1;0;100;0;1;0;     ;
2247;2247;FROID SEC 1 TIRAGE 1/8CV 24L/H;TETE EN SUS;89;7;VENTE MATERIEL MOBILE         ;0;;0;;    ;;116;LENNE                                                       ;1032.7;0;2;1;0;100;0;1;0;     ;
2248;2248;VENTE H40 1T DIRECT 1/3CV;TETE EN SUS;89;7;VENTE MATERIEL MOBILE         ;0;;0;;    ;;116;LENNE                                                       ;1113;0;2;1;0;100;0;1;0;     ;
2250;2250;VENTE CHAISE PVC;;89;6;MATERIEL VENTE                ;0;;0;;    ;;0;;6.2;0;2;1;-12;100;0;1;0;     ;
2251;2251;FIESTA200 CLASSIC DIRECT 1/2CV;AVEC DETENTEUR  200L/H MAXI;89;6;MATERIEL VENTE                ;0;;0;;    ;;116;LENNE                                                       ;2533.95;0;2;1;0;100;0;1;0;     ;
2252;2252;VENTE FAUTEUIL RIO +;;89;6;MATERIEL VENTE                ;0;;0;;    ;;0;;5.1666;0;2;1;-24;100;0;1;0;     ;
2253;2253;TABLE RONDE REFACTUREE;DETERIOREE;89;6;MATERIEL VENTE                ;0;;0;;    ;;0;;9.2;0;2;1;-3;100;0;1;0;     ;
2254;2254;TABLE MICHIGAN BORDEAUX REFACT;DETERIOREE;89;6;MATERIEL VENTE                ;0;;0;;    ;;0;;16.09;0;2;1;-1;100;0;1;0;     ;
2255;2255;FORFAIT MONTAGE COMPRENANT :;TUYAUX/RACCORDS/MAIN D'OEUVRE;91;1;SERVICES FRAIS                ;0;;0;;    ;;99999;OCCITANIE BOISSONS INTERNE                                  ;140;0;2;1;0;100;0;1;0;     ;
2256;2256;FRAIS DE DEPLACEMENTS;SERVICE TECHNIQUE;91;1;SERVICES FRAIS                ;0;;0;;    ;;99999;OCCITANIE BOISSONS INTERNE                                  ;83.3334;0;2;1;-4;100;0;1;0;     ;
2257;2257;MANO BOUTEILLE DOUBLE SORTIE;;89;6;MATERIEL VENTE                ;0;;0;;    ;;0;;150.65;0;2;1;-1;100;0;1;0;     ;
2258;2258;FRAIS DE LIVRAISON + REPRISE;SI FACTURE INFERIEURE 500€ TTC;91;1;SERVICES FRAIS                ;0;;0;;    ;;99999;OCCITANIE BOISSONS INTERNE                                  ;41.6667;0;2;1;-62;100;0;1;0;     ;
2259;2259;FRAIS DE REJET DE TRAITE;;91;1;SERVICES FRAIS                ;0;;0;;    ;;0;;20.6;0;2;1;-44;100;0;1;0;     ;
2260;2260;FRAIS DE REMISE;;91;1;SERVICES FRAIS                ;0;;0;;    ;;0;;41.6675;0;2;1;0;100;0;1;0;     ;
2262;2262;FRAIS MAIN D'OEUVRE;;91;1;SERVICES FRAIS                ;0;;0;;    ;;0;;41.667;0;2;1;0;100;0;1;0;     ;
2264;2264;LOCATION COMPTOIR ABRI FACIL;PLIANT P/TENTE 3X3 BROOKLAND;91;6;SERVICES LOCATIONS            ;0;;0;;    ;;0;;8.3233;0;2;1;-24;100;0;1;0;     ;
2265;2265;LOC TENTE ABRI FACI 4X4+4 LEST;BROOKLAND;91;6;SERVICES LOCATIONS            ;0;;0;;    ;;0;;79.584;0;2;1;0;100;0;1;0;     ;
2266;2266;LOCATION TENTE ABRI 4X8+ LESTS;BROOKLAND;91;6;SERVICES LOCATIONS            ;0;;0;;    ;;0;;189.6;0;2;1;0;100;0;1;0;     ;
2267;2267;LOCATION BACHE ROUGE 3C ABS;;91;6;SERVICES LOCATIONS            ;0;;0;;    ;;0;;8.334;0;2;1;-2;100;0;1;0;     ;
2268;2268;LOCATION BUVETTE HEXAGONALE;SI FACT INF OU EGALE A 300 €;91;6;SERVICES LOCATIONS            ;0;;0;;    ;;0;;62.5;0;2;1;0;100;0;1;0;     ;
2269;2269;LOCATION CAMION FRIGO 3T5;;91;6;SERVICES LOCATIONS            ;0;;0;;    ;;0;;410.8333;0;2;1;-1;100;0;1;0;     ;
2270;2270;LOCATION CHAISE PLASTIQUE;;91;6;SERVICES LOCATIONS            ;0;;0;;    ;;0;;1.25;0;2;1;-226;100;0;1;0;     ;
2271;2271;LOCATION COMPTOIRS ABS 2M;2CI;91;6;SERVICES LOCATIONS            ;0;;0;;    ;;0;;8.3334;0;2;1;24;100;0;1;0;     ;
2272;2272;FRAIS PICKING;;91;1;SERVICES FRAIS                ;0;;0;;    ;;99999;OCCITANIE BOISSONS INTERNE                                  ;25;0;2;1;21;100;0;1;0;     ;
2273;2273;LOCATION FRIGO 300 BOITES;;91;6;SERVICES LOCATIONS            ;0;;0;;    ;;0;;20.8333;0;2;1;-10;100;0;1;0;     ;
2275;2275;LOCATION MACHINE A CAFE 10L;AVEC ROBINET;91;6;SERVICES LOCATIONS            ;0;;0;;    ;;0;;16.6666;0;2;1;-13;100;0;1;0;     ;
2276;2276;LOCATION MACHINE 2 TIRAGES;;91;6;SERVICES LOCATIONS            ;0;;0;;    ;;0;;20.8333;0;2;1;-15;100;0;1;0;     ;
2277;2277;LOCATION MACHINE 1 TIRAGE;;91;6;SERVICES LOCATIONS            ;0;;0;;    ;;0;;20.8333;0;2;1;-41;100;0;1;0;     ;
2278;2278;LOCATION REMORQUE FRIGO;LOC FROID;91;6;SERVICES LOCATIONS            ;0;;0;;    ;;0;;350;0;2;1;-4;100;0;1;0;     ;
2279;2279;LOCATION TABLE RONDE PVC;;91;6;SERVICES LOCATIONS            ;0;;0;;    ;;0;;1.6666;0;2;1;-59;100;0;1;0;     ;
2280;2280;LOCATION TABLE CARRE PVC;;91;6;SERVICES LOCATIONS            ;0;;0;;    ;;0;;1.6666;0;2;1;-15;100;0;1;0;     ;
2281;2281;LOCATION TETE CREUSE;RACCORD RAPIDE;91;6;SERVICES LOCATIONS            ;0;;0;;    ;;0;;130;0;2;1;-33;100;0;1;0;     ;
2285;2285;SANITATION 1T PRESSION CHEZ OB;LIVRE DANS NOS LOCAUX;91;16;SERVICES TECHNIQUES           ;0;;0;;    ;;0;;50;0;2;1;-3;100;0;1;0;     ;
2286;2286;SANITATION 1/2 T PRESSION EXT.;EFFECTUEE CHEZ LE CLIENT;91;16;SERVICES TECHNIQUES           ;0;;0;;    ;;0;;66.6675;0;2;1;-153;100;0;1;0;     ;
2294;2294;LOCATION TETE PLATE;RACCORD RAPIDE;91;6;SERVICES LOCATIONS            ;0;;0;;    ;;0;;130;0;2;1;-69;100;0;1;0;     ;
2295;2295;LOCATION TETE KEYKEG;RACCORD RAPIDE;91;6;SERVICES LOCATIONS            ;0;;0;;    ;;0;;130;0;2;1;-68;100;0;1;0;     ;
2296;2296;LOCATION TETE TRAPPE;RACCORD RAPIDE;91;6;SERVICES LOCATIONS            ;0;;0;;    ;;0;;130;0;2;1;-2;100;0;1;0;     ;
2304;2304;RH MILLONARIO SOLERA 15A 70CL;RHUM SOLERA 15 ANS PEROU;1;2;RHUMS TIERS                   ;0;;0;;PE  ;PEROU                                   ;257;DUGAS                                                       ;33.1;0;2;1;3;70;40;1;0;     ;
2308;2308;CARPANO ANTICA FORMULA 100CL;BOITE METAL;1;8;VERMOUTHS                     ;0;;0;;    ;;259;CAMPARI DISTRIBUTION                                        ;23.7841;0;2;1;9;100;16.5;1;0;     ;
2313;2313;ABSINTHES MORAND 70 CL;SUISSE;1;29;ABSINTHES                     ;0;;0;;    ;;259;CAMPARI DISTRIBUTION                                        ;32.9815;0;2;1;4;70;50;1;0;     ;
2318;2318;AMER CYNAR 100CL;APERITIF ITALIEN;1;41;LIQUEURS CREMES               ;0;;0;;    ;;259;CAMPARI DISTRIBUTION                                        ;17.5;0;2;1;7;100;16.5;1;0;     ;
2331;2331;MEZCAL REY ZAPOTECO BIO 50CL;JOVEN ESCAPIN / MEXIQUE;1;56;TEQUILA                       ;0;;0;;    ;;294;MY TEQUILA                                                  ;29.7405;0;2;1;0;50;50;1;0;     ;
2358;2358;CAMPLAZENS IGP OC GRENACHE75CL;ROUGE;10;5;IGP OC                        ;20;VIN ROUGE;0;;    ;;300;CHATEAU CAMPLAZENS                                          ;5.2504;0;2;6;56;75;15;1;0;     ;
2359;2359;CAMPLAZENS MARSELAN RGE 75CL;IGP COTEAUX NARBONNE;11;5;OC                            ;20;VIN ROUGE;0;;    ;;300;CHATEAU CAMPLAZENS                                          ;5.4;0;2;6;2;75;15;1;0;     ;
2360;2360;CAMPLAZENS SYRAH 75CL;ROUGE;11;10;IGP COTEAUX NARBONNE          ;20;VIN ROUGE;0;;    ;;300;CHATEAU CAMPLAZENS                                          ;5.4;0;2;6;81;75;13;1;0;     ;
2361;2361;CAMPLAZENS VIOGNIER BLC 75CL;IGP CTX NARBONNE;10;9;IGP COTEAUX NARBONNE          ;22;VIN BLANC SEC;0;;    ;;300;CHATEAU CAMPLAZENS                                          ;5.8725;0;2;6;209;75;13.5;1;0;     ;
2363;2363;BIB 10L GAYREL ROUGE;IGP COTES DU TARN;11;7;COTES DU TARN                 ;0;;0;;    ;;270;LES VIGNOBLES GAYREL S.A.S                                  ;21.5;0;2;1;43;1000;13;1;0;4    ;BIB
2364;2364;BIB 10L GAYREL ROSE;IGP COTES DU TARN;11;7;COTES DU TARN                 ;0;;0;;    ;;270;LES VIGNOBLES GAYREL S.A.S                                  ;21.5;0;2;1;13;1000;12.5;1;0;4    ;BIB
2365;2365;SAC REUTILISABLE 45X45X22;SRC45;87;42;SACS REUTILISABES             ;0;;0;;    ;;293;RAJA                                                        ;0.25;0;2;1;0;100;0;1;0;     ;
2367;2367;VINA ESMERALDA BLANC 75CL;CATALUNA ESPAGNE;10;11;ESPAGNE AOC                   ;0;;0;;    ;;259;CAMPARI DISTRIBUTION                                        ;5.5;0;2;6;0;75;11;1;0;     ;
2374;2374;PROSECCO RICCADONNA 75CL;EXTRA DRY;11;78;VIN MOUSSEUX DE QUALITE       ;0;;0;;    ;;259;CAMPARI DISTRIBUTION                                        ;7.5;0;2;6;1;75;11;1;0;     ;
2376;2376;CHAMP TRICHET AUTH BRUT 75CL;PREMIER CRU;10;81;CHAMPAGNE BRUT S/A            ;34;BRUT;0;;    ;;302;PIERRE TRICHET                                              ;19.7;0;2;6;31;75;12;1;0;     ;
2377;2377;CHAMP TRICHET AUTH ROSE 75CL;BRUT PREMIER CRU;11;81;CHAMPAGNE                     ;34;BRUT;0;;    ;;302;PIERRE TRICHET                                              ;19.5;0;2;6;13;75;12;1;0;     ;
2378;2378;CH TRICHET HERITAGE 1E CRU 75C;BLANC DE BLANCS;11;81;CHAMPAGNE                     ;36;BLANC DE BLANCS;0;;    ;;302;PIERRE TRICHET                                              ;23;0;2;6;30;75;12;1;0;     ;
2379;2379;CH TRICHET AUTH DEMI-SEC 75CL;PREMIER CRU;10;85;CHAMPAGNE DEMI-SEC            ;35;DEMI SEC;0;;    ;;302;PIERRE TRICHET                                              ;19.7;0;2;6;12;75;12;1;0;     ;
2380;2380;CHAMP TRICHET AUTH BRUT 37.5CL;PREMIER CRU;10;81;CHAMPAGNE BRUT S/A            ;34;BRUT;0;;    ;;302;PIERRE TRICHET                                              ;11.7;0;2;6;31;38;12;1;0;     ;
2403;2403;BASQUELAND IMPARABLE 30L K;WEST COAST IPA;20;1;BIERE FUT 30L                 ;1;IPA;133;BASQUELAND BREWING PROJECT;ES  ;ESPAGNE                                 ;314;BASQUELAND BREWING PROJECT                                  ;4.4775;0.56032;2;30;510;100;6.8;1;0;5    ;FUT KEYKEG
2426;2426;BIOLEGERE DUPONT 20L;SAISON BIO;20;2;BIERE FUT 20L                 ;0;;88;BRASSERIE DUPONT;    ;;13;VANUXEEM BROUWERIJ SA/NV                                    ;3.64;0.1442;2;20;20;100;3.5;1;30;1    ;FUT INOX
2445;2445;SAS PILS 25 VC;BELGIQUE;20;8;BIERE 25CL VC                 ;7;LAGER / PILS / ALE / BLONDE;14;BRASSERIE HET SAS;BE  ;BELGIQUE                                ;290;BRASSERIE KAPITTEL SA                                       ;0.55;0.0515;2;24;687;25;5;1;4.5;2    ;CAISSE
2464;2464;CAMPARI LIQUEUR AMERE 100CL;ITALIE;1;41;LIQUEURS CREMES               ;0;;0;;    ;;259;CAMPARI DISTRIBUTION                                        ;20.05;0;2;6;10;100;25;1;0;     ;
2465;2465;BASQ IMPARABLE 33VP BOUTEILLE;WEST COAST IPA;20;10;BIERE 20/25/33/35CL VP        ;1;IPA;133;BASQUELAND BREWING PROJECT;ES  ;ESPAGNE                                 ;314;BASQUELAND BREWING PROJECT                                  ;2.078;0.09245;2;24;283;33;6.8;1;0;3    ;CARTONS
2551;2551;HANSSENS LAMB RASPBERRY 37.5VP;EXPERIMENTAL /  BELGIQUE;20;12;BIERE 37.5CL                  ;0;;33;BRASSERIE HANSSENS ;    ;;13;VANUXEEM BROUWERIJ SA/NV                                    ;4.5791;0.0618;2;12;0;38;4;1;0;3    ;CARTONS
2552;2552;HANSSENS OUDBEITJE 37.5VP;LAMBIC FRAISES FRAICHES;20;12;BIERE 37.5CL                  ;13;LAMBIC;33;BRASSERIE HANSSENS ;    ;;13;VANUXEEM BROUWERIJ SA/NV                                    ;3.7829;0.0927;2;12;3;38;6;1;0;3    ;CARTONS
2553;2553;HANSSENS SCHAARB KRIEK 37,5VP;LAMBIC ARTISANALE / BELGIQUE;20;12;BIERE 37.5CL                  ;0;;33;BRASSERIE HANSSENS ;    ;;13;VANUXEEM BROUWERIJ SA/NV                                    ;5.502;0.10043;2;12;10;38;6.5;1;0;3    ;CARTONS
2558;2558;CUVEE DE RANKE 75VC;BIERE VIEILLIE FUT + LAMBIC;20;14;BIERE 75VC                    ;2;SOUR;16;BRASSERIE DE RANKE;BE  ;BELGIQUE                                ;13;VANUXEEM BROUWERIJ SA/NV                                    ;5.663;0.2163;2;6;54;75;7;1;1.5;3    ;CARTONS
2559;2559;LIVINUS BLONDE 75VC;BELGIQUE;20;14;BIERE 75VC                    ;0;;14;BRASSERIE HET SAS;    ;;290;BRASSERIE KAPITTEL SA                                       ;3.0951;0.309;2;12;97;75;10;1;4.2;2    ;CAISSE
2560;2560;LUPULUS ORGANICUS BIO 75VC;;20;14;BIERE 75VC                    ;10;TRIPLE;10;BRASSERIE LUPULUS;BE  ;BELGIQUE                                ;13;VANUXEEM BROUWERIJ SA/NV                                    ;4.0987;0.26265;2;12;69;75;8.5;1;4.5;2    ;CAISSE
2563;2563;CAROLUS WHISKY INFUSED 75VP;CARTON 6 BOUTEILLES;20;15;BIERE 75VP                    ;6;BARREL AGED;29;BRASSERIE HET ANKER;    ;;13;VANUXEEM BROUWERIJ SA/NV                                    ;7.537;0.36153;2;6;0;75;11.7;1;0;3    ;CARTONS
2568;2568;LINDEMANS SPONTANBASIL 75VP;SAVEUR PESTO CITRON / BELGIQUE;20;15;BIERE 75VP                    ;0;;42;BRASSERIE LINDEMANS;    ;;13;VANUXEEM BROUWERIJ SA/NV                                    ;9.5407;0.1854;2;12;197;75;6;1;0;3    ;CARTONS
2569;2569;STRAFFE HENDRIK HERITAGE 75VP;BELGIQUE;20;15;BIERE 75VP                    ;10;TRIPLE;8;BRASSERIE DE HALVE MAAN;    ;;13;VANUXEEM BROUWERIJ SA/NV                                    ;12.3;0.3399;2;6;-1;75;11;1;0;3    ;CARTONS
2604;2604;TRAPPE QUADRUPLE OAK A 37.5VP;PAYS BAS;20;12;BIERE 37.5CL                  ;0;;19;BRASSERIE DE KONINGSHOEVEN;    ;;15;SWINKELS FAMILY BREW /BAVARIA                               ;8.9874;0.3399;2;6;18;38;11;1;0;3    ;CARTONS
2606;2606;BROOKLYN FRAMBOISIE SOUR 75VP;USA / NEW YORK;20;15;BIERE 75VP                    ;0;;72;BRASSERIE BROOKLYN;    ;;76;GBS GIE                                                     ;15.754;0.45114;2;12;18;75;7.3;1;0;3    ;CARTONS
2609;2609;FRAIS DE LIVRAISON ALLER;RETOUR EFFECTUE PAR CLIENT;91;1;SERVICES FRAIS                ;0;;0;;    ;;99999;OCCITANIE BOISSONS INTERNE                                  ;20.8334;0;2;1;0;100;0;1;0;     ;
2629;2629;CAISSE BOIS 8X33CL 1/2 VIDE;REF. 13960 / GLISSIERE;87;16;CORBEILLES - COFFRETS- CARTONS;0;;0;;    ;;13;VANUXEEM BROUWERIJ SA/NV                                    ;4.615;0;2;1;49;100;0;1;0;     ;
2630;2630;CAISSE BOIS 8*33CL LARGE;REF. 13740 VIDE;87;16;CORBEILLES - COFFRETS- CARTONS;0;;0;;    ;;13;VANUXEEM BROUWERIJ SA/NV                                    ;4.9;0;2;1;60;100;0;1;0;     ;
2631;2631;CAISSE BOIS VIDE HEXA 7X25CL;REF. 13610;87;16;CORBEILLES - COFFRETS- CARTONS;0;;0;;    ;;13;VANUXEEM BROUWERIJ SA/NV                                    ;5.1;0;2;1;27;100;0;1;0;     ;
2648;2648;LOCATION TETE GUINNESS;RACCORD RAPIDE;91;6;SERVICES LOCATIONS            ;0;;0;;    ;;0;;130;0;2;1;-2;100;0;1;0;     ;
2649;2649;LOCATION TETE TRIANGULAIRE;RACCORD RAPIDE;91;6;SERVICES LOCATIONS            ;0;;0;;    ;;0;;130;0;2;1;-17;100;0;1;0;     ;
2677;2677;GUE MOINES LABELLE IPA 30L;BRUGUIERES / HAUTE-GARONNE;20;1;BIERE FUT 30L                 ;0;;48;BRASSERIE GUE DES MOINES;FR  ;FRANCE                                  ;282;SAS PAILLE FREYBURGER                                       ;3.98;0.23896;2;30;0;100;5.8;1;30;1    ;FUT INOX
2681;2681;CAMPLAZENS RESERVE ROUGE 75CL;AOC LA CLAPE FDC;10;91;LA CLAPE                      ;20;VIN ROUGE;0;;    ;;300;CHATEAU CAMPLAZENS                                          ;8.5;0;2;6;0;75;14.5;1;0;     ;
2689;2689;OUROBOROS STRONGGUS NOIRE 33VP;AU LAURIER / HAUTE-LOIRE;20;10;BIERE 20/25/33/35CL VP        ;0;;153;OUROBOROS;FR  ;FRANCE                                  ;122;BRASSERIE OUROBOROS                                         ;2.3474;0.13596;2;24;15;33;10;1;0;3    ;CARTONS
2696;2696;SAINTE CRU WHITE RABBIT 33VP;BLANCHE HOUBLONNÉE;20;10;BIERE 20/25/33/35CL VP        ;0;;136;BRASSERIE SAINTE-CRU;FR  ;FRANCE                                  ;123;BRASSERIE SAINTE-CRU                                        ;1.9081;0.06798;2;24;0;33;5;1;0;3    ;CARTONS
2697;2697;SAINTE CRU ORANGE MECANIQ 33VP;HONEY ALE;20;10;BIERE 20/25/33/35CL VP        ;4;AMBREE / ROUSSE / RED ALE;136;BRASSERIE SAINTE-CRU;FR  ;FRANCE                                  ;123;BRASSERIE SAINTE-CRU                                        ;2.0189;0.09517;2;24;0;33;7;1;0;3    ;CARTONS
2709;2709;GUE MOINES SERIE NOIRE 15L;BRUNE;20;3;BIERE FUT 10L/15L             ;5;STOUT / PORTER;48;BRASSERIE GUE DES MOINES;FR  ;FRANCE                                  ;282;SAS PAILLE FREYBURGER                                       ;3.75;0.309;2;15;15;100;7.5;1;30;1    ;FUT INOX
2798;2798;FRAIS LIVRAISON;;91;1;SERVICES FRAIS                ;0;;0;;    ;;99999;OCCITANIE BOISSONS INTERNE                                  ;45;0;2;1;2;100;0;1;0;     ;
2818;2818;FRAIS PREPARATION PALETTE;COCA COLA ENTREPRISE;91;1;SERVICES FRAIS                ;0;;0;;    ;;262;COCA COLA ENTREPRISE                                        ;25;0;2;1;5;100;0;0;0;     ;
2836;2836;EDGE B 6 BARREL IMP STOUT 20LK;BARCELONE ESPAGNE;20;2;BIERE FUT 20L                 ;6;BARREL AGED;134;EDGE BREWING;ES  ;ESPAGNE                                 ;129;EDGE BREWING                                                ;6.25;0.3914;2;20;20;100;9.5;1;0;1    ;FUT INOX
2870;2870;FRAIS NETTOYAGE MACHINE A CAFE;RESTITUEE SALE;91;21;NETTOYAGE                     ;0;;0;;    ;;0;;16.6667;0;2;1;-5;100;0;1;0;     ;
2880;2880;REFACTURATION BACHE ROUGE ABS;DETERIORE;89;6;MATERIEL VENTE                ;0;;0;;    ;;0;;80;0;2;1;-1;100;0;1;0;     ;
2889;2889;PIECE DETACHEE CPTOIR P/TENTE;DETERIOREE;89;6;MATERIEL VENTE                ;0;;0;;    ;;0;;4.1666;0;2;1;-10;100;0;1;0;     ;
2895;2895;CARTON VIDE 24X33 HAUTE;REF 12720;87;16;CORBEILLES - COFFRETS- CARTONS;0;;0;;    ;;13;VANUXEEM BROUWERIJ SA/NV                                    ;0.75;0;2;1;0;100;0;1;0;     ;
2896;2896;CARTON VIDE 24X33 BASSE;REF 12730;87;16;CORBEILLES - COFFRETS- CARTONS;0;;0;;    ;;13;VANUXEEM BROUWERIJ SA/NV                                    ;0.8;0;2;1;0;100;0;1;0;     ;
2897;2897;CARTON VIDE 24X25 HAUTE;REF 12740;87;16;CORBEILLES - COFFRETS- CARTONS;0;;0;;    ;;13;VANUXEEM BROUWERIJ SA/NV                                    ;0.7;0;2;1;0;100;0;1;0;     ;
2900;2900;CARTON VIDE 20X37,5;REF 13670;87;16;CORBEILLES - COFFRETS- CARTONS;0;;0;;    ;;13;VANUXEEM BROUWERIJ SA/NV                                    ;0.85;0;2;1;0;100;0;1;0;     ;
2903;2903;TETE CREUSE MICRO MATIC;SORTIE GUEST 3/8;89;7;VENTE MATERIEL MOBILE         ;0;;0;;    ;;116;LENNE                                                       ;139.44;0;2;1;25;100;0;1;0;     ;
2904;2904;TETE PLATE ALUMASC JG3/8 GUEST;ROBINET A BILLE RACCORD RAPIDE;89;7;VENTE MATERIEL MOBILE         ;0;;0;;    ;;116;LENNE                                                       ;80.51;0;2;1;-2;100;0;1;0;     ;
2932;2932;FRAIS CONDIT CARTON DELIRIUM;;91;1;SERVICES FRAIS                ;0;;0;;    ;;0;;8.4;0;2;1;-7;100;0;1;0;     ;
2934;2934;FRAIS CONDIT CARTON 25/33/75CL;BOUTEILLES BASIQUES CONSIGNEES;91;1;SERVICES FRAIS                ;0;;0;;    ;;0;;3.6;0;2;1;-6;100;0;1;0;     ;
2939;2939;FRAIS CONDITIONNEMENT 33CL;BOUTEILLES CONSIGNEES;91;1;SERVICES FRAIS                ;0;;0;;    ;;0;;2.4;0;2;1;-14;100;0;1;0;     ;
2943;2943;POMPE PYTHON TOTTON 7M EQUIPEE;AVEC PRISE FELLER;89;6;MATERIEL VENTE                ;0;;0;;    ;;116;LENNE                                                       ;132.52;0;2;1;-1;100;0;1;0;     ;
2946;2946;MACHINE FROID SEC 1T FS25;COMP + REG AUTO TETE EN SUS;89;7;VENTE MATERIEL MOBILE         ;0;;0;;    ;;116;LENNE                                                       ;807.2428;0;2;1;0;100;0;1;0;     ;
2960;2960;LOCATION FRIGO VITRINE;LOC FROID;91;6;SERVICES LOCATIONS            ;0;;0;;    ;;0;;33.33;0;2;1;0;100;0;1;0;     ;
2963;2963;INTERVENTION TECHNIQUE;CHEZ LE CLIENT;91;16;SERVICES TECHNIQUES           ;0;;0;;    ;;0;;41.6666;0;2;1;-30;100;0;1;0;     ;
2970;2970;FRAIS CONDIT CARTON 50CL;FRANZISKANER;91;1;SERVICES FRAIS                ;0;;0;;    ;;0;;3.2;0;2;1;-6;100;0;1;0;     ;
2972;2972;CONVIVIALITE ROUGE 75CL;IGP CTX NARBONNE;10;9;IGP COTEAUX NARBONNE          ;20;VIN ROUGE;0;;    ;;300;CHATEAU CAMPLAZENS                                          ;4.59;0;2;6;200;75;13.5;1;0;     ;
2978;2978;GARAGE SOUP  44BTE;NEIPA;20;25;BIERE 33/44/50 CL CANETTE     ;1;IPA;156;GARAGE BREWING;ES  ;ESPAGNE                                 ;133;CERVECEROS GARAGE SL                                        ;3.2535;0.10877;2;16;216;44;6;1;0;3    ;CARTONS
2987;2987;CAISSON BOIS SUR MESURE;;89;6;MATERIEL VENTE                ;0;;0;;    ;;116;LENNE                                                       ;3200;0;2;1;-1;100;0;1;0;     ;
3021;3021;LUPULUS BLANCHE 20L;;20;2;BIERE FUT 20L                 ;3;BLANCHE;10;BRASSERIE LUPULUS;    ;;13;VANUXEEM BROUWERIJ SA/NV                                    ;3.8;0.1854;2;20;100;100;4.5;1;30;1    ;FUT INOX
3113;3113;L'EXCUSE DEUS EX MACHINE 30L D;BARLEY WINE / MAUVEZIN;20;1;BIERE FUT 30L                 ;6;BARREL AGED;149;L'EXCUSE;FR  ;FRANCE                                  ;323;SAS L'EXCUSE                                                ;6;0.4326;2;30;30;100;10.5;1;0;6    ;FUT DOLIUM
3139;3139;DE RANKE KRIEK 75VC;VIEILLE BIERE FLAMANDE + GRIOT;20;14;BIERE 75VC                    ;0;;16;BRASSERIE DE RANKE;BE  ;BELGIQUE                                ;13;VANUXEEM BROUWERIJ SA/NV                                    ;6.2672;0.2163;2;6;52;75;7;1;1.5;3    ;CARTONS
3145;3145;GUE MOINES ROI COEUR IPA 15L;IPA;20;3;BIERE FUT 10L/15L             ;1;IPA;48;BRASSERIE GUE DES MOINES;FR  ;FRANCE                                  ;282;SAS PAILLE FREYBURGER                                       ;3.4;0.30076;2;15;510;100;7.3;1;30;1    ;FUT INOX
3164;3164;MACHINE A GLACONS N55A AIR;DIM.50X58X80 PROD.45KG/24H EMB;89;6;MATERIEL VENTE                ;0;;0;;    ;;280;EMB-SAGAA                                                   ;1730;0;2;1;-1;100;0;1;0;     ;
3165;3165;CAISSE BOIS 6X33CL HAUTE VIDE;;87;16;CORBEILLES - COFFRETS- CARTONS;0;;0;;    ;;13;VANUXEEM BROUWERIJ SA/NV                                    ;4.6;0;2;1;0;100;0;1;0;     ;
3172;3172;CHAMP TRICHET CARACTERE 75CL;BLANC DE NOIRS;11;81;CHAMPAGNE                     ;37;BLANC DE NOIRS;0;;    ;;302;PIERRE TRICHET                                              ;21.417;0;2;6;40;75;12;1;0;     ;
3179;3179;KWAK 6L;PERFECT DRAFT BELGIQUE;20;4;BIERES FUT 5L/6L/12.5L        ;0;;38;BRASSERIE BOSTEELS;    ;;13;VANUXEEM BROUWERIJ SA/NV                                    ;26.55;4.15296;2;1;15;600;8.4;1;7.1;1    ;FUT INOX
3216;3216;DETENDEUR BOUTEILLE (MANO);;89;6;MATERIEL VENTE                ;0;;0;;    ;;0;;95;0;2;1;0;100;0;1;0;     ;
3217;3217;ROBINET ALPHA 1 CRANTE CHROME;AVEC POIGNEE;89;6;MATERIEL VENTE                ;0;;0;;    ;;116;LENNE                                                       ;114.78;0;2;1;0;100;0;1;0;     ;
3249;3249;FIESTA 35 1T DIRECT 1/3CV;AVEC DETEND 50L/H TETE EN SUS;89;7;VENTE MATERIEL MOBILE         ;0;;0;;    ;;116;LENNE                                                       ;1256.46;0;2;1;0;100;0;1;0;     ;
3250;3250;FIESTA 37 2T + COMPENS 1/4CV;AVEC DETEND 50L/H TETE EN SUS;89;7;VENTE MATERIEL MOBILE         ;0;;0;;    ;;116;LENNE                                                       ;1390.33;0;2;1;0;100;0;1;0;     ;
3251;3251;FIESTA 100 2T DIRECT 3/8CV;AVEC DETEND 118L/H TETE EN SUS;89;7;VENTE MATERIEL MOBILE         ;0;;0;;    ;;116;LENNE                                                       ;1948.39;0;2;1;0;100;0;1;0;     ;
3252;3252;FIESTA 100 2T + COMPENS 3/8CV;AVEC DETEND 118L/H TETE EN SUS;89;7;VENTE MATERIEL MOBILE         ;0;;0;;    ;;116;LENNE                                                       ;1967.51;0;2;1;-1;100;0;1;0;     ;
3273;3273;FROID SEC 1 TIRAGE 1/5CV 40L/H;COMPRESSEUR AUTO;89;7;VENTE MATERIEL MOBILE         ;0;;0;;    ;;116;LENNE                                                       ;1386.5;0;2;1;0;100;0;1;0;     ;
3274;3274;FROID SEC 2 TIRAGE 1/5CV 40L/H;TETE EN SUS;89;7;VENTE MATERIEL MOBILE         ;0;;0;;    ;;116;LENNE                                                       ;1510.81;0;2;1;0;100;0;1;0;     ;
3275;3275;FROID SEC 1 TIRAGE 1/3CV 70L/H;TETE EN SUS;89;7;VENTE MATERIEL MOBILE         ;0;;0;;    ;;116;LENNE                                                       ;1798.34;0;2;1;0;100;0;1;0;     ;
3276;3276;FROID SEC 2 TIRAGE 1/3CV 70L/H;TETE EN SUS;89;7;VENTE MATERIEL MOBILE         ;0;;0;;    ;;116;LENNE                                                       ;2046.29;0;2;1;0;100;0;1;0;     ;
3277;3277;TETE TRIANGLE GRUNDY JG 3/8;ROBINET A BILLE RACCORD RAPIDE;89;7;VENTE MATERIEL MOBILE         ;0;;0;;    ;;116;LENNE                                                       ;80.51;0;2;1;0;100;0;1;0;     ;
3278;3278;TETE KEYKEG ROBINET A BILLE;RACCORD RAPIDE GUEST 3/8;89;7;VENTE MATERIEL MOBILE         ;0;;0;;    ;;116;LENNE                                                       ;121;0;2;1;22;100;0;1;0;     ;
3279;3279;SOCLE RINCAGE ALUMASC TP JG3/8;FIXATION MURALE + VANNE;89;7;VENTE MATERIEL MOBILE         ;0;;0;;    ;;116;LENNE                                                       ;53.81;0;2;1;0;100;0;1;0;     ;
3280;3280;SOCLE RINCAGE GRUNDY TT JG 3/8;FIXATION MURALE + VANNE;89;7;VENTE MATERIEL MOBILE         ;0;;0;;    ;;116;LENNE                                                       ;52.17;0;2;1;0;100;0;1;0;     ;
3281;3281;SOCLE RINCAGE SANKEY TC JG 3/8;FIXATION MURALE + VANNE;89;7;VENTE MATERIEL MOBILE         ;0;;0;;    ;;116;LENNE                                                       ;53.81;0;2;1;0;100;0;1;0;     ;
3297;3297;DETENDEUR PRINCIPAL BOUTEILLE;AVEC VANNE 1 SORTIE GUEST 3/8;89;7;VENTE MATERIEL MOBILE         ;0;;0;;    ;;116;LENNE                                                       ;74.2;0;2;1;-1;100;0;1;0;     ;
3298;3298;DETENDEUR PRINCIPAL BOUTEILLE;AVEC VANNE 2 SORTIES GUEST 3/8;89;7;VENTE MATERIEL MOBILE         ;0;;0;;    ;;116;LENNE                                                       ;84.53;0;2;1;0;100;0;1;0;     ;
3388;3388;TABLE SUN GRISE REFACT;DETERIOREE;89;6;MATERIEL VENTE                ;0;;0;;    ;;0;;22.9;0;2;1;0;100;0;1;0;     ;
3411;3411;STE CRU DON'T PANIC 33VP;IPA / COLMAR ALSACE;20;10;BIERE 20/25/33/35CL VP        ;0;;136;BRASSERIE SAINTE-CRU;FR  ;FRANCE                                  ;123;BRASSERIE SAINTE-CRU                                        ;2.0277;0.08837;2;24;45;33;6.5;1;0;3    ;CARTONS
3418;3418;GIN CITADELLE ARTISANAL 70CL;POITOU CHARENTES;1;38;GIN                           ;0;;0;;FR  ;FRANCE                                  ;333;LMDW DISTRIBUTION                                           ;20.6;0;2;6;0;70;44;1;0;     ;
3423;3423;OPTION TUYAU RENFORCE 1T;POUR FROID SEC;89;6;MATERIEL VENTE                ;0;;0;;    ;;0;;16.5;0;2;1;0;100;0;1;0;     ;
3433;3433;KIT SANIT BONDE S BIDON PLAST;BROSS+GOUPIL+10 SACHET DESANAM;89;7;VENTE MATERIEL MOBILE         ;0;;0;;    ;;116;LENNE                                                       ;130;0;2;1;0;100;0;1;0;     ;
3434;3434;ADAPTATEUR KEYKEG SUR BONDE S;POUR BIDON SANITATION;89;6;MATERIEL VENTE                ;0;;0;;    ;;116;LENNE                                                       ;98.99;0;2;1;0;100;0;1;0;     ;
3435;3435;JEUX DE CLES;POUR DEMONTAGE J GUEST;89;6;MATERIEL VENTE                ;0;;0;;    ;;116;LENNE                                                       ;21.84;0;2;1;0;100;0;1;0;     ;
3436;3436;TENDEUR CENTRAL MAT;REP. K / A060412 STAND MAESTRO;89;6;MATERIEL VENTE                ;0;;0;;    ;;0;;25;0;2;1;0;100;0;1;0;     ;
3466;3466;LAUGAR AURRERA STANITSA 33VP;RUSSIAN IMPERIAL STOUT;20;10;BIERE 20/25/33/35CL VP        ;0;;192;BRASSERIE LAUGAR;ES  ;ESPAGNE                                 ;334;LAUGAR BREWERY S.L.                                         ;3.6856;0.15228;2;24;0;33;11.2;1;0;3    ;CARTONS
3470;3470;LAUGAR FUNERALOPOLIS 33VP;RUSSIAN IMPERIAL STOUT;20;10;BIERE 20/25/33/35CL VP        ;5;STOUT / PORTER;192;BRASSERIE LAUGAR;ES  ;ESPAGNE                                 ;334;LAUGAR BREWERY S.L.                                         ;3.6856;0.13596;2;24;114;33;10;1;0;3    ;CARTONS
3487;3487;FAUTEUIL BYSANCE BOIS TEINTE;MIEL;89;6;MATERIEL VENTE                ;0;;0;;    ;;0;;36.139;0;2;1;0;100;0;1;0;     ;
3488;3488;TABOURET BAR TEINTE VERT;REF 1943;89;6;MATERIEL VENTE                ;0;;0;;    ;;0;;40.52;0;2;1;0;100;0;1;0;     ;
3553;3553;KARMELIET TRIPLE 6L;PERFECT DRAFT BELGIQUE;20;4;BIERES FUT 5L/6L/12.5L        ;0;;38;BRASSERIE BOSTEELS;    ;;13;VANUXEEM BROUWERIJ SA/NV                                    ;28.55;3.9552;2;1;13;600;8;1;7.1;10   ;MINI-FUT PERFECT DRAFT
3562;3562;SABLES CITRON 100G ETUI;;87;11;TERRINE - BOCAUX - SAUCIS-FROM;0;;0;;FR  ;FRANCE                                  ;339;ESPRIT GOURMET                                              ;2.875;0;3;8;0;100;0;1;0;3    ;CARTONS
3563;3563;ORANGETTES CHOCOLAT NOIR 80G;SACHET;87;11;TERRINE - BOCAUX - SAUCIS-FROM;0;;0;;FR  ;FRANCE                                  ;339;ESPRIT GOURMET                                              ;4.375;0;3;15;0;100;0;1;0;3    ;CARTONS
3564;3564;SABLES FOURRES A LA FRAMB 100G;ETUI;87;11;TERRINE - BOCAUX - SAUCIS-FROM;0;;0;;FR  ;FRANCE                                  ;339;ESPRIT GOURMET                                              ;3;0;3;8;0;100;0;1;0;3    ;CARTONS
3585;3585;QUINCE VANILLA BLACK VELV 20LK;RUSS IMP STOUT /MADRID ESPAGNE;20;2;BIERE FUT 20L                 ;5;STOUT / PORTER;125;LA QUINCE;ES  ;ESPAGNE                                 ;329;CA L'ARENYS                                                 ;5.45;0.7828;2;20;20;100;9.5;1;0;5    ;FUT KEYKEG
3586;3586;QUINCE CHOCOLATE MILKSHAKE 20L;DOUBLE MILK STOUT / MADRID ESP;20;2;BIERE FUT 20L                 ;0;;125;LA QUINCE;ES  ;ESPAGNE                                 ;329;CA L'ARENYS                                                 ;5.65;0.7416;2;20;20;100;9;0;0;5    ;FUT KEYKEG
3587;3587;VERRE BROOKLYN 25CL;;87;26;VERRERIE                      ;0;;0;;    ;;252;IBB                                                         ;2.0556;0;2;6;24;100;0;1;0;3    ;CARTONS
3669;3669;H100 2T 3/8CV POIDS 55K DIRECT;DETENDEUR / TETE EN SUS;89;7;VENTE MATERIEL MOBILE         ;0;;0;;    ;;116;LENNE                                                       ;1484.9562;0;2;1;0;100;0;1;0;     ;
3670;3670;VERRE LA CORNE BOIS DES PENDUS;;87;26;VERRERIE                      ;0;;0;;    ;;13;VANUXEEM BROUWERIJ SA/NV                                    ;6.5;0;2;1;0;100;0;1;0;3    ;CARTONS
3678;3678;TETE PLATE TYPE A MICROMATIC;RACCORD RAPIDE GUEST 3/8;89;7;VENTE MATERIEL MOBILE         ;0;;0;;    ;;116;LENNE                                                       ;165.74;0;2;1;-7;100;0;1;0;     ;
3697;3697;LAUGAR BASATIA 20L K;IMPERIAL STOUT;20;2;BIERE FUT 20L                 ;5;STOUT / PORTER;192;BRASSERIE LAUGAR;ES  ;ESPAGNE                                 ;334;LAUGAR BREWERY S.L.                                         ;5.6369;0.3296;2;20;200;100;8;1;0;5    ;FUT KEYKEG
3738;3738;GOB REUTILISABLES J25/30CL X50;TRANSPARENT POLYPRO;87;2;REUTILISABLES                 ;0;;0;;    ;;16;ISAP                                                        ;8.6;0;2;25;281;100;0;1;0;     ;
3754;3754;VERRE PAIX DIEU 25/30CL;;87;26;VERRERIE                      ;0;;0;;    ;;13;VANUXEEM BROUWERIJ SA/NV                                    ;10.75;0;2;1;0;100;0;1;0;3    ;CARTONS
3763;3763;TABLES COMPTOIR FERIA + JUPES;NEUTRE PVC ROUGE M2;89;6;MATERIEL VENTE                ;0;;0;;    ;;0;;363.3334;0;2;1;0;100;0;1;0;     ;
3764;3764;KIT COTES BACHES 4X4 BLC 520G;1 PORTE+2 FENET+1 PANN 100%PVC;89;6;MATERIEL VENTE                ;0;;0;;    ;;0;;249.17;0;2;1;0;100;0;1;0;     ;
3765;3765;STRUCTURE HT GAMME 4X4 PRO50;ALUMINIUM 4 PIEDS;89;6;MATERIEL VENTE                ;0;;0;;    ;;0;;749.17;0;2;1;0;100;0;1;0;     ;
3766;3766;RAMASSE GOUTTES 400X200;INOX 304 /SANS RV SANS VIDANGE;89;6;MATERIEL VENTE                ;0;;0;;    ;;116;LENNE                                                       ;145;0;2;1;0;100;0;1;0;     ;
3773;3773;REFACT FRAIS FESTIVAL BIERE;MANCHESTER;91;1;SERVICES FRAIS                ;0;;0;;    ;;0;;305;0;2;1;0;100;0;1;0;     ;
3784;3784;LAUGAR AUPA TOVARISCH 20L K;RUSSIAN IMPERIAL STOUT;20;2;BIERE FUT 20L                 ;5;STOUT / PORTER;192;BRASSERIE LAUGAR;ES  ;ESPAGNE                                 ;334;LAUGAR BREWERY S.L.                                         ;6.8746;0.4944;2;20;0;100;12;1;0;5    ;FUT KEYKEG
3794;3794;SCHWEPPES AGRUME 25VC;;40;6;BOISSONS SUCREES VC           ;0;;0;;    ;;272;RHONE BOISSONS                                              ;0.95;0.0534;3;24;168;25;0;1;5.5;2    ;CAISSE
3797;3797;POCHETTE 1 BLLE ESPRIT ECO ARG;;87;16;CORBEILLES - COFFRETS- CARTONS;0;;0;;    ;;321;SUBRA HENRY SAS                                             ;0.5;0;2;1;0;100;0;1;0;     ;
3830;3830;GUE MOINES ROI COEUR IPA 30L;IPA;20;1;BIERE FUT 30L                 ;1;IPA;48;BRASSERIE GUE DES MOINES;FR  ;FRANCE                                  ;282;SAS PAILLE FREYBURGER                                       ;3.4;0.30076;2;30;900;100;7.3;1;30;1    ;FUT INOX
3831;3831;REFACTURATION TENTES PLIANTES;PRO 50 / 2 DE 3X3 + 2 DE 4X4;89;6;MATERIEL VENTE                ;0;;0;;    ;;0;;2499.17;0;2;1;0;100;0;1;0;     ;
3834;3834;TABLE COMPTOIR FERIA JUPE +PUB;IMPR NUMERIQUE SELON MAQ GDM;89;6;MATERIEL VENTE                ;0;;0;;    ;;287;2CI                                                         ;389;0;2;1;0;100;0;1;0;     ;
3836;3836;CHAMP TRICHET PUISSANCE 75CL;GRAND CRU BLANC DE NOIRS;10;84;CHAMPAGNE CUVEE               ;37;BLANC DE NOIRS;0;;    ;;302;PIERRE TRICHET                                              ;24.75;0;2;6;10;75;12;1;0;     ;
3849;3849;DE RANKE MIRAKEL 75VC;VIEILLIE EN FUT DE CHENE;20;14;BIERE 75VC                    ;0;;16;BRASSERIE DE RANKE;    ;;13;VANUXEEM BROUWERIJ SA/NV                                    ;6.3688;0.16995;2;6;41;75;5.5;1;1.5;3    ;CARTONS
3863;3863;COMPOSITION DE SCIE CLOCHE;EN COFFRET;89;6;MATERIEL VENTE                ;0;;0;;    ;;116;LENNE                                                       ;294.96;0;2;1;0;100;0;1;0;     ;
3864;3864;PISTOLET PROFESSIONNEL POUR;CARTOUCHE SILICONE;89;6;MATERIEL VENTE                ;0;;0;;    ;;116;LENNE                                                       ;82.9;0;2;1;0;100;0;1;0;     ;
3866;3866;TIMMERMANS PECHE LAMBICUS 15L;BELGIQUE;20;3;BIERE FUT 10L/15L             ;0;;101;BRASSERIE TIMMERMANS;    ;;76;GBS GIE                                                     ;4.2;0.1648;2;15;30;100;4;0;30;1    ;FUT INOX
3883;3883;MARTINI FIERO 100CL;;1;41;LIQUEURS CREMES               ;0;;0;;    ;;4;METRO                                                       ;10.4;0;2;6;2;70;14.5;1;0;     ;
3896;3896;BLANCHE DE BRUXELLES 33VC X12;;20;9;BIERE 33CL VC                 ;0;;98;BRASSERIE LEFEBVRE;BE  ;BELGIQUE                                ;22;KARLSBRAU                                                   ;1.16;0.06118;2;12;367;33;4.5;1;4.5;2    ;CAISSE
3901;3901;STE CRU OUD BRUIN BA 75VP;BARREL AGED / COLMAR ALSACE;20;15;BIERE 75VP                    ;6;BARREL AGED;136;BRASSERIE SAINTE-CRU;FR  ;FRANCE                                  ;123;BRASSERIE SAINTE-CRU                                        ;11.0173;0.2472;2;6;9;75;8;0;0;3    ;CARTONS
3905;3905;UNION DOUBLE MIXTE 5/16 SM-3/8;(8-9,5MM) SI041012S;89;6;MATERIEL VENTE                ;0;;0;;    ;;116;LENNE                                                       ;7;0;2;10;0;100;0;1;0;     ;
3906;3906;RACCORD CO2 SORTIE GUEST;POUR TETE;89;6;MATERIEL VENTE                ;0;;0;;    ;;116;LENNE                                                       ;18.33;0;2;1;0;100;0;1;0;     ;
3907;3907;TUYAU PEBD CIRCUIT EAU GUEST;3/8 COURONNE DE 152M;89;6;MATERIEL VENTE                ;0;;0;;    ;;116;LENNE                                                       ;244.96;0;2;1;0;100;0;1;0;     ;
3908;3908;SUPPORT VANNE GUEST;SVMC10;89;6;MATERIEL VENTE                ;0;;0;;    ;;116;LENNE                                                       ;3.9;0;2;1;0;100;0;1;0;     ;
3909;3909;DETENDEUR PRINCIPAL DROITE;1 SORTIE GUEST SANS VANNE;89;6;MATERIEL VENTE                ;0;;0;;    ;;116;LENNE                                                       ;125.62;0;2;1;0;100;0;1;0;     ;
3910;3910;ADAPTATEUR DE RINCAGE A AVEC;CLAPET ET VANNE SORTIE GUEST;89;7;VENTE MATERIEL MOBILE         ;0;;0;;    ;;116;LENNE                                                       ;79.64;0;2;1;-2;100;0;1;0;     ;
3911;3911;ADAPTATEUR DE RINCAGE S AVEC;CLAPET ET VANNE SORTIE GUEST;89;7;VENTE MATERIEL MOBILE         ;0;;0;;    ;;116;LENNE                                                       ;79.64;0;2;1;-4;100;0;1;0;     ;
3912;3912;DUCHESSE BERRY RGE 2018 75CL;BORDEAUX MEDAILLE OR G&G;10;15;BORDEAUX                      ;0;;0;;    ;;254;CGM VINS                                                    ;2.4732;0;2;6;0;75;13.5;1;0;     ;
3936;3936;LOCATION COMPTOIR PLIANT 2M60;SPITEC;91;6;SERVICES LOCATIONS            ;0;;0;;    ;;0;;8.3334;0;2;1;0;100;0;1;0;     ;
3944;3944;DE RANKE GULDENBERG 20L;TRIPLE BLONDE;20;2;BIERE FUT 20L                 ;10;TRIPLE;16;BRASSERIE DE RANKE;BE  ;BELGIQUE                                ;13;VANUXEEM BROUWERIJ SA/NV                                    ;4.2956;0.3296;2;20;180;100;8;1;30;1    ;FUT INOX
3975;3975;MACHINE A GLACONS 29KG/AIR;;89;6;MATERIEL VENTE                ;0;;0;;    ;;280;EMB-SAGAA                                                   ;780.9;0;2;1;0;100;0;1;0;     ;
3976;3976;LAVE VAISSELLE STANDARD 50X50;;89;6;MATERIEL VENTE                ;0;;0;;    ;;280;EMB-SAGAA                                                   ;952.66;0;2;1;0;100;0;1;0;     ;
3977;3977;CAISSE BOIS 8 BLLES AVEC ANSE;;87;16;CORBEILLES - COFFRETS- CARTONS;0;;0;;    ;;13;VANUXEEM BROUWERIJ SA/NV                                    ;4.0832;0;2;1;118;100;0;1;0;     ;
3979;3979;LEFORT TRIPLE 75VP;;20;15;BIERE 75VP                    ;0;;157;BRASSERIE LEFORT;BE  ;BELGIQUE                                ;13;VANUXEEM BROUWERIJ SA/NV                                    ;4.8328;0.27192;2;6;17;75;8.8;1;0;3    ;CARTONS
3992;3992;BARBAR BLONDE 75VP X6;BELGIQUE;20;15;BIERE 75VP                    ;0;;98;BRASSERIE LEFEBVRE;BE  ;BELGIQUE                                ;22;KARLSBRAU                                                   ;3.8258;0.2472;2;6;0;75;8;1;0;3    ;CARTONS
3995;3995;RHUM 3 RIV CANNE BRULEE 70CL;RUSTIQUE & FUME / MARTINIQUE;1;5;RHUMS DOMS                    ;0;;0;;    ;;60;WILLIAM GRANT & SONS                                        ;21.1;0;2;6;3;70;43;1;0;     ;
3997;3997;VERRES 3 RIVIERES MOJITO;;87;26;VERRERIE                      ;0;;0;;    ;;13;VANUXEEM BROUWERIJ SA/NV                                    ;2;0;2;6;0;100;0;1;0;3    ;CARTONS
4004;4004;CAMPLAZENS LA GARRIGUE 75CL;AOC LA CLAPE;10;91;LA CLAPE                      ;20;VIN ROUGE;0;;    ;;300;CHATEAU CAMPLAZENS                                          ;6.9525;0;2;6;159;75;14;1;0;     ;
4012;4012;LINDEMANS GUEUZE C RENE 75VP;BELGIQUE;20;15;BIERE 75VP                    ;0;;42;BRASSERIE LINDEMANS;BE  ;BELGIQUE                                ;13;VANUXEEM BROUWERIJ SA/NV                                    ;4.8925;0.1854;2;12;60;75;6;1;0;3    ;CARTONS
4013;4013;LINDEMANS KRIEK CUV RENÉ 75VP;BELGIQUE;20;15;BIERE 75VP                    ;0;;42;BRASSERIE LINDEMANS;BE  ;BELGIQUE                                ;13;VANUXEEM BROUWERIJ SA/NV                                    ;6.851;0.2163;2;12;84;75;7;1;0;3    ;CARTONS
4022;4022;BASQ IMPARABLE 33 BOITE;WEST COAST IPA;20;25;BIERE 33/44/50 CL CANETTE     ;1;IPA;133;BASQUELAND BREWING PROJECT;ES  ;ESPAGNE                                 ;314;BASQUELAND BREWING PROJECT                                  ;2.0629;0.18491;2;24;0;33;6.8;1;0;3    ;CARTONS
4029;4029;BASQ SANTA CLARA LAGER 30L K;HERNANI ESPAGNE;20;1;BIERE FUT 30L                 ;7;LAGER / PILS / ALE / BLONDE;133;BASQUELAND BREWING PROJECT;ES  ;ESPAGNE                                 ;314;BASQUELAND BREWING PROJECT                                  ;3.2478;0.19776;2;30;30;100;4.8;1;0;5    ;FUT KEYKEG
4048;4048;SCHWEPPES AGRUME 33BTE;;40;21;BOISSONS SUCREES BTE          ;0;;0;;    ;;4;METRO                                                       ;0.6;0.1176;3;24;384;33;0;1;0;     ;
4054;4054;LAUGAR AUPA TOVARISCH 33VP;SCOTCH WHISKY BA;20;10;BIERE 20/25/33/35CL VP        ;5;STOUT / PORTER;192;BRASSERIE LAUGAR;ES  ;ESPAGNE                                 ;334;LAUGAR BREWERY S.L.                                         ;3.1416;0.16315;2;24;30;33;12;1;0;3    ;CARTONS
4056;4056;LAUGAR BASATIA 33VP;IMPERIAL STOUT;20;10;BIERE 20/25/33/35CL VP        ;5;STOUT / PORTER;192;BRASSERIE LAUGAR;ES  ;ESPAGNE                                 ;334;LAUGAR BREWERY S.L.                                         ;2.3664;0.10877;2;24;2;33;8;1;0;3    ;CARTONS
4067;4067;LINDEMANS GINGER GUEUZE 75VP;BELGIQUE;20;15;BIERE 75VP                    ;0;;42;BRASSERIE LINDEMANS;BE  ;BELGIQUE                                ;13;VANUXEEM BROUWERIJ SA/NV                                    ;9.5413;0.1854;2;12;214;75;6;1;0;3    ;CARTONS
4080;4080;LA TOUR OLIVIER 2017 BIO 75CL;AOP GAILLAC;11;61;GAILLAC                       ;20;VIN ROUGE;0;;    ;;270;LES VIGNOBLES GAYREL S.A.S                                  ;5.13;0;2;6;0;75;13;1;0;     ;
4084;4084;DETENDEUR SUR APP POUR PREMIX;1 SORTIE CANNELEE AVEC VANNE;89;6;MATERIEL VENTE                ;0;;0;;    ;;116;LENNE                                                       ;123.66;0;2;1;0;100;0;1;0;     ;
4085;4085;DETENDEUR SUR APP POUR PREMIX;2 SORTIES CANNELEES AVEC VANNE;89;6;MATERIEL VENTE                ;0;;0;;    ;;116;LENNE                                                       ;132.97;0;2;1;0;100;0;1;0;     ;
4102;4102;GARAGE OCATA 44BTE;IPA;20;25;BIERE 33/44/50 CL CANETTE     ;1;IPA;156;GARAGE BREWING;ES  ;ESPAGNE                                 ;133;CERVECEROS GARAGE SL                                        ;2.619;0.09789;2;16;545;44;5.4;1;0;3    ;CARTONS
4112;4112;DOUILLES CANNELEES 3/8X3/8;PI251212S;89;6;MATERIEL VENTE                ;0;;0;;    ;;116;LENNE                                                       ;3.59;0;2;10;0;100;0;1;0;     ;
4113;4113;UNION FEMELLE 3/8-1/4 NPTF;9.5MM-1/4 PI451222S;89;6;MATERIEL VENTE                ;0;;0;;    ;;116;LENNE                                                       ;3.65;0;2;10;0;100;0;1;0;     ;
4141;4141;VERRE CERES 25CL;;87;26;VERRERIE                      ;0;;0;;    ;;345;CENTRE NORDIQUE                                             ;0.7;0;2;6;0;100;0;1;0;3    ;CARTONS
4143;4143;REGULATEUR AUTOMATIQUE CO2;FILETAGE G5/8;89;6;MATERIEL VENTE                ;0;;0;;    ;;116;LENNE                                                       ;150.37;0;2;1;0;100;0;1;0;     ;
4145;4145;FC LINE 55 L 3/8 CV;3 X 25 M + 1 X 10 M;89;6;MATERIEL VENTE                ;0;;0;;    ;;116;LENNE                                                       ;1091.5;0;2;1;0;100;0;1;0;     ;
4147;4147;PANNEAU DE CAVE BLANC PVC;600 X 450 EP 13 MM;89;7;VENTE MATERIEL MOBILE         ;0;;0;;    ;;116;LENNE                                                       ;51.5;0;2;1;1;100;0;1;0;     ;
4164;4164;MANOMETRE DE PRESSION;;89;6;MATERIEL VENTE                ;0;;0;;    ;;116;LENNE                                                       ;16.42;0;2;1;0;100;0;1;0;     ;
4196;4196;EGOUTTOIR GRILLE TOTAL INOX304;700*400 RV CENTRAL;89;6;MATERIEL VENTE                ;0;;0;;    ;;116;LENNE                                                       ;576.76;0;2;1;0;100;0;1;0;     ;
4197;4197;LOT DE VISSERIE POUR FIXATION;FACTORY PONT;89;6;MATERIEL VENTE                ;0;;0;;    ;;116;LENNE                                                       ;29.8;0;2;8;0;100;0;1;0;     ;
4198;4198;COLONNE FACTORY PONT 4T;NON LUMINEUSE;89;6;MATERIEL VENTE                ;0;;0;;    ;;116;LENNE                                                       ;2633;0;2;1;0;100;0;1;0;     ;
4199;4199;TUYAU DE VIDANGE TRESSE;15*23MM PAR COURONNE DE 25M;89;6;MATERIEL VENTE                ;0;;0;;    ;;116;LENNE                                                       ;129.5;0;2;1;0;100;0;1;0;     ;
4217;4217;CORNISH GOLD CIDER 30L;ORCHARDS/ TT;35;1;CIDER FUT                     ;0;;180;ASAHI;    ;;272;RHONE BOISSONS                                              ;3.33;0;2;30;240;100;4.5;1;30;1    ;FUT INOX
4218;4218;CORNISH ORCH GOLD CIDER 50VP;DULOE ROYAUME-UNI;35;5;CIDER BLLE                    ;28;CIDRE/  CIDER;185;CORNISH ORCHARDS;    ;;272;RHONE BOISSONS                                              ;1.8276;0;2;12;530;50;5;1;0;3    ;CARTONS
4225;4225;IRON GOSE BETTERAVE FRAMB 30LP;MONTAUBAN TARN-ET-GARONNE;20;1;BIERE FUT 30L                 ;2;SOUR;140;BRASSERIE IRON;FR  ;FRANCE                                  ;304;BRASSERIE IRON DAVID                                        ;4.63;0.2472;2;30;30;100;6;0;0;7    ;FUT POLYKEG
4227;4227;TROCADERO 6T NON LUMINEUSE;CHROME;89;6;MATERIEL VENTE                ;0;;0;;    ;;116;LENNE                                                       ;2519;0;2;1;-1;100;0;1;0;     ;
4228;4228;OPTION ROBINET COMPENSATEUR;SUR COLONNE;89;6;MATERIEL VENTE                ;0;;0;;    ;;116;LENNE                                                       ;2519;0;2;1;0;100;0;1;0;     ;
4229;4229;FC LINE CONVERTIBLE 90 L 1/2;7 X 25 M + 1 X 10 M;89;6;MATERIEL VENTE                ;0;;0;;    ;;116;LENNE                                                       ;1471.35;0;2;1;-1;100;0;1;0;     ;
4230;4230;PLATEAU EMBOUTI 800X400;RINCE VERRE ET VIDANGE 1 TROU;89;6;MATERIEL VENTE                ;0;;0;;    ;;116;LENNE                                                       ;244.47;0;2;1;1;100;0;1;0;     ;
4231;4231;POMPE SANITATION MINIMAX 140;14BARS-245W;89;6;MATERIEL VENTE                ;0;;0;;    ;;116;LENNE                                                       ;1774.24;0;2;1;0;100;0;1;0;     ;
4232;4232;PINCE MULTI-PRISE SERRAGE;COLONNES – LG 300 MM;89;6;MATERIEL VENTE                ;0;;0;;    ;;116;LENNE                                                       ;65.57;0;2;1;0;100;0;1;0;     ;
4240;4240;COPERES AMBREE 20L;TC / BELGIQUE;20;2;BIERE FUT 20L                 ;0;;180;ASAHI;BE  ;BELGIQUE                                ;272;RHONE BOISSONS                                              ;3.78;0.21424;2;20;0;100;5.2;1;30;1    ;FUT INOX
4253;4253;POMPE PYTHON TOTTON;23M EQUIPEE AVEC PRISE FELLER;89;6;MATERIEL VENTE                ;0;;0;;    ;;116;LENNE                                                       ;132.52;0;2;1;-1;100;0;1;0;     ;
4254;4254;DÉTECTEUR DE FIN DE FUT;CELLARBUOY;89;6;MATERIEL VENTE                ;0;;0;;    ;;116;LENNE                                                       ;1774.24;0;2;1;0;100;0;1;0;     ;
4256;4256;PANNEAU DE CAVE BLANC PVC;800X450 EP 13MM;89;7;VENTE MATERIEL MOBILE         ;0;;0;;    ;;116;LENNE                                                       ;123.6;0;2;1;1;100;0;1;0;     ;
4258;4258;CHAISE UNIVERSELLE;500X500X1000;89;7;VENTE MATERIEL MOBILE         ;0;;0;;    ;;116;LENNE                                                       ;123.6;0;2;1;1;100;0;1;0;     ;
4259;4259;CHAISE UNIVERSELLE;900X500X1000;89;7;VENTE MATERIEL MOBILE         ;0;;0;;    ;;116;LENNE                                                       ;123.6;0;2;1;1;100;0;1;0;     ;
4260;4260;CAISSON HIGHLANDER 8TCHROME;BOIS CHENE CLAIR;89;6;MATERIEL VENTE                ;0;;0;;    ;;116;LENNE                                                       ;4065;0;2;1;0;100;0;1;0;     ;
4275;4275;LUPULUS HIBERNATUS 33VP;BELGIQUE;20;10;BIERE 20/25/33/35CL VP        ;12;BRUNE;10;BRASSERIE LUPULUS;BE  ;BELGIQUE                                ;13;VANUXEEM BROUWERIJ SA/NV                                    ;1.783;0.12916;2;24;-17;33;9.5;1;0;3    ;CARTONS
4284;4284;TROCADERO 4T NON LUMINEUSE;CHROME;89;6;MATERIEL VENTE                ;0;;0;;    ;;116;LENNE                                                       ;1902;0;2;1;0;100;0;1;0;     ;
4285;4285;PLATEAU EMBOUTI 600X400;RINCE VERRE ET VIDANGE 1 TROU;89;6;MATERIEL VENTE                ;0;;0;;    ;;116;LENNE                                                       ;244.47;0;2;1;1;100;0;1;0;     ;
4286;4286;FC LINE 55 L 1/2 CV;3 X 25 M + 1 X 10 M;89;6;MATERIEL VENTE                ;0;;0;;    ;;116;LENNE                                                       ;1327.84;0;2;1;-1;100;0;1;0;     ;
4319;4319;EGOUTTOIR GRILLE TOTAL INOX304;HORS COTE RV CENTRAL 1250X200;89;6;MATERIEL VENTE                ;0;;0;;    ;;116;LENNE                                                       ;1023.44;0;2;1;0;100;0;1;0;     ;
4320;4320;BOON OUDE KRIEK 37,5VC;LAMBIC;20;12;BIERE 37.5CL                  ;14;FRUITEE;41;BRASSERIE BOON ;BE  ;BELGIQUE                                ;13;VANUXEEM BROUWERIJ SA/NV                                    ;3.9507;0.10043;2;12;48;38;6.5;1;7;2    ;CAISSE
4329;4329;OUD BEERSEL OUDE KRIEK 37.5VP;VIEILLE LAMBIC;20;12;BIERE 37.5CL                  ;13;LAMBIC;100; BRASSERIE OUD BEERSEL;BE  ;BELGIQUE                                ;13;VANUXEEM BROUWERIJ SA/NV                                    ;4.9656;0.0927;2;12;48;38;6;1;0;3    ;CARTONS
4333;4333;OUD BEERSEL OUDE KRIEK 75VP;VIEILLE LAMBIC;20;15;BIERE 75VP                    ;13;LAMBIC;100; BRASSERIE OUD BEERSEL;BE  ;BELGIQUE                                ;13;VANUXEEM BROUWERIJ SA/NV                                    ;10.0269;0.1854;2;6;9;75;6;1;0;3    ;CARTONS
4334;4334;OUD BEERSEL OUDE GUEUZE 75VP;VIEILLE;20;15;BIERE 75VP                    ;0;;100; BRASSERIE OUD BEERSEL;BE  ;BELGIQUE                                ;13;VANUXEEM BROUWERIJ SA/NV                                    ;8.0139;0.1854;2;6;16;75;6;1;0;3    ;CARTONS
4337;4337;BARREAU AUGUSTIN ROUGE 75CL;AOP GAILLAC ROUGE;10;13;GAILLAC                       ;20;VIN ROUGE;227;DOMAINE BARREAU;    ;;355;EARL BARREAU IC ET FILS                                     ;4.6845;0;2;6;48;75;13;1;0;     ;
4338;4338;BARREAU AUGUSTIN PERLE 75C;BLANC SEC AOP GAILLAC;10;61;GAILLAC                       ;22;VIN BLANC SEC;227;DOMAINE BARREAU;    ;;355;EARL BARREAU IC ET FILS                                     ;4.6845;0;2;6;2;75;12;1;0;     ;
4339;4339;BARREAU AUGUSTIN BLC SEC 75C;AOP GAILLAC BLANC;10;13;GAILLAC                       ;22;VIN BLANC SEC;227;DOMAINE BARREAU;    ;;355;EARL BARREAU IC ET FILS                                     ;4.6845;0;2;6;7;75;12;1;0;     ;
4340;4340;BARREAU BRAISIERS BLANC 75CL;VIEILLI FUT MED OR S.OUEST;11;61;GAILLAC                       ;22;VIN BLANC SEC;227;DOMAINE BARREAU;    ;;355;EARL BARREAU IC ET FILS                                     ;6.6555;0;2;6;0;75;12;1;0;     ;
4342;4342;BARREAU CAPRICE AUTOMNE 75;BLC DOUX / MED OR VINS GAILLAC;10;13;GAILLAC                       ;24;VIN BLANC MOELLEUX;227;DOMAINE BARREAU;    ;;355;EARL BARREAU IC ET FILS                                     ;7.7085;0;2;6;0;75;11.5;1;0;     ;
4344;4344;BARO ROUGE N°1 75CL;IGP C TARN ROUGE;10;13;GAILLAC                       ;20;VIN ROUGE;227;DOMAINE BARREAU;    ;;355;EARL BARREAU IC ET FILS                                     ;3.9555;0;2;6;9;75;13;1;0;     ;
4345;4345;BARO ROSE N°3 75CL;IGP C TARN ROSÉ;10;13;GAILLAC                       ;21;VIN ROSE;227;DOMAINE BARREAU;    ;;355;EARL BARREAU IC ET FILS                                     ;3.996;0;2;6;12;75;12;1;0;     ;
4346;4346;BARO BLANC SEC N°2 75CL;IGP TARN BLANC;10;13;GAILLAC                       ;22;VIN BLANC SEC;227;DOMAINE BARREAU;    ;;355;EARL BARREAU IC ET FILS                                     ;3.9555;0;2;6;27;75;12;1;0;     ;
4363;4363;RACCORD CO2 SORTIE G5/8;REGULATEUR CO2;89;6;MATERIEL VENTE                ;0;;0;;    ;;116;LENNE                                                       ;21.29;0;2;1;0;100;0;1;0;     ;
4364;4364;DÉTECTEUR DE FIN DE FUT;ECOFLOW;89;6;MATERIEL VENTE                ;0;;0;;    ;;116;LENNE                                                       ;111.38;0;2;1;-1;100;0;1;0;     ;
4375;4375;MACHINE A GLACONS 75KG/AIR;RES 30KG COND AIR;89;6;MATERIEL VENTE                ;0;;0;;    ;;280;EMB-SAGAA                                                   ;1600;0;2;1;1;100;0;1;0;     ;
4376;4376;CAFÉ DE PARIS FAÏENCE 3 T;;89;6;MATERIEL VENTE                ;0;;0;;    ;;116;LENNE                                                       ;1661;0;2;1;-1;100;0;1;0;     ;
4404;4404;DE LEITE CUVEE MAM ZELLE 33VC;BLONDE DOREE;20;9;BIERE 33CL VC                 ;7;LAGER / PILS / ALE / BLONDE;66;BRASSERIE DE LEITE;BE  ;BELGIQUE                                ;13;VANUXEEM BROUWERIJ SA/NV                                    ;2.3246;0.11557;2;24;2;33;8.5;1;2.4;3    ;CARTONS
4406;4406;DE LEITE CUV SOEUR ISE 33VC;TRIPLE KRIEK;20;9;BIERE 33CL VC                 ;10;TRIPLE;66;BRASSERIE DE LEITE;BE  ;BELGIQUE                                ;13;VANUXEEM BROUWERIJ SA/NV                                    ;3.1229;0.11557;2;24;67;33;8.5;1;2.4;3    ;CARTONS
4428;4428;CALAVERA FIRST AID KIT 3X20VP;STOUT / GERONE ESP;20;10;BIERE 20/25/33/35CL VP        ;0;;193;BRASSERIE LA CALAVERA;ES  ;ESPAGNE                                 ;359;LA CALAVERA COOP SCCL                                       ;7.3401;0.21012;2;8;1;60;8.5;0;0;3    ;CARTONS
4439;4439;PANNEAU DE CAVE BLANC PVC;700X450 EP13MM;89;7;VENTE MATERIEL MOBILE         ;0;;0;;    ;;116;LENNE                                                       ;72.09;0;2;1;0;100;0;1;0;     ;
4440;4440;CAROLUS TRIPLE 75VP    X6;BELGIQUE;20;14;BIERE 75VC                    ;10;TRIPLE;29;BRASSERIE HET ANKER;BE  ;BELGIQUE                                ;13;VANUXEEM BROUWERIJ SA/NV                                    ;4.2169;0.5562;2;6;0;75;9;1;0;3    ;CARTONS
4444;4444;MISTER B BOMBOLONI 33BTE X24;DBLE NEIPA / LOMBARDIE ITALIE;20;25;BIERE 33/44/50 CL CANETTE     ;1;IPA;189;MISTER B;IT  ;ITALIE                                  ;343;MISTER B / LE SIGNORE BREWING                               ;2.2022;0.11829;2;24;336;33;8.7;1;0;3    ;CARTONS
4449;4449;MJG FACE A FACE RGE 75CL;CÉPAGE 100% MOURVÈDRE;10;92;COTES CATALANES               ;20;VIN ROUGE;0;;FR  ;FRANCE                                  ;340;SARL LES VINS DE JOSEPH                                     ;9.45;0;2;6;21;75;14.5;1;0;3    ;CARTONS
4450;4450;REFACTURATION HONORAIRES ADMIN;;91;1;SERVICES FRAIS                ;0;;0;;    ;;0;;350;0;2;1;0;100;0;1;0;     ;
4458;4458;LA DEBAUCHE CINDY BUNNY 33VP;TRIPLE;20;10;BIERE 20/25/33/35CL VP        ;10;TRIPLE;191;LA DEBAUCHE;FR  ;FRANCE                                  ;356;BRASSERIE LA DEBAUCHE                                       ;1.755;0.11557;2;24;2;33;8.5;1;0;3    ;CARTONS
4460;4460;LA DEBAUCHE BIG BOY IS 33BTE;IMP STOUT PIMENT / ANGOULEME;20;10;BIERE 20/25/33/35CL VP        ;0;;191;LA DEBAUCHE;FR  ;FRANCE                                  ;356;BRASSERIE LA DEBAUCHE                                       ;3.1033;0.16315;2;12;29;33;12;0;0;3    ;CARTONS
4466;4466;EFFET PAPILLON PALE ALE 75VP;BIO;20;15;BIERE 75VP                    ;8;PALE ALE;199;BRASSERIE EFFET PAPILLON;FR  ;FRANCE                                  ;332;BRASSERIE EFFET PAPILLON                                    ;3.7835;0.16995;2;6;29;75;5.5;1;0;3    ;CARTONS
4491;4491;CALVADOS BUSNEL VSOP 70CL;VIEILLE RESERVE / PAYS D'AUGE;1;26;CALVADOS                      ;0;;0;;    ;;362;SVS LA MARTINIQUAISE BLMHD                                  ;19.95;0;2;6;3;70;40;1;0;     ;
4494;4494;VENTE PALETTE PERDUE TVA 20%;;87;1;JETABLES                      ;0;;191;LA DEBAUCHE;    ;;356;BRASSERIE LA DEBAUCHE                                       ;9;0;2;1;19;100;0;0;0;     ;
4495;4495;CHARLES QUINT ROUGE RUBIS 15L;;20;3;BIERE FUT 10L/15L             ;10;TRIPLE;2;BRASSERIE HAATCH;    ;;14;BRASSERIE DU COQ HARDI                                      ;3.9;0.7004;2;15;15;100;8.5;0;30;1    ;FUT INOX
4528;4528;WHISKY YOICHI SINGLE MALT 70CL;FINEMENT TOURBE/HOKKAIDO JAPON;1;62;WHISKY                        ;0;;0;;    ;;333;LMDW DISTRIBUTION                                           ;45.8;0;2;6;2;70;45;1;0;     ;
4537;4537;VERRE RINCE COCHON 25/33CL;;87;26;VERRERIE                      ;0;;0;;    ;;317;BRASSERIE ST GERMAIN                                        ;0.7681;0;2;6;24;100;0;1;0;3    ;CARTONS
4542;4542;DE RANK VIEILLE PROVISION 75VC;LAMBIC;20;15;BIERE 75VP                    ;2;SOUR;16;BRASSERIE DE RANKE;    ;;13;VANUXEEM BROUWERIJ SA/NV                                    ;6.9218;0.23175;2;6;48;75;7.5;1;0.2;3    ;CARTONS
4543;4543;PAIX DIEU TRIPLE 75VP X6;;20;15;BIERE 75VP                    ;10;TRIPLE;173;BRASSERIE CAULIER;BE  ;BELGIQUE                                ;13;VANUXEEM BROUWERIJ SA/NV                                    ;5.0641;0.309;2;6;29;75;10;1;0;3    ;CARTONS
4564;4564;VERRE RATZ 25CL;;87;26;VERRERIE                      ;0;;27;BRASSERIE RATZ;    ;;57;RATZ BRASSERIE ARTISANALE                                   ;1.8;0;2;12;3048;100;0;1;0;3    ;CARTONS
4581;4581;REFACTURATION CONSIGNE 6X75CL;;91;1;SERVICES FRAIS                ;0;;0;;    ;;0;;0.25;0;2;6;0;100;0;1;0;     ;
4582;4582;REFACTURATION CONSIGNE 24X0.10;;91;1;SERVICES FRAIS                ;0;;0;;    ;;0;;0.1;0;2;24;0;100;0;1;0;     ;
4584;4584;VERRE ERDINGER WEISS 50 CL;;87;26;VERRERIE                      ;0;;0;;    ;;104;MD BOISSONS HO BIERE                                        ;1.8;0;2;6;24;100;0;1;0;3    ;CARTONS
4585;4585;HOPPY ROAD HAZY RIDER 33VP;IPA;20;10;BIERE 20/25/33/35CL VP        ;0;;200;BRASSERIE HOPPY ROAD;FR  ;FRANCE                                  ;357;HOPPY ROAD SAS                                              ;1.9844;0.08701;2;24;143;33;6.4;1;0;3    ;CARTONS
4598;4598;BASQUELAND ZUMO  44BTE;HAZY IPA;20;25;BIERE 33/44/50 CL CANETTE     ;1;IPA;133;BASQUELAND BREWING PROJECT;ES  ;ESPAGNE                                 ;314;BASQUELAND BREWING PROJECT                                  ;3.2306;0.21754;2;16;131;44;6;1;0;3    ;CARTONS
4633;4633;DE RANKE GULDENBERG 75VC;TRIPLE;20;14;BIERE 75VC                    ;10;TRIPLE;16;BRASSERIE DE RANKE;    ;;13;VANUXEEM BROUWERIJ SA/NV                                    ;5.2458;0.2472;2;6;42;75;8;1;1.2;3    ;CARTONS
4634;4634;DE RANKE XX BITTER 75VC;BELGIAN ALE;20;14;BIERE 75VC                    ;8;PALE ALE;16;BRASSERIE DE RANKE;    ;;13;VANUXEEM BROUWERIJ SA/NV                                    ;4.9255;0.1854;2;6;80;75;6;1;1.2;3    ;CARTONS
4640;4640;TATTOO ROSE 75CL;VIGNOBLE FONTAN;10;4;COTES DE GASCOGNE             ;21;VIN ROSE;187;VIGNOBLES FONTAN;    ;;351;MAISON VOISIN SARL COLLIVET                                 ;4.95;0;2;6;6;75;11.5;1;0;     ;
4654;4654;SOMMELIER ERMITAGE DBLE BOIS;DIFFERENTES  BTE CADEAU;87;15;ARTICLES DE CAVE / BIERE & VIN;0;;0;;    ;;310;CAV'SERVICE OPLEZIO                                         ;7.85;0;2;1;0;100;0;1;0;     ;
4655;4655;PORTE CLE DECAPSULEUR METAL;IVO;87;15;ARTICLES DE CAVE / BIERE & VIN;0;;0;;    ;;310;CAV'SERVICE OPLEZIO                                         ;2.405;0;2;1;0;100;0;1;0;     ;
4661;4661;CARROUSEL A BIERES KENZO 6B;TYPE LONG NECK BOIS NATUREL;87;16;CORBEILLES - COFFRETS- CARTONS;0;;0;;    ;;310;CAV'SERVICE OPLEZIO                                         ;4.719;0;2;1;31;100;0;1;0;     ;
4662;4662;COFF BOIS VIANO 9B + 3 ACCESS;;87;16;CORBEILLES - COFFRETS- CARTONS;0;;0;;    ;;310;CAV'SERVICE OPLEZIO                                         ;13.715;0;2;1;0;100;0;1;0;     ;
4663;4663;STOP BULLE CHAMPAGNE TRICHET;;87;15;ARTICLES DE CAVE / BIERE & VIN;0;;0;;    ;;302;PIERRE TRICHET                                              ;3.25;0;2;1;0;100;0;1;0;     ;
4669;4669;GOOSE ISLAND IPA 6L;PERFECT DRAFT / AMERICAN IPA;20;4;BIERES FUT 5L/6L/12.5L        ;1;IPA;0;;US  ;ETATS-UNIS D'AMERIQUE                   ;13;VANUXEEM BROUWERIJ SA/NV                                    ;31;2.91696;2;1;-1;600;5.9;1;7.1;1    ;FUT INOX
4676;4676;REFACTURATION CONS CAISSE BIER;AVEC TVA;91;1;SERVICES FRAIS                ;0;;0;;    ;;0;;2.1;0;2;1;0;100;0;1;0;     ;
4677;4677;RHUM RIVIERE DU MAT BLANC 70CL;MASTER LEGEND / REUNION;1;5;RHUMS DOMS                    ;0;;0;;    ;;362;SVS LA MARTINIQUAISE BLMHD                                  ;10.99;0;2;6;65;70;40;1;0;     ;
4678;4678;GUE MOINES LABELLE SESIPA 33VP;SESSION IPA;20;10;BIERE 20/25/33/35CL VP        ;1;IPA;48;BRASSERIE GUE DES MOINES;FR  ;FRANCE                                  ;282;SAS PAILLE FREYBURGER                                       ;2.249;0.06118;2;24;-6;33;4.5;1;0;3    ;CARTONS
4693;4693;CHANT DU COQ  BLANC 75CL;IGP COTES CATALANES;10;92;COTES CATALANES               ;22;VIN BLANC SEC;0;;FR  ;FRANCE                                  ;363;CHATEAU CAP DE FOUSTE SCI                                   ;4.875;0;2;6;6;75;13;1;0;3    ;CARTONS
4694;4694;CHANT DU COQ ROSE 75CL;AOP COTES DU ROUSSILLON;10;94;COTES DU ROUSSILLON           ;21;VIN ROSE;0;;FR  ;FRANCE                                  ;363;CHATEAU CAP DE FOUSTE SCI                                   ;4.875;0;2;6;18;75;13;1;0;3    ;CARTONS
4707;4707;RATZ TRIPLE 7°2    33VP;FONTANES LOT;20;10;BIERE 20/25/33/35CL VP        ;0;;27;BRASSERIE RATZ;FR  ;FRANCE                                  ;57;RATZ BRASSERIE ARTISANALE                                   ;1.5036;0.09789;2;12;137;33;7.2;1;0;3    ;CARTONS
4708;4708;RATZ TRIPLE 7°2    75VP;FONTANES LOT;20;15;BIERE 75VP                    ;0;;27;BRASSERIE RATZ;FR  ;FRANCE                                  ;57;RATZ BRASSERIE ARTISANALE                                   ;3.0933;0.22248;2;6;39;75;7.2;1;0;3    ;CARTONS
4710;4710;CAP DE FOUSTE GRDE RESERVE 75C;AOP COTES DU ROUSSILLON;10;94;COTES DU ROUSSILLON           ;20;VIN ROUGE;0;;FR  ;FRANCE                                  ;363;CHATEAU CAP DE FOUSTE SCI                                   ;6.1875;0;2;6;1;75;13;1;0;3    ;CARTONS
4712;4712;CAP DE FOUSTE TAQUIN BLANC 75C;IGP COTES CATALANES;10;92;COTES CATALANES               ;22;VIN BLANC SEC;0;;FR  ;FRANCE                                  ;363;CHATEAU CAP DE FOUSTE SCI                                   ;3.75;0;2;6;3;75;13;1;0;3    ;CARTONS
4714;4714;CAP DE FOUSTE TAQUIN ROUGE 75C;IGP COTES CATALANES;10;92;COTES CATALANES               ;20;VIN ROUGE;0;;FR  ;FRANCE                                  ;363;CHATEAU CAP DE FOUSTE SCI                                   ;3.75;0;2;6;22;75;12.5;1;0;3    ;CARTONS
4715;4715;CAP DE FOUSTE MUSCAT RIV 75CL;VIN DOUX NATUREL;10;90;MUSCAT                        ;23;VIN BLANC DEMI SEC;0;;FR  ;FRANCE                                  ;363;CHATEAU CAP DE FOUSTE SCI                                   ;6.412;0;2;6;0;75;15.5;1;0;3    ;CARTONS
4720;4720;SAINTE CRU SEX ALE & ROCK 33VP;DOUBLE IPA;20;10;BIERE 20/25/33/35CL VP        ;0;;136;BRASSERIE SAINTE-CRU;FR  ;FRANCE                                  ;123;BRASSERIE SAINTE-CRU                                        ;2.1078;0.10877;2;24;0;33;8;0;0;3    ;CARTONS
4740;4740;SUPPORT BLLE FELIX COCKTAIL;METAL GRIS/CUIVRE;87;15;ARTICLES DE CAVE / BIERE & VIN;0;;0;;    ;;310;CAV'SERVICE OPLEZIO                                         ;14.5;0;2;1;0;100;0;1;0;     ;
4741;4741;SUPPORT BLLE FELIX MOTOCROSS;METAL GRIS/CUIVRE;87;15;ARTICLES DE CAVE / BIERE & VIN;0;;0;;    ;;310;CAV'SERVICE OPLEZIO                                         ;17.1625;0;2;1;0;100;0;1;0;     ;
4742;4742;SUPPORT BLLE FELIX BARBECUE;EN TERRASSE METAL GRIS/CUIVRE;87;15;ARTICLES DE CAVE / BIERE & VIN;0;;0;;    ;;310;CAV'SERVICE OPLEZIO                                         ;16.3125;0;2;1;2;100;0;1;0;     ;
4743;4743;SUPPORT BLLE FELIX BIKER COUPL;METAL GRIS/CUIVRE;87;15;ARTICLES DE CAVE / BIERE & VIN;0;;0;;    ;;310;CAV'SERVICE OPLEZIO                                         ;17.1625;0;2;1;0;100;0;1;0;     ;
4744;4744;SUPPORT BLLE FELIX GUITARISTE;METAL GRIS/CUIVRE;87;15;ARTICLES DE CAVE / BIERE & VIN;0;;0;;    ;;310;CAV'SERVICE OPLEZIO                                         ;15.8375;0;2;1;1;100;0;1;0;     ;
4745;4745;CORB AMANDINE OSIER JONC;NATUREL OVALE 60X40X12.50CM;87;16;CORBEILLES - COFFRETS- CARTONS;0;;0;;    ;;310;CAV'SERVICE OPLEZIO                                         ;7.1;0;2;1;1;100;0;1;0;     ;
4747;4747;COFF PETANQUE LEON BOIS 1 BLLE;6 ACCESSOIRES;87;16;CORBEILLES - COFFRETS- CARTONS;0;;0;;    ;;310;CAV'SERVICE OPLEZIO                                         ;21;0;2;1;0;100;0;1;0;     ;
4750;4750;MEZCAL SAN COSME 70CL;100% AGAVE / MEXIQUE;1;56;TEQUILA                       ;0;;0;;    ;;251;SL MAJOR                                                    ;25.98;0;2;6;0;70;40;1;0;     ;
4755;4755;BASQUELAND ZUMO 30L K;HAZY IPA;20;1;BIERE FUT 30L                 ;1;IPA;133;BASQUELAND BREWING PROJECT;ES  ;ESPAGNE                                 ;314;BASQUELAND BREWING PROJECT                                  ;4.9967;0.2472;2;30;180;100;6;1;0;5    ;FUT KEYKEG
4771;4771;RHUM ST JAMES IMPER BLANC 70CL;RHUM AGRICOLE MARTINIQUE;1;5;RHUMS DOMS                    ;0;;0;;    ;;362;SVS LA MARTINIQUAISE BLMHD                                  ;10.55;0;2;6;17;70;40;1;0;     ;
4774;4774;GIN GIBSONS LONDON DRY 70CL;LONDRES ROYAUME-UNI;1;38;GIN                           ;0;;0;;    ;;362;SVS LA MARTINIQUAISE BLMHD                                  ;10.5;0;2;6;31;70;37.5;1;0;     ;
4775;4775;RHUM KRAKEN BLACK SPICED 70CL;TRINITÉ-ET-TOBAGO CARAIBES;1;2;RHUMS TIERS                   ;0;;0;;TT  ;TRINIDAD & TOBAGO                       ;362;SVS LA MARTINIQUAISE BLMHD                                  ;23.6;0;2;6;0;70;40;1;0;     ;
4776;4776;CACHACA AGUACANA 70CL;BRESIL EDV CANNE A SUCRE;1;35;EAU DE VIE                    ;0;;0;;    ;;362;SVS LA MARTINIQUAISE BLMHD                                  ;12.6;0;2;6;-9;70;37.5;1;0;     ;
4777;4777;WH CUTTY SARK ORIGINAL 70CL;BLEND / ECOSSE;1;63;WHISKY ECOSSAIS               ;0;;0;;    ;;362;SVS LA MARTINIQUAISE BLMHD                                  ;13.05;0;2;6;32;70;40;1;0;     ;
4790;4790;FRAIS RESTITUTION MATERIEL;MANDATAIRE JUDICIAIRE;91;1;SERVICES FRAIS                ;0;;0;;    ;;99999;OCCITANIE BOISSONS INTERNE                                  ;100;0;2;1;0;100;0;1;0;     ;
4798;4798;LA DEBAUCHE HAZY DIAMOND 33CL;BERLINER WEISSE;20;25;BIERE 33/44/50 CL CANETTE     ;0;;191;LA DEBAUCHE;FR  ;FRANCE                                  ;356;BRASSERIE LA DEBAUCHE                                       ;2.112;0.06798;2;12;12;33;5;0;0;3    ;CARTONS
4824;4824;CRAK NAIMA 33CL BTE;DDH IPA;20;25;BIERE 33/44/50 CL CANETTE     ;1;IPA;195;BRASSERIE CRAK;IT  ;ITALIE                                  ;353;CRAK BREWERY                                                ;2.3138;0.0843;2;24;4;33;6.2;1;0;3    ;CARTONS
4840;4840;CROQUANTS AUX AMANDES 180G;BISCUITERIE ART DELFOUR CAHORS;85;10;BISCUITS                      ;0;;0;;FR  ;FRANCE                                  ;365;BISCUITERIE DELFOUR                                         ;3.3125;0;3;12;0;100;0;1;0;3    ;CARTONS
4842;4842;LA CROUSTADE TRADITION 300G;BISCUITERIE ART DELFOUR CAHORS;85;10;BISCUITS                      ;0;;0;;FR  ;FRANCE                                  ;365;BISCUITERIE DELFOUR                                         ;3.4;0;3;8;0;100;0;1;0;3    ;CARTONS
4843;4843;LA MERINGUE 100G;BISCUITERIE ART DELFOUR CAHORS;85;10;BISCUITS                      ;0;;0;;FR  ;FRANCE                                  ;365;BISCUITERIE DELFOUR                                         ;2.5125;0;3;15;0;100;0;1;0;3    ;CARTONS
4845;4845;PAIN EPICES PAVE ANCIENNE 500G;BISCUITERIE ART DELFOUR CAHORS;85;10;BISCUITS                      ;0;;0;;FR  ;FRANCE                                  ;365;BISCUITERIE DELFOUR                                         ;5.275;0;3;12;0;100;0;1;0;3    ;CARTONS
4846;4846;LA GAUFRE ROULEE 140G;BISCUITERIE ART DELFOUR CAHORS;85;10;BISCUITS                      ;0;;0;;FR  ;FRANCE                                  ;365;BISCUITERIE DELFOUR                                         ;2.5;0;3;15;0;100;0;1;0;3    ;CARTONS
4861;4861;MAD SCIENT NEW YORK MOCA 44BTE;MOCACCINO MILK STOUT;20;25;BIERE 33/44/50 CL CANETTE     ;5;STOUT / PORTER;198;BRASSERIE MAD SCIENTIST;HU  ;HONGRIE                                 ;361;BEERD BREW DESIGN MAD SCIENT                                ;2.6999;0.11964;2;12;0;44;6.6;1;0;3    ;CARTONS
4862;4862;CAROLUS CLASSIC 75VP  X6;BELGIQUE;20;15;BIERE 75VP                    ;0;;29;BRASSERIE HET ANKER;BE  ;BELGIQUE                                ;13;VANUXEEM BROUWERIJ SA/NV                                    ;4.373;0.26265;2;6;0;75;8.5;1;0;3    ;CARTONS
4863;4863;DELIRIUM RED 33VC;TRIPLE ROUGE;20;9;BIERE 33CL VC                 ;14;FRUITEE;40;BRASSERIE HUYGHE;BE  ;BELGIQUE                                ;13;VANUXEEM BROUWERIJ SA/NV                                    ;1.7898;0.21754;2;24;192;33;8;1;11.8;2    ;CAISSE
4876;4876;EDV POIRE ST FLORIAN 70CL;;1;35;EAU DE VIE                    ;0;;0;;    ;;2;CROUZIL FRERES                                              ;12.6;0;2;6;0;70;40;1;0;     ;
4881;4881;VODKA NIKKA COFFEY 70CL;CEREALES / JAPON;1;50;VODKA                         ;0;;0;;    ;;333;LMDW DISTRIBUTION                                           ;24.804;0;2;6;0;70;40;1;0;     ;
4886;4886;FEVER TREE TONIC WATER 20CL VP;PREMIUM 100% NATUREL;40;16;BOISSONS SUCREES VP           ;0;;0;;    ;;430;SOLINEST / FEVER TREE                                       ;1.15;0.0428;3;24;226;20;0;1;0;     ;
4887;4887;RHUM CLAIRIN COMMUNAL 70CL;BLEND 4 COMMUNES;1;2;RHUMS TIERS                   ;0;;0;;HT  ;HAITI                                   ;333;LMDW DISTRIBUTION                                           ;23.028;0;2;6;2;70;43;1;0;     ;
4889;4889;FEVER TREE GINGER BEER 20CL VP;PREMIUM 100% NATUREL;40;16;BOISSONS SUCREES VP           ;0;;0;;    ;;430;SOLINEST / FEVER TREE                                       ;1.149;0.0713;3;24;600;20;0;1;0;     ;
4893;4893;GRAND MARNIER CORDON RGE 70CL;;1;41;LIQUEURS CREMES               ;0;;0;;    ;;259;CAMPARI DISTRIBUTION                                        ;22.5;0;2;6;0;70;40;1;0;     ;
4894;4894;PORTO CRUZ TAWNY ROUGE 75CL;;1;14;VINS DE LIQUEUR               ;0;;0;;PT  ;PORTUGAL                                ;362;SVS LA MARTINIQUAISE BLMHD                                  ;8.65;0;2;6;12;75;18;1;0;     ;
4895;4895;PORTO CRUZ BLANC 75CL;;1;14;VINS DE LIQUEUR               ;0;;0;;PT  ;PORTUGAL                                ;362;SVS LA MARTINIQUAISE BLMHD                                  ;8.45;0;2;6;15;75;18;1;0;     ;
4896;4896;PERLINO PROSECCO ITALIEN 75CL;EXTRA DRY;11;78;VIN MOUSSEUX DE QUALITE       ;0;;0;;    ;;362;SVS LA MARTINIQUAISE BLMHD                                  ;6.8;0;2;6;0;75;11;1;0;     ;
4910;4910;DU CLAU POMME CASSIS 75VP;PETILLANT DE FRUITS;50;11;JUS DE FRUIT GAZEIFIE VP      ;0;;0;;    ;;277;CHATEAU DU CLAU                                             ;3.588;0;3;6;0;75;0;1;0;     ;
4911;4911;DU CLAU POMME BIO 75VP;PETILLANT DE FRUIT;50;11;JUS DE FRUIT GAZEIFIE VP      ;0;;0;;    ;;277;CHATEAU DU CLAU                                             ;3.9285;0;3;6;0;75;0;1;0;     ;
4947;4947;BARO TENDRE SEC N°4 75CL;IGP TARN DEMI SEC BLANC;10;13;GAILLAC                       ;23;VIN BLANC DEMI SEC;227;DOMAINE BARREAU;    ;;355;EARL BARREAU IC ET FILS                                     ;4.725;0;2;6;102;75;12;1;0;     ;
4995;4995;KOZEL PILS 30L;TC / REP TCHEQUE;20;1;BIERE FUT 30L                 ;7;LAGER / PILS / ALE / BLONDE;97;BRASSERIE GROLSCH;    ;;272;RHONE BOISSONS                                              ;2.09;0.37904;2;30;0;100;4.6;1;30;1    ;FUT INOX
5004;5004;VERRE LINDEMANS NEW 25 BALLON;;87;26;VERRERIE                      ;0;;0;;    ;;13;VANUXEEM BROUWERIJ SA/NV                                    ;1.8487;0;2;6;0;100;0;1;0;3    ;CARTONS
5012;5012;CH HERITAGE 1ER CRU ETUI 150CL;BLANC DE BLANCS ETUI LUXE;10;86;CHAMPAGNE MAGNUM              ;0;;0;;FR  ;FRANCE                                  ;302;PIERRE TRICHET                                              ;52;0;2;6;1;150;12;1;0;     ;
5014;5014;SUPPORT BLLE  FELIX PHARE;METAL GRIS/CUIVRE;87;15;ARTICLES DE CAVE / BIERE & VIN;0;;0;;    ;;310;CAV'SERVICE OPLEZIO                                         ;14.9375;0;2;1;1;100;0;1;0;     ;
5033;5033;HOPPY ROAD MAZOUT 33VP;RUSSIAN IMPERIAL STOUT;20;10;BIERE 20/25/33/35CL VP        ;5;STOUT / PORTER;200;BRASSERIE HOPPY ROAD;FR  ;FRANCE                                  ;357;HOPPY ROAD SAS                                              ;2.416;0.16315;2;24;1;33;12;1;0;3    ;CARTONS
5046;5046;RHUM MIRACIELO 70CL;GUATEMALA;1;2;RHUMS TIERS                   ;0;;0;;GT  ;GUATEMALA                               ;544;DISTILLERIES PEUREUX MASSENEZ                               ;24.7;0;2;3;12;70;38;1;0;     ;
5062;5062;ST FEUILLIEN GRAND CRU 150CL;BELGIQUE;20;16;BIERE 150 CL/200CL            ;0;;11;BRASSERIE SAINT FEUILLIEN;BE  ;BELGIQUE                                ;13;VANUXEEM BROUWERIJ SA/NV                                    ;14.4566;0.5871;2;4;0;150;9.5;1;0;3    ;CARTONS
5072;5072;SEAU GROLSCH PLASTIQUE;;87;16;CORBEILLES - COFFRETS- CARTONS;0;;0;;    ;;267;ASAHI SABMILLER BRANDS EUROPE                               ;5.1;0;2;1;0;100;0;1;0;     ;
5073;5073;SEAU ASAHI METAL;;87;16;CORBEILLES - COFFRETS- CARTONS;0;;0;;    ;;267;ASAHI SABMILLER BRANDS EUROPE                               ;14.1;0;2;1;0;100;0;1;0;     ;
5075;5075;GLACIERE PERONI;;87;16;CORBEILLES - COFFRETS- CARTONS;0;;0;;    ;;267;ASAHI SABMILLER BRANDS EUROPE                               ;14.8;0;2;1;0;100;0;1;0;     ;
5076;5076;GLACIERE ASAHI;;87;16;CORBEILLES - COFFRETS- CARTONS;0;;0;;    ;;267;ASAHI SABMILLER BRANDS EUROPE                               ;11.8;0;2;1;0;100;0;1;0;     ;
5079;5079;COFFRET UNICA SETA 3 BLLES BDX;REF 34950;87;16;CORBEILLES - COFFRETS- CARTONS;0;;0;;    ;;258;ALBERT OENOLOGIE                                            ;3.318;0;2;1;0;100;0;1;0;     ;
5080;5080;KARMELIET TRIPLE 150VP;BELGIQUE;20;16;BIERE 150 CL/200CL            ;0;;38;BRASSERIE BOSTEELS;BE  ;BELGIQUE                                ;13;VANUXEEM BROUWERIJ SA/NV                                    ;14.0923;1.03824;2;3;0;150;8.4;1;0;3    ;CARTONS
5107;5107;CAFE MOULU PERLE NOIRE 250G;100% ARABICA / ARTISANAL LOCAL;85;1;CAFE                          ;0;;0;;    ;;143;TNT CAFE                                                    ;4.95;0;3;1;2;100;0;1;0;     ;
5108;5108;CAFE GRAIN PERLE NOIRE 250G;100% ARABICA / ARTISANAL LOCAL;85;1;CAFE                          ;0;;0;;    ;;143;TNT CAFE                                                    ;4.95;0;3;1;7;100;0;1;0;     ;
5112;5112;VALISETTE MUNICH 9B DECOR 33CL;FOND AUTOMATIQUE;87;16;CORBEILLES - COFFRETS- CARTONS;0;;0;;    ;;310;CAV'SERVICE OPLEZIO                                         ;1.575;0;2;50;40;100;0;1;0;     ;
5113;5113;VALISETTE BUFFALO 8B 33CL NOIR;KRAFT LONG NECK FOND SEMI AUTO;87;16;CORBEILLES - COFFRETS- CARTONS;0;;0;;    ;;310;CAV'SERVICE OPLEZIO                                         ;1.7625;0;2;1;101;100;0;1;0;     ;
5114;5114;CARROUSEL OTTAVIO 3B 75CL;BOIS TEINTE CANNELLE A MONTER;87;16;CORBEILLES - COFFRETS- CARTONS;0;;0;;    ;;310;CAV'SERVICE OPLEZIO                                         ;7.68;0;2;1;0;100;0;1;0;     ;
5139;5139;HOPPY ROAD LOVE POTION 33BTE;PASTRY GOSE FRAMB VANILLE;20;25;BIERE 33/44/50 CL CANETTE     ;9;GOSE;200;BRASSERIE HOPPY ROAD;FR  ;FRANCE                                  ;357;HOPPY ROAD SAS                                              ;2.7763;0.07478;2;24;1;33;5.5;1;0;3    ;CARTONS
5153;5153;EMBALLAGE EXPEDITION 2 BLLES;VINOVERT REF 2324;87;16;CORBEILLES - COFFRETS- CARTONS;0;;0;;    ;;358;VINOLEM                                                     ;3.5;0;2;1;0;100;0;1;0;     ;
5154;5154;EMBALLAGE EXPEDITION 3 BLLES;VINOVERT REF 2325;87;16;CORBEILLES - COFFRETS- CARTONS;0;;0;;    ;;358;VINOLEM                                                     ;4;0;2;1;0;100;0;1;0;     ;
5155;5155;EMBALLAGE EXPEDITION 4 BLLES;VINOVERT REF 2338;87;16;CORBEILLES - COFFRETS- CARTONS;0;;0;;    ;;358;VINOLEM                                                     ;4.5;0;2;1;0;100;0;1;0;     ;
5164;5164;CIDRE KUPELA BRUT 6°  33VP;ARTISANAL BASQUE;30;5;CIDRE BLLE                    ;28;CIDRE/  CIDER;206;SAS EGARRI EDARIAK;FR  ;FRANCE                                  ;128;SAS EGARRI EDARIAK                                          ;1.8972;0;2;24;424;33;6;1;0;3    ;CARTONS
5181;5181;TARTINADE AUBERGINES BIO 110G;HERBES DE PROVENCE;87;11;TERRINE - BOCAUX - SAUCIS-FROM;0;;0;;FR  ;FRANCE                                  ;373;SARL COMMERCIALIS TARTINES                                  ;3.7375;0;3;12;0;100;0;1;0;3    ;CARTONS
5182;5182;TARTINADE CAROTTES CUMIN 110G;BIO;87;11;TERRINE - BOCAUX - SAUCIS-FROM;0;;0;;FR  ;FRANCE                                  ;373;SARL COMMERCIALIS TARTINES                                  ;3.7375;0;3;12;0;100;0;1;0;3    ;CARTONS
5183;5183;TARTINADE POTIMARRON BIO 110G;AU PIMENT;87;11;TERRINE - BOCAUX - SAUCIS-FROM;0;;0;;FR  ;FRANCE                                  ;373;SARL COMMERCIALIS TARTINES                                  ;3.7375;0;3;12;0;100;0;1;0;3    ;CARTONS
5184;5184;TARTINADE HOUMOUS BIO 110G;AU PAPRIKA;87;11;TERRINE - BOCAUX - SAUCIS-FROM;0;;0;;FR  ;FRANCE                                  ;373;SARL COMMERCIALIS TARTINES                                  ;3.7375;0;3;12;0;100;0;1;0;3    ;CARTONS
5185;5185;TARTINADE SAUMON BIO 100G;SANS GLUTEN;87;11;TERRINE - BOCAUX - SAUCIS-FROM;0;;0;;FR  ;FRANCE                                  ;373;SARL COMMERCIALIS TARTINES                                  ;5.6125;0;3;12;0;100;0;1;0;3    ;CARTONS
5186;5186;TARTINADE DAURADE ROYALE 100G;BIO;87;11;TERRINE - BOCAUX - SAUCIS-FROM;0;;0;;FR  ;FRANCE                                  ;373;SARL COMMERCIALIS TARTINES                                  ;5.6125;0;3;12;0;100;0;1;0;3    ;CARTONS
5187;5187;TARTINADE VOLAILLE ANCIEN 100G;CUISINEE A L'ANCIENNE BIO;87;11;TERRINE - BOCAUX - SAUCIS-FROM;0;;0;;FR  ;FRANCE                                  ;373;SARL COMMERCIALIS TARTINES                                  ;4.4125;0;3;12;0;100;0;1;0;3    ;CARTONS
5188;5188;TARTINADE VOLAILLE NOIX 100G;BIO;87;11;TERRINE - BOCAUX - SAUCIS-FROM;0;;0;;FR  ;FRANCE                                  ;373;SARL COMMERCIALIS TARTINES                                  ;4.4125;0;3;12;0;100;0;1;0;3    ;CARTONS
5189;5189;TARTINADE POULET GINGEMB 100G;BIO;87;11;TERRINE - BOCAUX - SAUCIS-FROM;0;;0;;FR  ;FRANCE                                  ;373;SARL COMMERCIALIS TARTINES                                  ;4.1625;0;3;12;0;100;0;1;0;3    ;CARTONS
5190;5190;TARTINADE POULET POIVRONS 100G;BIO;87;11;TERRINE - BOCAUX - SAUCIS-FROM;0;;0;;FR  ;FRANCE                                  ;373;SARL COMMERCIALIS TARTINES                                  ;4.1625;0;3;12;0;100;0;1;0;3    ;CARTONS
5191;5191;BISCUITS SALES CURRY EPEAUTRE;100G BIO;87;11;TERRINE - BOCAUX - SAUCIS-FROM;0;;0;;FR  ;FRANCE                                  ;373;SARL COMMERCIALIS TARTINES                                  ;3.125;0;3;8;0;100;0;1;0;3    ;CARTONS
5192;5192;BISCUITS SALES CUMIN EPEAUTRE;100G BIO;87;11;TERRINE - BOCAUX - SAUCIS-FROM;0;;0;;FR  ;FRANCE                                  ;373;SARL COMMERCIALIS TARTINES                                  ;3.125;0;3;8;0;100;0;1;0;3    ;CARTONS
5207;5207;GUE MOINES ROI DE COEUR 75VP;IPA;20;15;BIERE 75VP                    ;1;IPA;48;BRASSERIE GUE DES MOINES;FR  ;FRANCE                                  ;282;SAS PAILLE FREYBURGER                                       ;3.8009;0.22557;2;6;51;75;7.3;1;0;3    ;CARTONS
5208;5208;CLASH OF THE TITANS 33VP;RESERVA VINTAGE 2018 COLLAB;20;10;BIERE 20/25/33/35CL VP        ;6;BARREL AGED;104;BRASSERIE DE STRUISE;BE  ;BELGIQUE                                ;13;VANUXEEM BROUWERIJ SA/NV                                    ;2.8815;0.16315;2;24;3;33;12;1;0;3    ;CARTONS
5254;5254;GUE DES MOINES PREAMBULE 75VP;BLANCHE;20;15;BIERE 75VP                    ;3;BLANCHE;48;BRASSERIE GUE DES MOINES;FR  ;FRANCE                                  ;282;SAS PAILLE FREYBURGER                                       ;3.8645;0.17922;2;6;54;75;5.8;1;0;3    ;CARTONS
5255;5255;GUE MOINES GAME OVER 75VP;AMBREE;20;15;BIERE 75VP                    ;4;AMBREE / ROUSSE / RED ALE;48;BRASSERIE GUE DES MOINES;FR  ;FRANCE                                  ;282;SAS PAILLE FREYBURGER                                       ;3.8645;0.17922;2;6;24;75;5.8;1;0;3    ;CARTONS
5258;5258;FORFAIT DEMONTAGE;;91;1;SERVICES FRAIS                ;0;;0;;    ;;99999;OCCITANIE BOISSONS INTERNE                                  ;140;0;2;1;0;100;0;1;0;     ;
5267;5267;CAVE CONSERVATION 152 BLLES;R600A PF160 LA SOMMELIERE;89;0;MATERIELS                     ;0;;0;;    ;;4;METRO                                                       ;1298.7;0;2;1;1;100;0;0;0;     ;
5268;5268;RATZ PALE ALE BIO 33VP;;20;10;BIERE 20/25/33/35CL VP        ;0;;27;BRASSERIE RATZ;FR  ;FRANCE                                  ;57;RATZ BRASSERIE ARTISANALE                                   ;1.6248;0.06118;2;12;70;33;4.5;1;0;3    ;CARTONS
5269;5269;RATZ PALE ALE BIO 75VP;;20;15;BIERE 75VP                    ;0;;27;BRASSERIE RATZ;FR  ;FRANCE                                  ;57;RATZ BRASSERIE ARTISANALE                                   ;3.306;0.13905;2;6;38;75;4.5;1;0;3    ;CARTONS
5271;5271;ANGELUS BLONDE 33VP X12;FRANCE;20;10;BIERE 20/25/33/35CL VP        ;0;;45;BRASSERIE LEPERS;FR  ;FRANCE                                  ;13;VANUXEEM BROUWERIJ SA/NV                                    ;1.7106;0.09517;2;12;0;33;7;1;0;3    ;CARTONS
5273;5273;LINDEMANS C.RENE GUEUZE 37,5VP;OUDE GUEUZE;20;10;BIERE 20/25/33/35CL VP        ;13;LAMBIC;42;BRASSERIE LINDEMANS;BE  ;BELGIQUE                                ;13;VANUXEEM BROUWERIJ SA/NV                                    ;2.9104;0.0927;2;12;36;38;6;1;0;3    ;CARTONS
5274;5274;LINDEMANS C.RENE KRIEK 37,5VP;OUDE KRIEK;20;10;BIERE 20/25/33/35CL VP        ;13;LAMBIC;42;BRASSERIE LINDEMANS;BE  ;BELGIQUE                                ;13;VANUXEEM BROUWERIJ SA/NV                                    ;3.5224;0.10815;2;12;135;38;7;1;0;3    ;CARTONS
5275;5275;CHIPS NATURE 125G;ARTISANALES CUITES AU CHAUDRON;87;21;BISCUITS - CHOCOLATS - CHIPS  ;0;;0;;FR  ;FRANCE                                  ;376;SARL LES CHIPS DE L'AVEYRON                                 ;1.9152;0;3;20;38;100;0;1;0;3    ;CARTONS
5276;5276;CHIPS PIMENT D'ESPELETTE 100G;ARTISANALES CUITES AU CHAUDRON;87;21;BISCUITS - CHOCOLATS - CHIPS  ;0;;0;;FR  ;FRANCE                                  ;376;SARL LES CHIPS DE L'AVEYRON                                 ;2.457;0;3;20;20;100;0;1;0;3    ;CARTONS
5277;5277;CHIPS AUX HERBES 125G;ARTISANALES CUITES AU CHAUDRON;87;21;BISCUITS - CHOCOLATS - CHIPS  ;0;;0;;FR  ;FRANCE                                  ;376;SARL LES CHIPS DE L'AVEYRON                                 ;1.98;0;3;20;3;100;0;1;0;3    ;CARTONS
5278;5278;CHIPS TOMATE 125G;ARTISANALES CUITES AU CHAUDRON;87;21;BISCUITS - CHOCOLATS - CHIPS  ;0;;0;;FR  ;FRANCE                                  ;376;SARL LES CHIPS DE L'AVEYRON                                 ;2.0083;0;3;20;20;100;0;1;0;3    ;CARTONS
5285;5285;GUE MOINES DAME DE COEUR 75VP;TRIPLE;20;15;BIERE 75VP                    ;10;TRIPLE;48;BRASSERIE GUE DES MOINES;FR  ;FRANCE                                  ;282;SAS PAILLE FREYBURGER                                       ;3.7713;0.2472;2;6;26;75;8;1;0;3    ;CARTONS
5287;5287;VODKA LEGENDE KREMLIN DORE 70C;DISTILLEE ET FILTREE 5 FOIS;1;50;VODKA                         ;0;;0;;RU  ;RUSSIE                                  ;257;DUGAS                                                       ;26.1855;0;2;1;5;70;40;1;0;     ;
5298;5298;WHISKY SPRINGBANK 15A 70CL;SINGLE MALT;1;63;WHISKY ECOSSAIS               ;0;;0;;SF  ;ECOSSE                                  ;257;DUGAS                                                       ;67;0;2;1;0;70;46;1;0;     ;
5300;5300;GIN CANAIMA 70CL;;1;38;GIN                           ;0;;0;;VE  ;VENEZUELA                               ;257;DUGAS                                                       ;20.9;0;2;6;6;70;47;1;0;     ;
5304;5304;COF FLY VODKA SQUADRON 303 70C;FLASK KIT / ANGLETERRE;1;50;VODKA                         ;0;;0;;GB  ;ROYAUME UNI                             ;257;DUGAS                                                       ;33.2975;0;2;1;1;70;40;1;0;     ;
5310;5310;VODKA LEGENDE KREMLIN NOIR 70C;DISTILLEE ET FILTREE 5 FOIS;1;50;VODKA                         ;0;;0;;RU  ;RUSSIE                                  ;257;DUGAS                                                       ;26.1855;0;2;1;4;70;40;1;0;     ;
5313;5313;RHUM LA FAVORITE BLANC 70CL;BEL AIR 2019;1;5;RHUMS DOMS                    ;0;;0;;MQ  ;MARTINIQUE                              ;257;DUGAS                                                       ;29.8;0;2;3;1;70;53;1;0;     ;
5324;5324;GUE MOINES SERIE NOIRE 75VP;BRUNE FUMEE;20;15;BIERE 75VP                    ;5;STOUT / PORTER;48;BRASSERIE GUE DES MOINES;FR  ;FRANCE                                  ;282;SAS PAILLE FREYBURGER                                       ;3.7425;0.23175;2;6;24;75;7.5;1;0;3    ;CARTONS
5325;5325;GUE MOINES SUPER POWER 75VP;DIPA;20;15;BIERE 75VP                    ;1;IPA;48;BRASSERIE GUE DES MOINES;FR  ;FRANCE                                  ;282;SAS PAILLE FREYBURGER                                       ;3.7713;0.2472;2;6;6;75;8;1;0;3    ;CARTONS
5326;5326;CLOS DES MENUTS RGE 2005 75CL;AOC ST-EMILION GRAND-CRU;10;23;ST EMILION GD CRU             ;0;;0;;    ;;377;MAISON RIVIERE SAS                                          ;29.2231;0;2;6;0;75;13;1;0;     ;
5327;5327;CLOS DES MENUTS RGE 2017 75CL;AOC ST-EMILION GRAND-CRU;10;23;ST EMILION GD CRU             ;0;;0;;    ;;377;MAISON RIVIERE SAS                                          ;12.6481;0;2;6;10;75;13.5;1;0;     ;
5333;5333;CH COUTET BLANC 2005 75CL;AOC SAUTERNES / 1ER CRU CLASSE;10;37;SAUTERNES                     ;23;VIN BLANC DEMI SEC;0;;    ;;377;MAISON RIVIERE SAS                                          ;39.3631;0;2;6;3;75;14;1;0;     ;
5335;5335;MENUTS BORDEAUX RGE 2012 75CL;AOC BORDEAUX;10;15;BORDEAUX                      ;20;VIN ROUGE;0;;    ;;377;MAISON RIVIERE SAS                                          ;5.1731;0;2;12;23;75;13.5;1;0;     ;
5340;5340;CLOS DES MENUTS RGE 1995 75CL;AOC ST-EMILION GRAND-CRU;10;23;ST EMILION GD CRU             ;0;;0;;    ;;377;MAISON RIVIERE SAS                                          ;43.7181;0;2;6;0;75;12.5;1;0;     ;
5345;5345;VERRE A WHISKY PATRICK 19CL;CRISTAL GLENCAIRN ETUI CARTON;87;26;VERRERIE                      ;0;;0;;    ;;310;CAV'SERVICE OPLEZIO                                         ;5.076;0;2;1;0;100;0;1;0;1    ;FUT INOX
5349;5349;SUPPORT BLLE FELIX BOULISTE;;87;15;ARTICLES DE CAVE / BIERE & VIN;0;;0;;    ;;310;CAV'SERVICE OPLEZIO                                         ;15.535;0;2;1;1;100;0;1;0;     ;
5350;5350;COFF LIAM 2 BLLES JOYEUX ANNIV;CLOISONS AMOVIBLES COUV NOIR;87;16;CORBEILLES - COFFRETS- CARTONS;0;;0;;    ;;310;CAV'SERVICE OPLEZIO                                         ;8.203;0;2;1;0;100;0;1;0;     ;
5394;5394;FEVER TREE MEDITERRANEAN 20VP;PREMIUM 100% NATUREL;40;16;BOISSONS SUCREES VP           ;0;;0;;    ;;430;SOLINEST / FEVER TREE                                       ;1.15;0.0428;3;24;168;20;0;1;0;     ;
5398;5398;GUE MOINES BLDE OCCITANIE 75VP;BLONDE ALE;20;15;BIERE 75VP                    ;8;PALE ALE;48;BRASSERIE GUE DES MOINES;FR  ;FRANCE                                  ;282;SAS PAILLE FREYBURGER                                       ;3.3714;0.13905;2;6;53;75;4.5;1;0;3    ;CARTONS
5401;5401;BON ACHAT SANS TVA METRO;POUR ATTIRER CLIENT;93;0;REMISES                       ;0;;0;;    ;;4;METRO                                                       ;40;0;5;1;-2;100;0;1;0;     ;
5402;5402;FAUTEUIL IRON GRIS METAL;METRO;89;6;MATERIEL VENTE                ;0;;0;;    ;;4;METRO                                                       ;54;0;2;1;24;100;0;1;0;     ;
5403;5403;TABOURET HAUT IRON GRIS METAL;METRO;89;6;MATERIEL VENTE                ;0;;0;;    ;;4;METRO                                                       ;45;0;2;1;22;100;0;1;0;     ;
5404;5404;MANGE DEBOUT IRON GRIS METAL;METRO 115X60X60  HALENBEEK;89;6;MATERIEL VENTE                ;0;;0;;    ;;4;METRO                                                       ;130;0;2;1;6;100;0;1;0;     ;
5405;5405;TABLE IRON GRIS METAL;METRO 76X76 HALENBEECK;89;6;MATERIEL VENTE                ;0;;0;;    ;;4;METRO                                                       ;135;0;2;1;6;100;0;1;0;     ;
5411;5411;EDV MIRABELLE ST FLORIAN 70CL;;1;35;EAU DE VIE                    ;0;;0;;    ;;2;CROUZIL FRERES                                              ;13;0;2;6;1;70;40;1;0;     ;
5417;5417;COCA COLA ZERO S/PLACE 33CL;AU COMPTOIR;40;11;BOISSONS SUCREES VC COMPTOIR  ;0;;0;;    ;;262;COCA COLA ENTREPRISE                                        ;2.7024;0.0249;4;1;0;33;0;1;0;     ;
5418;5418;VIN ROUGE 12,5CL A 3€;AU COMPTOIR;99;0;COMPTOIR TERRASSE             ;0;;0;;    ;;0;;2.5;0.00515;2;1;-6;13;0;1;0;     ;
5419;5419;VIN BLANC 12.5CL A 3€;AU COMPTOIR;99;0;COMPTOIR TERRASSE             ;0;;0;;    ;;0;;2.5;0;2;1;-7;13;0;1;0;     ;
5420;5420;THE PECHE FUZETEA S/PLACE 33CL;;40;11;BOISSONS SUCREES VC COMPTOIR  ;0;;0;;    ;;262;COCA COLA ENTREPRISE                                        ;2.7084;0.0149;4;1;-9;33;0;1;0;     ;
5421;5421;SCHWEPPES IND TONIC S/PLACE 25;;40;11;BOISSONS SUCREES VC COMPTOIR  ;0;;0;;    ;;262;COCA COLA ENTREPRISE                                        ;2.6748;0.0534;4;1;0;25;0;1;0;     ;
5422;5422;LIMONADE S/PLACE 25CL;;40;16;BOISSONS SUCREES VP           ;0;;0;;    ;;0;;2.1852;0.0891;4;1;0;25;0;1;0;     ;
5423;5423;DIABOLO S/PLACE 25CL;;40;16;BOISSONS SUCREES VP           ;0;;0;;    ;;0;;2.458;0.0891;4;1;0;25;0;1;0;     ;
5429;5429;GARAGE SANTAKO 33BTE;WEST COAST IPA;20;25;BIERE 33/44/50 CL CANETTE     ;1;IPA;156;GARAGE BREWING;ES  ;ESPAGNE                                 ;133;CERVECEROS GARAGE SL                                        ;2.025;0.08158;2;16;154;33;6;1;0;3    ;CARTONS
5431;5431;GARAGE SANTAKO 30L KK;WEST COAST IPA;20;1;BIERE FUT 30L                 ;1;IPA;156;GARAGE BREWING;ES  ;ESPAGNE                                 ;133;CERVECEROS GARAGE SL                                        ;4.5941;0.2472;2;30;180;100;6;1;0;5    ;FUT KEYKEG
5435;5435;MUSCAT RIVESALTES 8CL AU VERRE;AU COMPTOIR;13;0;VINS AU COMPTOIR              ;0;;0;;    ;;0;;2;0.0033;2;1;0;8;0;1;0;     ;
5436;5436;VIN ROSE 12.5CL A 4€;AU COMPTOIR;99;0;COMPTOIR TERRASSE             ;0;;0;;    ;;0;;3.333;0;2;1;-2;13;0;1;0;     ;
5451;5451;BLANCHE DE WATOU 30L;BLANCHE BELGE;20;1;BIERE FUT 30L                 ;3;BLANCHE;13;BRASSERIE VAN EECKE;    ;;290;BRASSERIE KAPITTEL SA                                       ;2.75;0.19776;2;30;1740;100;4.8;1;30;1    ;FUT INOX
5463;5463;OLIVE COCKTAIL MAROCAINE 2.5KG;SEAU REF 0528869;87;11;TERRINE - BOCAUX - SAUCIS-FROM;0;;0;;FR  ;FRANCE                                  ;4;METRO                                                       ;12.7875;0;3;1;2;100;0;1;0;     ;
5468;5468;VERRE INCASSABLE MOJITO 43CL;SANS BPA;87;0;ARTICLES DIVERS               ;0;;0;;    ;;16;ISAP                                                        ;1.9617;0;2;1;50;100;0;1;0;3    ;CARTONS
5470;5470;SUCRE BUCHETTES 500 X 5G;;85;6;SUCRE DOSES                   ;0;;0;;    ;;166;SUPERGROUP                                                  ;5.408;0;3;1;0;100;0;1;0;     ;
5496;5496;RHUM KARUKERA ALLIGATOR 70CL;BLACK EDITION RHUM AGRICOLE;1;2;RHUMS TIERS                   ;0;;0;;GP  ;GUADELOUPE                              ;333;LMDW DISTRIBUTION                                           ;46.6;0;2;1;1;70;45;1;0;     ;
5501;5501;ESTRELLA GALICIA BLONDE 33VP;;20;10;BIERE 20/25/33/35CL VP        ;7;LAGER / PILS / ALE / BLONDE;203;ESTRELLA GALICIA;ES  ;ESPAGNE                                 ;380;ESTRELLA GALICIA INTERNACIONAL                              ;0.7066;0.14956;2;24;0;33;5.5;0;0;3    ;CARTONS
5510;5510;GARAGE SOUP 30L KEYKEG;NEIPA;20;1;BIERE FUT 30L                 ;1;IPA;156;GARAGE BREWING;ES  ;ESPAGNE                                 ;133;CERVECEROS GARAGE SL                                        ;5.2608;0.2472;2;30;0;100;6;1;0;5    ;FUT KEYKEG
5521;5521;QUEUE CHARRUE TRIPLE  75VP X6;;20;15;BIERE 75VP                    ;0;;12;BRASSERIE VANUXEEM;    ;;13;VANUXEEM BROUWERIJ SA/NV                                    ;3.2427;0.5562;2;6;0;75;9;1;0;3    ;CARTONS
5527;5527;FRAIS NETTOYAGE MACHINE BIERE;RESTITUEE SALE;91;21;NETTOYAGE                     ;0;;0;;    ;;0;;41.6675;0;2;1;0;100;0;1;0;     ;
5535;5535;O CLOCK BADEN KIRCH 33VP;OLD ALE BA 24 MOIS;20;10;BIERE 20/25/33/35CL VP        ;6;BARREL AGED;202;O CLOCK BREWING;FR  ;FRANCE                                  ;336;O CLOCK BREWING                                             ;3.5156;0.17675;2;24;0;33;13;1;0;3    ;CARTONS
5570;5570;ROCAMADOUR AOP 35G X12 ETOILE;;87;11;TERRINE - BOCAUX - SAUCIS-FROM;0;;0;;    ;;4;METRO                                                       ;1.116;0;3;12;0;100;0;1;0;     ;
5574;5574;ICE BREAKER THIRSTY THURSD 33;VIENNA LAGER;20;25;BIERE 33/44/50 CL CANETTE     ;7;LAGER / PILS / ALE / BLONDE;214;ICE BREAKER;FR  ;FRANCE                                  ;381;SAS ICE BREAKER                                             ;2.3865;0.07206;2;24;0;33;5.3;0;0;3    ;CARTONS
5578;5578;ICE BREAKER HUMMINGBIRD 33VP;BA STRONG ALE ANANAS BANANE;20;25;BIERE 33/44/50 CL CANETTE     ;6;BARREL AGED;214;ICE BREAKER;FR  ;FRANCE                                  ;381;SAS ICE BREAKER                                             ;3.225;0.11557;2;12;0;33;8.5;1;0;3    ;CARTONS
5617;5617;VENEZZIO SPRITZ 20VP 0.0% X24;SANS ALCOOL;10;78;VIN MOUSSEUX DE QUALITE       ;0;;0;;    ;;362;SVS LA MARTINIQUAISE BLMHD                                  ;0.73;0.0428;3;24;0;20;0;1;0;     ;
5619;5619;TOMATADE SUD N SOL 500G;;87;11;TERRINE - BOCAUX - SAUCIS-FROM;0;;0;;FR  ;FRANCE                                  ;4;METRO                                                       ;8;0;3;1;2;100;0;1;0;3    ;CARTONS
5624;5624;DELIRIUM TREMENS 30L;TRIPLE;20;1;BIERE FUT 30L                 ;8;PALE ALE;40;BRASSERIE HUYGHE;BE  ;BELGIQUE                                ;13;VANUXEEM BROUWERIJ SA/NV                                    ;4.4804;0.7004;2;30;0;100;8.5;1;30;1    ;FUT INOX
5635;5635;GIN BLOSSOM GDE RESERVE 70CL;LONDON DRY GIN;1;38;GIN                           ;0;;0;;    ;;251;SL MAJOR                                                    ;23;0;2;6;0;70;40;1;0;     ;
5636;5636;RHUM SANTIAGO DE CUBA 20A 70CL;AVEC ETUI;1;2;RHUMS TIERS                   ;0;;0;;    ;;251;SL MAJOR                                                    ;86.064;0;2;1;2;70;40;1;0;     ;
5637;5637;LIQUEUR MANDARINE NAPOLEON 70C;;1;41;LIQUEURS CREMES               ;0;;0;;    ;;251;SL MAJOR                                                    ;16;0;2;6;3;70;38;1;0;     ;
5638;5638;RHUM DON PAPA BAROKO 70CL;VIEILLI FUTS CHENE AMERICAIN;1;2;RHUMS TIERS                   ;0;;0;;    ;;257;DUGAS                                                       ;29;0;2;6;4;70;40;1;0;     ;
5655;5655;RHUM SECHA DE LA SILVA 70CL;CACAO COFFEE;1;2;RHUMS TIERS                   ;0;;0;;GT  ;GUATEMALA                               ;60;WILLIAM GRANT & SONS                                        ;26;0;2;6;0;70;40;1;0;     ;
5659;5659;REFACTURATION CONS 12X75CL;;91;1;SERVICES FRAIS                ;0;;0;;    ;;0;;0.2;0;2;12;0;100;0;1;0;     ;
5660;5660;REFACTURATION CONS 12X37.5CL;;91;1;SERVICES FRAIS                ;0;;0;;    ;;0;;0.2;0;2;12;0;100;0;1;0;     ;
5669;5669;MAD SCIENT NEW YORK MOCA 30L K;MOCACCINO MILK STOUT;20;1;BIERE FUT 30L                 ;8;PALE ALE;198;BRASSERIE MAD SCIENTIST;HU  ;HONGRIE                                 ;361;BEERD BREW DESIGN MAD SCIENT                                ;5.5;0.27192;2;30;150;100;6.6;0;0;5    ;FUT KEYKEG
5673;5673;PARTITION GOURMANDE;AU COMPTOIR;99;1;PLANCHES                      ;0;;0;;    ;;379;EURL GREGORI SELECCION                                      ;12.2728;0;4;1;0;100;0;1;0;     ;
5695;5695;PRESSION 25CL PILS A 3€;AU COMPTOIR;20;20;BIERE PRESSION COMPTOIR       ;0;;0;;    ;;0;;1.6;0.0103;2;1;-34;25;0;1;0;     ;
5696;5696;PRESSION 50CL PILS A 5€;AU COMPTOIR;20;20;BIERE PRESSION COMPTOIR       ;0;;0;;    ;;0;;2.5;0.0206;2;1;-34;50;0;1;0;     ;
5697;5697;SIROP A L'EAU MENTHE GRENADINE;OU FRAISE;99;0;COMPTOIR TERRASSE             ;0;;0;;    ;;0;;1;0.0891;4;1;-1;25;0;1;0;     ;
5698;5698;VIN BLANC 12.5CL A 4€;AU COMPTOIR;99;0;COMPTOIR TERRASSE             ;0;;0;;    ;;0;;3.3333;0;2;1;0;13;0;1;0;     ;
5699;5699;VIN ROUGE 12,5CL A 4€;AU COMPTOIR;99;0;COMPTOIR TERRASSE             ;0;;0;;    ;;0;;3.3333;0.00515;2;1;0;13;0;1;0;     ;
5706;5706;ASAHI SUPER DRY 30L;LAGER;20;1;BIERE FUT 30L                 ;7;LAGER / PILS / ALE / BLONDE;0;;JP  ;JAPON                                   ;272;RHONE BOISSONS                                              ;3.3041;0.412;2;30;1200;100;5;1;30;1    ;FUT INOX
5716;5716;TETE DE BELIER ROUGE 2022 75CL;CHATEAU PUECH-HAUT;10;73;AOC LANGUEDOC                 ;20;VIN ROUGE;217;CHATEAU PUECH-HAUT;FR  ;FRANCE                                  ;384;CHATEAU PUECH-HAUT                                          ;21;0;2;6;26;75;15.5;1;0;     ;
5717;5717;TETE DE BELIER ROSE 2024 75CL;CHATEAU PUECH-HAUT;10;73;AOC LANGUEDOC                 ;21;VIN ROSE;217;CHATEAU PUECH-HAUT;FR  ;FRANCE                                  ;384;CHATEAU PUECH-HAUT                                          ;13.6875;0;2;6;17;75;12.5;1;0;     ;
5718;5718;TETE DE BELIER BLANC 2022 75CL;CHATEAU PUECH-HAUT;10;73;AOC LANGUEDOC                 ;22;VIN BLANC SEC;217;CHATEAU PUECH-HAUT;FR  ;FRANCE                                  ;384;CHATEAU PUECH-HAUT                                          ;20.6;0;2;6;17;75;14.5;1;0;     ;
5720;5720;DELIRIUM RED 30L;;20;1;BIERE FUT 30L                 ;14;FRUITEE;40;BRASSERIE HUYGHE;BE  ;BELGIQUE                                ;13;VANUXEEM BROUWERIJ SA/NV                                    ;4.3793;0.6592;2;30;570;100;8;1;30;1    ;FUT INOX
5724;5724;IRON WILD MELISSE 33BTE;WILD ALE -COLLAB BLACK PROJECT;20;25;BIERE 33/44/50 CL CANETTE     ;2;SOUR;140;BRASSERIE IRON;FR  ;FRANCE                                  ;304;BRASSERIE IRON DAVID                                        ;2.3367;0.0843;2;24;5;33;6.2;1;0;3    ;CARTONS
5733;5733;RHUM HAVANA CLUB 3 ANS 70CL;CUBA;1;2;RHUMS TIERS                   ;0;;0;;    ;;4;METRO                                                       ;14.25;0;2;6;24;70;37.5;1;0;     ;
5743;5743;CHAT ST JULIEN ROSE 75CL;AOC COTEAUX VAROIS EN PROVENCE;10;66;PROVENCE                      ;21;VIN ROSE;228;CHATEAU ST JULIEN;    ;;385;SARL SAINT JULIEN DIFFUSION                                 ;6.996;0;2;6;-4;75;13.5;1;0;     ;
5744;5744;CHAT ST JULIEN BLANC 75CL;AOC COTEAUX VAROIS EN PROVENCE;10;66;PROVENCE                      ;22;VIN BLANC SEC;228;CHATEAU ST JULIEN;    ;;385;SARL SAINT JULIEN DIFFUSION                                 ;7.6;0;2;6;28;75;13.5;1;0;     ;
5745;5745;CHAT ST JULIEN ROUGE 75CL;AOC COTEAU VAROIS EN PROVENCE;10;66;PROVENCE                      ;20;VIN ROUGE;228;CHATEAU ST JULIEN;    ;;385;SARL SAINT JULIEN DIFFUSION                                 ;9.2475;0;2;6;78;75;14;1;0;     ;
5746;5746;EXCEPTION ST JULIEN ROSE 75CL;AOC COTEAUX VAROIS EN PROVENCE;10;79;COTEAUX VAROIS EN PROVENCE    ;21;VIN ROSE;0;;    ;;385;SARL SAINT JULIEN DIFFUSION                                 ;9.815;0;2;6;29;75;13.5;1;0;     ;
5793;5793;CALAVERA CUVEE 37.5VP;SOUR;20;12;BIERE 37.5CL                  ;2;SOUR;193;BRASSERIE LA CALAVERA;ES  ;ESPAGNE                                 ;359;LA CALAVERA COOP SCCL                                       ;3.6507;0.13905;2;12;5;38;9;1;0;3    ;CARTONS
5800;5800;LA DEBAUCHE NEVERMORE 20L K;IMP STOUT;20;2;BIERE FUT 20L                 ;5;STOUT / PORTER;191;LA DEBAUCHE;FR  ;FRANCE                                  ;356;BRASSERIE LA DEBAUCHE                                       ;4.8385;0.3914;2;20;0;100;9.5;1;0;5    ;FUT KEYKEG
5801;5801;VICARIS TRIPLE 33VC;;20;9;BIERE 33CL VC                 ;10;TRIPLE;220;BRASSERIE DILEWYNS VICARIS;BE  ;BELGIQUE                                ;13;VANUXEEM BROUWERIJ SA/NV                                    ;1.5264;0.11557;2;24;48;33;8.5;1;7;3    ;CARTONS
5806;5806;MERE NOEL 33VC;;20;22;BIERE NOEL/HIVER 25/33        ;7;LAGER / PILS / ALE / BLONDE;40;BRASSERIE HUYGHE;BE  ;BELGIQUE                                ;13;VANUXEEM BROUWERIJ SA/NV                                    ;1.7376;0.11557;2;24;0;33;8.5;0;7;2    ;CAISSE
5809;5809;LUPULUS HIBERNATUS 75VC;BRUNE;20;23;BIERE NOEL/HIVER 75           ;12;BRUNE;10;BRASSERIE LUPULUS;BE  ;BELGIQUE                                ;13;VANUXEEM BROUWERIJ SA/NV                                    ;3.3538;0.29355;2;12;47;75;9.5;1;4.5;2    ;CAISSE
5825;5825;YPERMAN 30L;AMBREE;20;1;BIERE FUT 30L                 ;4;AMBREE / ROUSSE / RED ALE;13;BRASSERIE VAN EECKE;BE  ;BELGIQUE                                ;290;BRASSERIE KAPITTEL SA                                       ;2.93;0.2266;2;30;720;100;5.5;1;30;1    ;FUT INOX
5830;5830;CHIPS AU POIVRE NOIR 125G;ARTISANALES CUITES AU CHAUDRON;87;21;BISCUITS - CHOCOLATS - CHIPS  ;0;;0;;FR  ;FRANCE                                  ;376;SARL LES CHIPS DE L'AVEYRON                                 ;2.0385;0;3;20;0;100;0;1;0;3    ;CARTONS
5831;5831;CHIPS A LOIGNON 125G;ARTISANALES CUITES AU CHAUDRON;87;21;BISCUITS - CHOCOLATS - CHIPS  ;0;;0;;FR  ;FRANCE                                  ;376;SARL LES CHIPS DE L'AVEYRON                                 ;2.0655;0;3;20;16;100;0;1;0;3    ;CARTONS
5875;5875;3 FONTEINEN OUDE KRIEK 75VP;LAMBIC;20;15;BIERE 75VP                    ;0;;102;3 FONTEINEN;BE  ;BELGIQUE                                ;13;VANUXEEM BROUWERIJ SA/NV                                    ;13.8413;0.20703;2;6;29;75;6.7;1;0;3    ;CARTONS
5876;5876;LEFORT BRUNE 33VC;;20;9;BIERE 33CL VC                 ;0;;157;BRASSERIE LEFORT;BE  ;BELGIQUE                                ;13;VANUXEEM BROUWERIJ SA/NV                                    ;1.6261;0.13596;2;24;0;33;10;1;4.5;2    ;CAISSE
5878;5878;JAMBON SERRANO DESOSSE KG;;87;11;TERRINE - BOCAUX - SAUCIS-FROM;0;;0;;    ;;379;EURL GREGORI SELECCION                                      ;20.83;0;3;1;2;100;0;1;0;     ;
5880;5880;RHUM HAVANA CLUB ESPECIAL 70CL;;1;2;RHUMS TIERS                   ;0;;0;;    ;;4;METRO                                                       ;15.45;0;2;6;9;70;37.5;1;0;     ;
5881;5881;MARGALET 28% 150G;;87;11;TERRINE - BOCAUX - SAUCIS-FROM;0;;0;;FR  ;FRANCE                                  ;388;FRANCE FRAIS OCCITANIE                                      ;3.4163;0;3;8;0;100;0;1;0;3    ;CARTONS
5882;5882;ROCAMADOUR AOP 23% 35G;FERMIER B. AMALTHEE;87;11;TERRINE - BOCAUX - SAUCIS-FROM;0;;0;;FR  ;FRANCE                                  ;388;FRANCE FRAIS OCCITANIE                                      ;0.72;0;3;20;0;100;0;1;0;3    ;CARTONS
5883;5883;ROUELLE CENDREE 21% 155G;LE PIC;87;11;TERRINE - BOCAUX - SAUCIS-FROM;0;;0;;FR  ;FRANCE                                  ;388;FRANCE FRAIS OCCITANIE                                      ;3.5;0;3;8;0;100;0;1;0;3    ;CARTONS
5885;5885;ENROBE RAISIN BRUN 45% 80G;CHEVREF;87;11;TERRINE - BOCAUX - SAUCIS-FROM;0;;0;;FR  ;FRANCE                                  ;388;FRANCE FRAIS OCCITANIE                                      ;1.77;0;3;6;0;100;0;1;0;3    ;CARTONS
5886;5886;FIGUETTE EPICE 19% 65G;LE PIC;87;11;TERRINE - BOCAUX - SAUCIS-FROM;0;;0;;FR  ;FRANCE                                  ;388;FRANCE FRAIS OCCITANIE                                      ;1.5;0;3;12;0;100;0;1;0;3    ;CARTONS
5887;5887;ENROBE ABRICOT 45% 80G;;87;11;TERRINE - BOCAUX - SAUCIS-FROM;0;;0;;FR  ;FRANCE                                  ;388;FRANCE FRAIS OCCITANIE                                      ;1.77;0;3;6;0;100;0;1;0;3    ;CARTONS
5888;5888;ENROBE POIVRE NOIR 45% 80G;;87;11;TERRINE - BOCAUX - SAUCIS-FROM;0;;0;;FR  ;FRANCE                                  ;388;FRANCE FRAIS OCCITANIE                                      ;1.77;0;3;6;0;100;0;1;0;3    ;CARTONS
5889;5889;ENROBE RAISIN BLOND 45% 80G;;87;11;TERRINE - BOCAUX - SAUCIS-FROM;0;;0;;FR  ;FRANCE                                  ;388;FRANCE FRAIS OCCITANIE                                      ;1.77;0;3;6;0;100;0;1;0;3    ;CARTONS
5890;5890;2 FIGUETTES NATURE 24% 2X65G;LE PIC;87;11;TERRINE - BOCAUX - SAUCIS-FROM;0;;0;;FR  ;FRANCE                                  ;388;FRANCE FRAIS OCCITANIE                                      ;1.761;0;3;6;0;100;0;1;0;3    ;CARTONS
5891;5891;TRUFFADOU 22% TUB AES 3.2% 30G;BOIS AMALTHEE;87;11;TERRINE - BOCAUX - SAUCIS-FROM;0;;0;;FR  ;FRANCE                                  ;388;FRANCE FRAIS OCCITANIE                                      ;1.293;0;3;16;0;100;0;1;0;3    ;CARTONS
5892;5892;BRILLAT SAV IGP 39% LC BB 100G;ROUZAIRE;87;11;TERRINE - BOCAUX - SAUCIS-FROM;0;;0;;FR  ;FRANCE                                  ;388;FRANCE FRAIS OCCITANIE                                      ;1.676;0;3;6;0;100;0;1;0;3    ;CARTONS
5893;5893;PT CAMEMBERT 22% LC 150G;LE GASLONDE;87;11;TERRINE - BOCAUX - SAUCIS-FROM;0;;0;;FR  ;FRANCE                                  ;388;FRANCE FRAIS OCCITANIE                                      ;3.648;0;3;1;0;100;0;1;0;3    ;CARTONS
5894;5894;ST MARCELLIN IGP 23% LC 80G;LMR;87;11;TERRINE - BOCAUX - SAUCIS-FROM;0;;0;;FR  ;FRANCE                                  ;388;FRANCE FRAIS OCCITANIE                                      ;2.28;0;3;16;0;100;0;1;0;3    ;CARTONS
5895;5895;ST FELICIEN 27% LC 180G;LMR;87;11;TERRINE - BOCAUX - SAUCIS-FROM;0;;0;;FR  ;FRANCE                                  ;388;FRANCE FRAIS OCCITANIE                                      ;5.1705;0;3;6;0;100;0;1;0;3    ;CARTONS
5896;5896;SAUCISSE SECHE PERCHE S/GAZ KG;CROS;87;11;TERRINE - BOCAUX - SAUCIS-FROM;0;;0;;    ;;388;FRANCE FRAIS OCCITANIE                                      ;15;0;3;1;0;100;0;1;0;     ;
5902;5902;TENTE PLIANTE 4X4 PRO 50 ALU;+ TOIT CLASSIQUE BLANC 380G;89;6;MATERIEL VENTE                ;0;;0;;    ;;116;LENNE                                                       ;682.5;0;2;1;0;100;0;1;0;     ;
5903;5903;CORB BAMBOU GM CHOCOLAT;;87;16;CORBEILLES - COFFRETS- CARTONS;0;;0;;    ;;310;CAV'SERVICE OPLEZIO                                         ;1.8;0;2;1;0;100;0;1;0;     ;
5904;5904;GUE MOINES PREAMBULE 20L;BLANCHE;20;2;BIERE FUT 20L                 ;3;BLANCHE;48;BRASSERIE GUE DES MOINES;FR  ;FRANCE                                  ;282;SAS PAILLE FREYBURGER                                       ;3.4;0.23896;2;20;140;100;5.8;1;30;1    ;FUT INOX
5959;5959;LA DEBAUCHE ALMA 33BTE;SESSION IPA;20;25;BIERE 33/44/50 CL CANETTE     ;1;IPA;191;LA DEBAUCHE;FR  ;FRANCE                                  ;356;BRASSERIE LA DEBAUCHE                                       ;1.9418;0.06118;2;12;9;33;4.5;1;0;3    ;CARTONS
5961;5961;LA DEBAUCHE IPA 75VP;;20;15;BIERE 75VP                    ;1;IPA;191;LA DEBAUCHE;FR  ;FRANCE                                  ;356;BRASSERIE LA DEBAUCHE                                       ;3.9825;0.1854;2;6;49;75;6;1;0;3    ;CARTONS
5969;5969;VERRE ROTHAUS 30CL;;87;26;VERRERIE                      ;0;;0;;    ;;104;MD BOISSONS HO BIERE                                        ;1.5;0;2;6;6;100;0;1;0;3    ;CARTONS
5970;5970;CHOPE ROTHAUS 50CL;;87;26;VERRERIE                      ;0;;0;;    ;;104;MD BOISSONS HO BIERE                                        ;2.5;0;2;6;6;100;0;1;0;3    ;CARTONS
5971;5971;VERRE FRANZISKANER 50CL;;87;26;VERRERIE                      ;0;;0;;    ;;104;MD BOISSONS HO BIERE                                        ;2;0;2;6;12;100;0;1;0;3    ;CARTONS
5972;5972;BAVARIA PREMIUM BLONDE 30L;;20;1;BIERE FUT 30L                 ;0;;85;BRASSERIE BAVARIA ;NL  ;PAYS-BAS                                ;15;SWINKELS FAMILY BREW /BAVARIA                               ;2.01;0.412;2;30;180;100;5;1;30;1    ;FUT INOX
5974;5974;PALETTE EUROPE VENDUE;;87;1;JETABLES                      ;0;;191;LA DEBAUCHE;    ;;356;BRASSERIE LA DEBAUCHE                                       ;13.5;0;2;1;9;100;0;0;0;     ;
5978;5978;LAUGAR KISKALE 33VP;BROWN ALE;20;10;BIERE 20/25/33/35CL VP        ;12;BRUNE;192;BRASSERIE LAUGAR;ES  ;ESPAGNE                                 ;334;LAUGAR BREWERY S.L.                                         ;1.8925;0.09966;2;24;3;33;7.33;1;0;3    ;CARTONS
5981;5981;VERRE DEBAUCHE 25CL;;87;26;VERRERIE                      ;0;;0;;    ;;356;BRASSERIE LA DEBAUCHE                                       ;2.535;0;2;6;168;100;0;1;0;3    ;CARTONS
5982;5982;VERRE DEBAUCHE 50CL;;87;26;VERRERIE                      ;0;;0;;    ;;356;BRASSERIE LA DEBAUCHE                                       ;3;0;2;6;168;100;0;1;0;3    ;CARTONS
5985;5985;MISTER B BUBBA 20LK;RUPTURE;20;2;BIERE FUT 20L                 ;0;;189;MISTER B;IT  ;ITALIE                                  ;343;MISTER B / LE SIGNORE BREWING                               ;4.6305;0.3296;2;20;20;100;8;0;0;5    ;FUT KEYKEG
5996;5996;GUE DES MOINES GAME OVER 20L;AMBREE;20;2;BIERE FUT 20L                 ;4;AMBREE / ROUSSE / RED ALE;48;BRASSERIE GUE DES MOINES;FR  ;FRANCE                                  ;282;SAS PAILLE FREYBURGER                                       ;3.4;0.23896;2;20;80;100;5.8;1;30;1    ;FUT INOX
6015;6015;VITRINE REFRIGEREE 2 PORTES;METRO;89;6;MATERIEL VENTE                ;0;;0;;    ;;0;;1600;0;2;1;2;100;0;1;0;     ;
6016;6016;ARRIERE DE BAR VITRE 3 PORTES;METRO;89;6;MATERIEL VENTE                ;0;;0;;    ;;0;;1000;0;2;1;2;100;0;1;0;     ;
6018;6018;L OPTIMISTE BIO ROUGE 75CL;PIC ST LOUP CHEMIN DES REVES;11;72;PIC ST LOUP                   ;20;VIN ROUGE;0;;    ;;0;;9.1625;0;2;6;0;75;13.5;1;0;     ;
6035;6035;CYCLIC XINO XANO  75VP;HOPPY SOUR;20;15;BIERE 75VP                    ;2;SOUR;215;CYCLIC;ES  ;ESPAGNE                                 ;382;CYCLIC BEER FARM                                            ;5.544;0.1236;2;6;3;75;4;1;0;3    ;CARTONS
6042;6042;LOT FOUET EXTRA ANDALOU 3X180G;LOMAR A EMPORTER;87;11;TERRINE - BOCAUX - SAUCIS-FROM;0;;0;;ES  ;ESPAGNE                                 ;394;LOMAR 1980                                                  ;8.7;0;3;1;0;100;0;1;0;     ;
6058;6058;DOUGALLS TRES MARES 33VP;AMBREE;20;10;BIERE 20/25/33/35CL VP        ;4;AMBREE / ROUSSE / RED ALE;224;DOUGALLS;ES  ;ESPAGNE                                 ;391;DOUGALL'S FRESH BEER                                        ;1.6104;0.0707;2;24;0;33;5.2;1;0;3    ;CARTONS
6060;6060;DOUGALLS RAQUERA 33VP;PILSEN SANS GLUTEN;20;10;BIERE 20/25/33/35CL VP        ;7;LAGER / PILS / ALE / BLONDE;224;DOUGALLS;ES  ;ESPAGNE                                 ;391;DOUGALL'S FRESH BEER                                        ;1.4784;0.06798;2;24;0;33;5;0;0;3    ;CARTONS
6062;6062;VERRE STE CRU 25CL;;87;26;VERRERIE                      ;0;;136;BRASSERIE SAINTE-CRU;    ;;123;BRASSERIE SAINTE-CRU                                        ;1.625;0;2;6;48;100;0;0;0;3    ;CARTONS
6063;6063;VERRE STE CRU 50CL;;87;26;VERRERIE                      ;0;;136;BRASSERIE SAINTE-CRU;    ;;123;BRASSERIE SAINTE-CRU                                        ;2.6;0;2;6;60;100;0;0;0;3    ;CARTONS
6066;6066;RIO AZUL OLIVIA 30L K;BLONDE;20;1;BIERE FUT 30L                 ;1;IPA;219;RIO AZUL ;ES  ;ESPAGNE                                 ;387;RIO AZUL BREWING                                            ;3.63;0.27604;2;30;30;100;6.7;0;0;5    ;FUT KEYKEG
6072;6072;BIB 10L ORGASMIK CABERN ANJOU;CHT FRESNE AOP DEMI-SEC 2021;11;50;ANJOU                         ;21;VIN ROSE;225;CHATEAU DU FRESNE;FR  ;FRANCE                                  ;392;CHATEAU DU FRESNE                                           ;39.26;0;2;1;0;1000;13;1;0;4    ;BIB
6073;6073;ORGASMIK ROSÉ ANJOU 75CL;ROSÉ SUCRÉ;11;50;ANJOU                         ;21;VIN ROSE;225;CHATEAU DU FRESNE;    ;;392;CHATEAU DU FRESNE                                           ;5.7375;0;2;6;145;75;11.5;1;0;     ;
6075;6075;BRIN DE FOU BLC DEMI SEC 75CL;CHT FRESNE AOP ANJOU 2023;11;50;ANJOU                         ;23;VIN BLANC DEMI SEC;225;CHATEAU DU FRESNE;    ;;392;CHATEAU DU FRESNE                                           ;5.805;0;2;6;0;75;11.5;1;0;     ;
6076;6076;ANJOU LES CABERNETS ROUGE 75CL;CHT FRESNE AOP 2020;11;50;ANJOU                         ;23;VIN BLANC DEMI SEC;225;CHATEAU DU FRESNE;    ;;392;CHATEAU DU FRESNE                                           ;6.0075;0;2;6;47;75;12.5;1;0;     ;
6077;6077;LES ONILLONNES BLANC LIQ 75CL;CHT FRESNE AOP COTEAU LAYON VM;11;50;ANJOU                         ;25;VIN BLANC LIQUOREUX;225;CHATEAU DU FRESNE;    ;;392;CHATEAU DU FRESNE                                           ;6.37;0;2;6;4;75;12.5;1;0;     ;
6078;6078;GRANDE SELECTION LAYON 75CL;CHT FRESNE AOP COTEAU LAYON VM;11;50;ANJOU                         ;25;VIN BLANC LIQUOREUX;225;CHATEAU DU FRESNE;    ;;392;CHATEAU DU FRESNE                                           ;8.84;0;2;6;32;75;12.5;1;0;     ;
6079;6079;BUTTE CHEVRIOTTES  2015 75CL;AOP COTEAUX LAYON DE FAYE VM;11;50;ANJOU                         ;25;VIN BLANC LIQUOREUX;225;CHATEAU DU FRESNE;    ;;392;CHATEAU DU FRESNE                                           ;15.08;0;2;6;15;75;12.5;1;0;     ;
6080;6080;WEIHENSTEPHANER VITUS 50VC;WEIZENBOCK;20;11;BIERE 50CL VC                 ;0;;229;WEIHENSTEPHANER;    ;;104;MD BOISSONS HO BIERE                                        ;2.0118;0.31724;2;20;81;50;7.7;1;4.8;2    ;CAISSE
6082;6082;BIB 5L GAYREL SAUVIGNON;IGP COTES DU TARN;11;7;COTES DU TARN                 ;22;VIN BLANC SEC;0;;    ;;270;LES VIGNOBLES GAYREL S.A.S                                  ;14.725;0;2;1;15;500;11;1;0;4    ;BIB
6108;6108;CYCLIC DESPELTA NANO 75VP;SAISON EPEAUTRE;20;15;BIERE 75VP                    ;11;SAISON;215;CYCLIC;ES  ;ESPAGNE                                 ;382;CYCLIC BEER FARM                                            ;4.015;0.13905;2;6;25;75;4.5;1;0;3    ;CARTONS
6109;6109;CYCLIC AMBREE 75VP;SAISON;20;15;BIERE 75VP                    ;11;SAISON;215;CYCLIC;ES  ;ESPAGNE                                 ;382;CYCLIC BEER FARM                                            ;4.62;0.20085;2;6;23;75;6.5;1;0;3    ;CARTONS
6110;6110;CYCLIC SAISON 75VP;;20;15;BIERE 75VP                    ;11;SAISON;215;CYCLIC;ES  ;ESPAGNE                                 ;382;CYCLIC BEER FARM                                            ;4.56;0.16995;2;6;1;75;5.5;1;0;3    ;CARTONS
6114;6114;PIGGY EROICA 33CL BOITE;NEIPA;20;25;BIERE 33/44/50 CL CANETTE     ;1;IPA;137;THE PIGGY BREWING COMPAGNY;FR  ;FRANCE                                  ;125;THE PIGGY BREWING COMPANY                                   ;2.0369;0.08294;2;24;137;33;6.1;1;0;3    ;CARTONS
6120;6120;PIGGY PICK ME UP 33CL BOITE;AMERICAN PALE ALE;20;10;BIERE 20/25/33/35CL VP        ;1;IPA;137;THE PIGGY BREWING COMPAGNY;FR  ;FRANCE                                  ;125;THE PIGGY BREWING COMPANY                                   ;1.8383;0.06118;2;24;56;33;4.5;1;0;3    ;CARTONS
6136;6136;RHUM SANTIAGO DE CUBA 25A 70CL;AVEC ETUI;1;2;RHUMS TIERS                   ;0;;0;;    ;;251;SL MAJOR                                                    ;227.832;0;2;1;2;70;40;1;0;     ;
6145;6145;KROMBACHER PILS 30L;TP;20;1;BIERE FUT 30L                 ;7;LAGER / PILS / ALE / BLONDE;86;KROMBACHER;DE  ;ALLEMAGNE                               ;395;KROMBACHER BRAUEREI GMBH & CO                               ;2.1001;0.39552;2;30;15840;100;4.8;1;30;1    ;FUT INOX
6146;6146;FUZETEA PECHE THE PECHE 25VC;;40;6;BOISSONS SUCREES VC           ;0;;0;;    ;;272;RHONE BOISSONS                                              ;0.95;0.0102;3;24;1464;25;0;1;5.5;2    ;CAISSE
6147;6147;LUPULUS FRUCTUS 33VC;BLANCHE FRUITEE;20;9;BIERE 33CL VC                 ;14;FRUITEE;10;BRASSERIE LUPULUS;BE  ;BELGIQUE                                ;13;VANUXEEM BROUWERIJ SA/NV                                    ;1.7751;0.0571;2;24;168;33;4.2;1;4.5;2    ;CAISSE
6150;6150;LA DEBAUCHE COOL JAZZ 33BTE;DDH IPA;20;25;BIERE 33/44/50 CL CANETTE     ;1;IPA;191;LA DEBAUCHE;FR  ;FRANCE                                  ;356;BRASSERIE LA DEBAUCHE                                       ;2.128;0.08158;2;12;5;33;6;1;0;3    ;CARTONS
6153;6153;SUPER 8 IPA 15L;TC;20;3;BIERE FUT 10L/15L             ;1;IPA;141;BRASSERIE DE L'ILE D'ORLEANS;CA  ;CANADA                                  ;14;BRASSERIE DU COQ HARDI                                      ;4.1319;0.4944;2;15;300;100;6;0;30;1    ;FUT INOX
6170;6170;CAMPLAZENS ROUGE CANON 75CL;ROUGE LEGER;10;9;IGP COTEAUX NARBONNE          ;20;VIN ROUGE;0;;    ;;300;CHATEAU CAMPLAZENS                                          ;5.4;0;2;6;9;75;12.5;1;0;     ;
6171;6171;BIB 5L LE BON BIB21 CAMPLAZENS;COTEAUX DE NARBONNE;11;10;IGP COTEAUX NARBONNE          ;20;VIN ROUGE;0;;    ;;300;CHATEAU CAMPLAZENS                                          ;17.3;0;2;1;5;500;14;1;0;4    ;BIB
6176;6176;CORONA EXTRA 6L;PERFECT DRAFT / PALE LAGER;20;4;BIERES FUT 5L/6L/12.5L        ;7;LAGER / PILS / ALE / BLONDE;0;;MX  ;MEXIQUE                                 ;13;VANUXEEM BROUWERIJ SA/NV                                    ;26.7616;2.2248;2;1;0;600;4.5;1;7.1;1    ;FUT INOX
6177;6177;LIQUEUR ITALICUS 70CL;AGRUMES;1;41;LIQUEURS CREMES               ;0;;0;;IT  ;ITALIE                                  ;333;LMDW DISTRIBUTION                                           ;31;0;2;6;5;70;20;1;0;     ;
6179;6179;BIB 10L FLEUR MAUBET BLANC SEC;FRUITE COTES DE GASCOGNE;10;4;COTES DE GASCOGNE             ;22;VIN BLANC SEC;0;;    ;;351;MAISON VOISIN SARL COLLIVET                                 ;25;0;2;1;0;1000;11.5;1;0;4    ;BIB
6182;6182;GUE MOINES BLDE OCCITANIE 30L;BLONDE;20;1;BIERE FUT 30L                 ;7;LAGER / PILS / ALE / BLONDE;48;BRASSERIE GUE DES MOINES;FR  ;FRANCE                                  ;282;SAS PAILLE FREYBURGER                                       ;2.95;0.1854;2;30;30;100;4.5;0;30;1    ;FUT INOX
6239;6239;CHIPS PARTY 120/125G;AU COMPTOIR;99;0;COMPTOIR TERRASSE             ;0;;0;;FR  ;FRANCE                                  ;376;SARL LES CHIPS DE L'AVEYRON                                 ;2.652;0;4;1;-3;100;0;1;0;3    ;CARTONS
6241;6241;SANGRIA 25CL A 6.90€;AU COMPTOIR;99;0;COMPTOIR TERRASSE             ;0;;0;;    ;;0;;5.7499;0;2;1;0;25;0;1;0;     ;
6242;6242;SUPPLEMENT SIROP A 0.30€;MENTHE GRENADINE FRAISE;99;0;COMPTOIR TERRASSE             ;0;;0;;    ;;0;;0.1852;0.0107;4;1;-2;3;0;1;0;     ;
6253;6253;FUZETEA PECHE 33BTE;;40;21;BOISSONS SUCREES BTE          ;0;;0;;    ;;4;METRO                                                       ;0.7083;0.0134;3;24;-194;33;0;1;0;     ;
6257;6257;VITRINE REFRIGEREE 3 PORTES;;89;0;MATERIELS                     ;0;;0;;    ;;0;;1600;0;2;1;1;100;0;1;0;     ;
6258;6258;LAUGAR MIDNIGHT HARVEST 33VP;RUSSIAN IMPERIAL STOUT;20;10;BIERE 20/25/33/35CL VP        ;5;STOUT / PORTER;192;BRASSERIE LAUGAR;ES  ;ESPAGNE                                 ;334;LAUGAR BREWERY S.L.                                         ;3.6856;0.16995;2;24;0;33;12.5;1;0;3    ;CARTONS
6279;6279;CYCLIC WITTY FOOL 22  75VP;BLANCHE ORANGE & CORIANDRE;20;15;BIERE 75VP                    ;3;BLANCHE;215;CYCLIC;ES  ;ESPAGNE                                 ;382;CYCLIC BEER FARM                                            ;5.265;0.16995;2;6;1;75;5.5;1;0;3    ;CARTONS
6285;6285;BIB 3 L UBY CUB BLANC MOELLEUX;VDP COTES GASCOGNE;10;4;COTES DE GASCOGNE             ;24;VIN BLANC MOELLEUX;0;;    ;;351;MAISON VOISIN SARL COLLIVET                                 ;16.9;0;2;1;7;300;11.5;1;0;4    ;BIB
6286;6286;LIQUEUR AFTER MENTHE 100CL;LES POTIONS D'OC DISTILLERIE;1;41;LIQUEURS CREMES               ;0;;0;;    ;;398;LES POTIONS D'OC GAYRAL SARL                                ;12.16;0;2;6;3;100;15;1;0;     ;
6287;6287;LIQUEUR AFTER CITRON 100CL;LES POTIONS D'OC DISTILLERIE;1;41;LIQUEURS CREMES               ;0;;0;;    ;;398;LES POTIONS D'OC GAYRAL SARL                                ;12.16;0;2;6;11;100;15;1;0;     ;
6290;6290;COFFRET DEGUSTATION 5X20CL;LIQUEURS LES POTIONS D'OC;1;41;LIQUEURS CREMES               ;0;;0;;    ;;398;LES POTIONS D'OC GAYRAL SARL                                ;26.5076;0;2;1;3;100;25;1;0;     ;
6291;6291;EDV VIEILLE PRUNE GAYRAL 70CL;LES POTIONS D'OC DISTILLERIE;1;35;EAU DE VIE                    ;0;;0;;    ;;398;LES POTIONS D'OC GAYRAL SARL                                ;20.8725;0;2;6;8;70;42;1;0;     ;
6292;6292;EDV VIEILLE POIRE GAYRAL 70CL;LES POTIONS D'OC DISTILLERIE;1;35;EAU DE VIE                    ;0;;0;;    ;;398;LES POTIONS D'OC GAYRAL SARL                                ;23.5;0;2;6;5;70;45;1;0;     ;
6293;6293;EDV MIRABELLE GAYRAL 70CL;LES POTIONS D'OC DISTILLERIE;1;35;EAU DE VIE                    ;0;;0;;    ;;398;LES POTIONS D'OC GAYRAL SARL                                ;29.2;0;2;6;8;70;45;1;0;     ;
6294;6294;EDV FRAMBOISE GAYRAL 70CL;LES POTIONS D'OC DISTILLERIE;1;35;EAU DE VIE                    ;0;;0;;    ;;398;LES POTIONS D'OC GAYRAL SARL                                ;29.2;0;2;6;3;70;45;1;0;     ;
6295;6295;HYPOCRAS BLANC 75CL;LES POTIONS D'OC DISTILLERIE;1;14;VINS DE LIQUEUR               ;0;;0;;    ;;398;LES POTIONS D'OC GAYRAL SARL                                ;9.19;0;2;6;10;70;16;1;0;     ;
6296;6296;BIB 10L GAYREL SAUVIGNON;BLANC / IGP COTES DU TARN;10;7;COTES DU TARN                 ;22;VIN BLANC SEC;0;;    ;;270;LES VIGNOBLES GAYREL S.A.S                                  ;23.8;0;2;1;22;1000;11;1;0;4    ;BIB
6299;6299;SPRITZ APEROL A 7.90€;AU COMPTOIR;99;0;COMPTOIR TERRASSE             ;0;;0;;    ;;0;;5.65;0;2;1;0;25;0;1;0;     ;
6308;6308;HOPPY ROAD SOIF ! 30L K;PALE ALE;20;1;BIERE FUT 30L                 ;8;PALE ALE;200;BRASSERIE HOPPY ROAD;FR  ;FRANCE                                  ;357;HOPPY ROAD SAS                                              ;4.1239;0.206;2;30;30;100;5;1;0;5    ;FUT KEYKEG
6310;6310;HOPPY ROAD SOIF ! 33VP;PALE ALE;20;25;BIERE 33/44/50 CL CANETTE     ;8;PALE ALE;200;BRASSERIE HOPPY ROAD;FR  ;FRANCE                                  ;357;HOPPY ROAD SAS                                              ;1.8613;0.06798;2;24;121;33;5;0;0;3    ;CARTONS
6316;6316;GARAGE RIBA 30L K;PILS;20;1;BIERE FUT 30L                 ;7;LAGER / PILS / ALE / BLONDE;156;GARAGE BREWING;ES  ;ESPAGNE                                 ;133;CERVECEROS GARAGE SL                                        ;3.795;0.206;2;30;0;100;5;1;0;5    ;FUT KEYKEG
6317;6317;GARAGE P9 33BTE;BERLINER FRAMBOISE PASSION;20;25;BIERE 33/44/50 CL CANETTE     ;2;SOUR;156;GARAGE BREWING;ES  ;ESPAGNE                                 ;133;CERVECEROS GARAGE SL                                        ;2.3371;0.05438;2;16;164;33;4;1;0;3    ;CARTONS
6324;6324;BOON OUDE GUEUZE LAB N°9  75VP;BLACK LABEL EDITION 9;20;15;BIERE 75VP                    ;2;SOUR;41;BRASSERIE BOON ;BE  ;BELGIQUE                                ;13;VANUXEEM BROUWERIJ SA/NV                                    ;6.7631;0.2163;2;6;48;75;7;1;0;3    ;CARTONS
6325;6325;LUPULUS NEIPA 20L;;20;2;BIERE FUT 20L                 ;1;IPA;10;BRASSERIE LUPULUS;BE  ;BELGIQUE                                ;13;VANUXEEM BROUWERIJ SA/NV                                    ;4.4418;0.2884;2;20;300;100;7;1;30;1    ;FUT INOX
6361;6361;VERRE BASQUELAND;;87;26;VERRERIE                      ;0;;0;;    ;;314;BASQUELAND BREWING PROJECT                                  ;2.0125;0;2;6;18;100;0;1;0;3    ;CARTONS
6362;6362;FEMME FATALE BLDE AMBREE 20L;CONSIGNE A 69€;20;2;BIERE FUT 20L                 ;7;LAGER / PILS / ALE / BLONDE;66;BRASSERIE DE LEITE;    ;;13;VANUXEEM BROUWERIJ SA/NV                                    ;4.6;0.2678;2;20;60;100;6.5;0;0;1    ;FUT INOX
6363;6363;BOON KRIEK 37.5VC  X12;;20;12;BIERE 37.5CL                  ;0;;41;BRASSERIE BOON ;BE  ;BELGIQUE                                ;13;VANUXEEM BROUWERIJ SA/NV                                    ;2.2331;0.0618;2;12;59;38;4;1;7;2    ;CAISSE
6397;6397;BETHMALE 50 LC VACHE MEULE;PRIX AU KILO;87;11;TERRINE - BOCAUX - SAUCIS-FROM;0;;0;;FR  ;FRANCE                                  ;388;FRANCE FRAIS OCCITANIE                                      ;56.4;0;3;1;2;100;0;1;0;3    ;CARTONS
6398;6398;TARTARE TOMATE 1,5KG;;87;11;TERRINE - BOCAUX - SAUCIS-FROM;0;;0;;FR  ;FRANCE                                  ;388;FRANCE FRAIS OCCITANIE                                      ;12.075;0;3;1;0;100;0;1;0;3    ;CARTONS
6412;6412;MT SALEVE SANS ALCOOL IPA 33VP;IPA;20;10;BIERE 20/25/33/35CL VP        ;0;;233;BRASSERIE DU MONT SALEVE;FR  ;FRANCE                                  ;400;BRASSERIE DU MONT SALEVE                                    ;2.1186;0.0136;3;24;116;33;0.45;1;0;3    ;CARTONS
6414;6414;MT SALEVE APO & HIPPO 75VP;SOUR;20;15;BIERE 75VP                    ;1;IPA;233;BRASSERIE DU MONT SALEVE;FR  ;FRANCE                                  ;400;BRASSERIE DU MONT SALEVE                                    ;8.0323;0.12978;2;6;11;75;4.2;1;0;3    ;CARTONS
6415;6415;MONT SALEVE BLANCHE 75VP;WHEAT IPA;20;15;BIERE 75VP                    ;3;BLANCHE;233;BRASSERIE DU MONT SALEVE;FR  ;FRANCE                                  ;400;BRASSERIE DU MONT SALEVE                                    ;4.2027;0.1545;2;6;-1;75;5;1;0;3    ;CARTONS
6417;6417;MT SALEVE CERISE 75VP;SOUR;20;15;BIERE 75VP                    ;2;SOUR;233;BRASSERIE DU MONT SALEVE;FR  ;FRANCE                                  ;400;BRASSERIE DU MONT SALEVE                                    ;6.9273;0.12978;2;6;12;75;4.2;1;0;3    ;CARTONS
6419;6419;MT SALEVE FRUITS ROUGE 75VP;SOUR;20;15;BIERE 75VP                    ;2;SOUR;233;BRASSERIE DU MONT SALEVE;FR  ;FRANCE                                  ;400;BRASSERIE DU MONT SALEVE                                    ;6.9273;0.12978;2;6;11;75;4.2;1;0;3    ;CARTONS
6447;6447;MAGNUM CONVIVIALITE 150CL;IGP CTX NARBONNE;10;9;IGP COTEAUX NARBONNE          ;20;VIN ROUGE;0;;    ;;300;CHATEAU CAMPLAZENS                                          ;9.6;0;2;6;5;150;13.5;1;0;     ;
6470;6470;LA DEBAUCHE CUTE & SOBER 33BTE;SOUR;20;25;BIERE 33/44/50 CL CANETTE     ;2;SOUR;191;LA DEBAUCHE;FR  ;FRANCE                                  ;356;BRASSERIE LA DEBAUCHE                                       ;1.998;0.0136;3;12;-10;33;0.5;1;0;3    ;CARTONS
6472;6472;LA DEBAUCHE SCARLET 33BTE;SOUR;20;25;BIERE 33/44/50 CL CANETTE     ;2;SOUR;191;LA DEBAUCHE;FR  ;FRANCE                                  ;356;BRASSERIE LA DEBAUCHE                                       ;2.4552;0.10877;2;12;6;33;8;1;0;3    ;CARTONS
6473;6473;IPA RATZ 30L;;20;1;BIERE FUT 30L                 ;0;;27;BRASSERIE RATZ;FR  ;FRANCE                                  ;57;RATZ BRASSERIE ARTISANALE                                   ;3.5;0.2472;2;30;630;100;6;1;30;1    ;FUT INOX
6478;6478;SAXO GOURMANDE;JAMBON TOMATE BETHMALE;99;1;PLANCHES                      ;0;;0;;    ;;388;FRANCE FRAIS OCCITANIE                                      ;8.6366;0;4;1;-1;100;0;1;0;     ;
6479;6479;SCHNEIDER WEIS HELL TAP 1 50VC;;20;11;BIERE 50CL VC                 ;3;BLANCHE;53;BRASSERIE SCHNEIDER;DE  ;ALLEMAGNE                               ;104;MD BOISSONS HO BIERE                                        ;1.61;0.10094;2;20;96;50;4.9;1;4.8;2    ;CAISSE
6490;6490;PETITE BRETT 2024  20LK;BRETT SERIES;20;2;BIERE FUT 20L                 ;13;LAMBIC;199;BRASSERIE EFFET PAPILLON;FR  ;FRANCE                                  ;332;BRASSERIE EFFET PAPILLON                                    ;5.3472;0.1854;2;20;20;100;4.5;1;0;5    ;FUT KEYKEG
6515;6515;ARGALI ROSE 2023 75CL;;10;73;AOC LANGUEDOC                 ;21;VIN ROSE;218;CHATEAU LAVABRE;FR  ;FRANCE                                  ;384;CHATEAU PUECH-HAUT                                          ;11.44;0;2;6;3;75;13;1;0;     ;
6516;6516;SLASH MANGO 30L;TRIPLE MANGUE;20;1;BIERE FUT 30L                 ;10;TRIPLE;34;BRASSERIE LICORNE;    ;;22;KARLSBRAU                                                   ;4.05;0.6592;2;30;690;100;8;1;30;1    ;FUT INOX
6518;6518;MT SALEVE  PALE ALE 24L K;;20;7;BIERE FUT 24/25L              ;8;PALE ALE;233;BRASSERIE DU MONT SALEVE;FR  ;FRANCE                                  ;400;BRASSERIE DU MONT SALEVE                                    ;4.5;0.206;2;24;192;100;5;1;0;5    ;FUT KEYKEG
6523;6523;MT SALEVE MONDEUSE 75VP;GRAPE ALE;20;15;BIERE 75VP                    ;2;SOUR;233;BRASSERIE DU MONT SALEVE;FR  ;FRANCE                                  ;400;BRASSERIE DU MONT SALEVE                                    ;6.8527;0.1854;2;6;27;75;6;1;0;3    ;CARTONS
6524;6524;MT SALEVE BLONDE 75VP;PALE ALE;20;15;BIERE 75VP                    ;8;PALE ALE;233;BRASSERIE DU MONT SALEVE;FR  ;FRANCE                                  ;400;BRASSERIE DU MONT SALEVE                                    ;4.5015;0.17922;2;6;18;75;5.8;1;0;3    ;CARTONS
6527;6527;IRON BIERE D HIVER 33BTE;DOUBLE BROWN ALE PAIN D'EPICES;20;25;BIERE 33/44/50 CL CANETTE     ;12;BRUNE;140;BRASSERIE IRON;FR  ;FRANCE                                  ;304;BRASSERIE IRON DAVID                                        ;2.2634;0.11557;2;24;0;33;8.5;1;0;3    ;CARTONS
6529;6529;GEKKO 7 POETES 44BTE;NEIPA;20;25;BIERE 33/44/50 CL CANETTE     ;0;;234;GEKKO BEERS;FR  ;FRANCE                                  ;401;GEKKO BEERS / BLUE COAST                                    ;3.28;0.11783;2;24;3;44;6.5;1;0;3    ;CARTONS
6534;6534;GEKKO SLINGSHOT 44BTE;IMPERIAL IPA;20;25;BIERE 33/44/50 CL CANETTE     ;0;;234;GEKKO BEERS;FR  ;FRANCE                                  ;401;GEKKO BEERS / BLUE COAST                                    ;3.5375;0.14502;2;24;-14;44;8;1;0;3    ;CARTONS
6556;6556;FUET NATURE 100G A EMPORTER;A EMPORTER;87;11;TERRINE - BOCAUX - SAUCIS-FROM;0;;0;;    ;;402;J VILA EMBOTITS ARTESANS                                    ;1.414;0;3;1;111;100;0;1;0;     ;
6557;6557;CHORIZO VELA 150G A EMPORTER;A EMPORTER;87;11;TERRINE - BOCAUX - SAUCIS-FROM;0;;0;;    ;;402;J VILA EMBOTITS ARTESANS                                    ;2.044;0;3;1;61;100;0;1;0;     ;
6561;6561;SUCRE CANNE ST JAMES BLANC 70C;;85;11;SUCRE CANNE LIQUIDE           ;0;;0;;    ;;362;SVS LA MARTINIQUAISE BLMHD                                  ;3.9;0;3;6;10;70;0;1;0;     ;
6562;6562;HOPPY ROAD HAZY RIDER 30L K;HAZY IPA;20;1;BIERE FUT 30L                 ;1;IPA;200;BRASSERIE HOPPY ROAD;FR  ;FRANCE                                  ;357;HOPPY ROAD SAS                                              ;4.6442;0.26368;2;30;0;100;6.4;1;0;5    ;FUT KEYKEG
6563;6563;HOPPY ROAD MAZOUT 20L K;RUSSIAN IMPERIAL STOUT;20;2;BIERE FUT 20L                 ;5;STOUT / PORTER;200;BRASSERIE HOPPY ROAD;FR  ;FRANCE                                  ;357;HOPPY ROAD SAS                                              ;5.69;0.4944;2;20;20;100;12;0;0;5    ;FUT KEYKEG
6569;6569;PERONI NASTRO AZZURO 30L;TC/ITALIE LAGER;20;1;BIERE FUT 30L                 ;7;LAGER / PILS / ALE / BLONDE;180;ASAHI;    ;;272;RHONE BOISSONS                                              ;3.19;0.412;2;30;600;100;5;1;30;1    ;FUT INOX
6572;6572;CORB MELVIN CARTON DECORE;TAUPE/GRIS 34X24X9 SEMI-AUTO;87;16;CORBEILLES - COFFRETS- CARTONS;0;;0;;    ;;310;CAV'SERVICE OPLEZIO                                         ;2.448;0;2;1;0;100;0;1;0;     ;
6573;6573;CORB PETRA CARTON NOIR OR;FESTIF RECTANGLE;87;16;CORBEILLES - COFFRETS- CARTONS;0;;0;;    ;;310;CAV'SERVICE OPLEZIO                                         ;2.1;0;2;1;36;100;0;1;0;     ;
6587;6587;SOLO DU SAUCISSON S/PLACE;AU COMPTOIR;99;1;PLANCHES                      ;0;;0;;    ;;402;J VILA EMBOTITS ARTESANS                                    ;3.6364;0;4;1;-2;100;0;1;0;     ;
6593;6593;COFF ST FEUILLIEN NOEL 3X33VC;+ 1 VERRE / BRUNE;20;21;BIERE COFFRET                 ;18;HIVER / NOEL;11;BRASSERIE SAINT FEUILLIEN;BE  ;BELGIQUE                                ;13;VANUXEEM BROUWERIJ SA/NV                                    ;15.1525;0.36709;2;1;0;99;9;1;0;     ;
6604;6604;CHORIZO VELA 150G S/PLACE;AU COMPTOIR;87;11;TERRINE - BOCAUX - SAUCIS-FROM;0;;0;;    ;;402;J VILA EMBOTITS ARTESANS                                    ;3.5;0;4;1;-1;100;0;1;0;     ;
6605;6605;SALCHICHON EXTRA PAYSAN 500G;A EMPORTER;87;11;TERRINE - BOCAUX - SAUCIS-FROM;0;;0;;    ;;402;J VILA EMBOTITS ARTESANS                                    ;7.798;0;3;1;5;100;0;1;0;     ;
6633;6633;CH HERITAGE 1ER CRU 150CL BOIS;BLANC DE BLANCS / COFFRET BOIS;10;86;CHAMPAGNE MAGNUM              ;0;;0;;FR  ;FRANCE                                  ;302;PIERRE TRICHET                                              ;64.5;0;2;6;0;150;12;1;0;     ;
6634;6634;CARTON KRAFT 3 BLLES TRICHET;;87;16;CORBEILLES - COFFRETS- CARTONS;0;;0;;    ;;302;PIERRE TRICHET                                              ;1.95;0;2;1;0;100;0;1;0;     ;
6635;6635;INNIS & GUNN CARIBBEAN RUM 30L;;20;1;BIERE FUT 30L                 ;0;;82;BRASSERIE WYCHWOOD;    ;;22;KARLSBRAU                                                   ;4.45;0.56032;2;30;390;100;6.8;1;30;1    ;FUT INOX
6637;6637;RACLETTE PRESTIGE LC AU KILO;;87;11;TERRINE - BOCAUX - SAUCIS-FROM;0;;0;;FR  ;FRANCE                                  ;388;FRANCE FRAIS OCCITANIE                                      ;14.95;0;3;1;0;100;0;1;0;3    ;CARTONS
6640;6640;WHISKY PORT CHARLOTTE 70CL;SINGLE MALT / ISLAY ECOSSE;1;63;WHISKY ECOSSAIS               ;0;;0;;SF  ;ECOSSE                                  ;333;LMDW DISTRIBUTION                                           ;58.6;0;2;6;3;70;50;1;0;     ;
6644;6644;CRAK PIZZA PILS MARGHERITA 40B;DRY HOPPED PILSNER;20;25;BIERE 33/44/50 CL CANETTE     ;7;LAGER / PILS / ALE / BLONDE;195;BRASSERIE CRAK;IT  ;ITALIE                                  ;353;CRAK BREWERY                                                ;2.2477;0.0824;2;24;13;40;5;1;0;3    ;CARTONS
6648;6648;CRAK MANSUETO 2024 37.5VP;BARLEY WINE;20;12;BIERE 37.5CL                  ;15;STRONG ALE;195;BRASSERIE CRAK;IT  ;ITALIE                                  ;353;CRAK BREWERY                                                ;7.7375;0.20085;2;6;0;38;13;1;0;3    ;CARTONS
6660;6660;MOBILIER INOX IMMO;;89;6;MATERIEL VENTE                ;0;;0;;    ;;4;METRO                                                       ;270;0;2;1;1;100;0;1;0;     ;
6664;6664;CHATEAU DE LAVAGNAC 2016  75CL;AOC BORDEAUX;10;15;BORDEAUX                      ;20;VIN ROUGE;0;;    ;;377;MAISON RIVIERE SAS                                          ;4.1714;0;2;6;150;75;13;1;0;     ;
6666;6666;SPUNKY PASSION BERGAMOTE 25BTE;SOFT LA DEBAUCHE;60;12;EAUX BOITE AROMATISEES        ;32;SANS ALCOOL;191;LA DEBAUCHE;FR  ;FRANCE                                  ;356;BRASSERIE LA DEBAUCHE                                       ;1.56;0;3;12;-82;25;0;1;0;3    ;CARTONS
6667;6667;SPUNKY CITRON GINGEMBRE 25BTE;SOFT LA DEBAUCHE;60;12;EAUX BOITE AROMATISEES        ;32;SANS ALCOOL;191;LA DEBAUCHE;FR  ;FRANCE                                  ;356;BRASSERIE LA DEBAUCHE                                       ;1.56;0;3;12;16;25;0;1;0;3    ;CARTONS
6668;6668;LA TRIBU 2019  75CL;AOP ANJOU VILLAGES;11;50;ANJOU                         ;20;VIN ROUGE;225;CHATEAU DU FRESNE;    ;;392;CHATEAU DU FRESNE                                           ;15.47;0;2;6;22;75;13;1;0;     ;
6670;6670;MARQUIS DE GILBOURG 75CL;CREMANT DE LOIRE;11;80;CREMANT                       ;25;VIN BLANC LIQUOREUX;225;CHATEAU DU FRESNE;FR  ;FRANCE                                  ;392;CHATEAU DU FRESNE                                           ;8.7;0;2;6;22;75;12;1;0;3    ;CARTONS
6672;6672;MAZET DU LOUP ROUGE   75CL;AOC PIC ST LOUP;10;28;PIC SAINT LOUP                ;20;VIN ROUGE;236;DOMAINE DE VILLENEUVE;    ;;404;DOMAINE DE VILLENEUVE                                       ;7.15;0;2;6;164;75;13;1;0;     ;
6674;6674;CHATEAU MIQUEU ROUGE 75CL;HAUT-MEDOC CRU BOURGEOIS;10;27;HAUT MEDOC                    ;20;VIN ROUGE;0;;    ;;254;CGM VINS                                                    ;5.5016;0;2;6;82;75;12.5;1;0;     ;
6675;6675;CH BELLEFONT BELCIER 2012 75CL;GUILLIER / ST EMILION GD CRU;10;23;ST EMILION GD CRU             ;20;VIN ROUGE;0;;    ;;254;CGM VINS                                                    ;11.3516;0;2;12;54;75;13;1;0;     ;
6676;6676;CH AMOUR 2015 ROUGE 75CL;MDC AOP MEDOC CRU BOURGEOIS;10;26;MEDOC                         ;20;VIN ROUGE;0;;    ;;254;CGM VINS                                                    ;8.8296;0;2;6;23;75;13;1;0;     ;
6677;6677;CHAT MONTROC 2014 ROUGE 75CL;AOC LUSSAC ST EMILION;10;24;LUSSAC ST EMILION             ;20;VIN ROUGE;0;;    ;;377;MAISON RIVIERE SAS                                          ;7.6432;0;2;6;0;75;13;1;0;     ;
6688;6688;ST STEFANUS ABBAYE ROUGE 20L;BIERE ROUGE;20;2;BIERE FUT 20L                 ;14;FRUITEE;180;ASAHI;BE  ;BELGIQUE                                ;272;RHONE BOISSONS                                              ;4.4084;0.2678;2;20;740;100;6.5;1;30;1    ;FUT INOX
6690;6690;FRIGO R600A ARMOIRE POSITIVE;MPRO;89;0;MATERIELS                     ;0;;0;;    ;;0;;1249.61;0;6;1;1;100;0;1;0;     ;
6696;6696;COGNAC H BY HINE 70CL;COGNAC;1;32;COGNAC                        ;0;;0;;FR  ;FRANCE                                  ;257;DUGAS                                                       ;34.5;0;2;6;6;70;40;1;0;     ;
6700;6700;COF COGNAC HINE RARE +2V 70CL;THE ORIGINAL;1;32;COGNAC                        ;0;;0;;FR  ;FRANCE                                  ;257;DUGAS                                                       ;42.9;0;2;6;4;70;40;1;0;     ;
6701;6701;RHUM LA FAVORITE 9A 2012 70CL;SELECTION DE FUTS;1;5;RHUMS DOMS                    ;0;;0;;MQ  ;MARTINIQUE                              ;257;DUGAS                                                       ;95;0;2;1;1;70;49.3;1;0;     ;
6702;6702;RHUM GELAS BARBADE BLANC 70CL;ONE WOOD - FUT ARMAGNAC;1;2;RHUMS TIERS                   ;0;;0;;PA  ;PANAMA                                  ;257;DUGAS                                                       ;28;0;2;3;2;70;42.2;1;0;     ;
6704;6704;RHUM DOS MADERAS SELECCION 70C;VIEILLI 10A MINI FUT BOURBON;1;2;RHUMS TIERS                   ;0;;0;;    ;;257;DUGAS                                                       ;38.5;0;2;6;3;79;42;1;0;     ;
6706;6706;FAVORITE COEUR CANNE BLANC 70C;RHUM AGRICOLE BLANC 50°;1;5;RHUMS DOMS                    ;0;;0;;MQ  ;MARTINIQUE                              ;257;DUGAS                                                       ;22.7;0;2;6;2;70;50;1;0;     ;
6713;6713;RH BOTRAN RARE CASK FRENCH 70;WINE FINISH / RARE BLEND;1;2;RHUMS TIERS                   ;0;;0;;GT  ;GUATEMALA                               ;257;DUGAS                                                       ;57.8;0;2;1;1;70;40;1;0;     ;
6716;6716;RH BOTRAN RESERVA BLANCA 70CL;RHUM VIEUX;1;2;RHUMS TIERS                   ;0;;0;;GT  ;GUATEMALA                               ;257;DUGAS                                                       ;19.57;0;2;1;6;70;40;1;0;     ;
6722;6722;CHAT LASCOMBES ROUGE 2016 75CL;AOC MARGAUX;10;25;MARGAUX                       ;20;VIN ROUGE;0;;    ;;377;MAISON RIVIERE SAS                                          ;74.4117;0;2;6;4;75;13.5;1;0;     ;
6723;6723;CH MALARTICLAGRAVIERE 2016 75C;AOC PESSAC LEOGNAN;10;35;PESSAC LEOGNAN                ;20;VIN ROUGE;0;;    ;;377;MAISON RIVIERE SAS                                          ;53.7282;0;2;6;1;75;13.5;1;0;     ;
6727;6727;CHAT RIPEAU 2017 ROUGE 75CL;AOC ST EMILION GD CRU CLASSE;10;22;ST EMILION GD CRU CLASSE      ;20;VIN ROUGE;0;;    ;;377;MAISON RIVIERE SAS                                          ;30.7831;0;2;6;3;75;13.5;1;0;     ;
6728;6728;RHUM LA FAVORITE 2013 70CL;BRUT DE CUVEE;1;5;RHUMS DOMS                    ;0;;0;;MQ  ;MARTINIQUE                              ;257;DUGAS                                                       ;95.4179;0;2;1;2;70;48.5;1;0;     ;
6740;6740;LUPULUS TRIPLE BLONDE 33VC;;20;9;BIERE 33CL VC                 ;10;TRIPLE;10;BRASSERIE LUPULUS;BE  ;BELGIQUE                                ;13;VANUXEEM BROUWERIJ SA/NV                                    ;1.6292;0.11557;2;24;765;33;8.5;1;4.5;2    ;CAISSE
6741;6741;LUPULUS ORGANICUS BIO 33VC;;20;9;BIERE 33CL VC                 ;10;TRIPLE;10;BRASSERIE LUPULUS;BE  ;BELGIQUE                                ;13;VANUXEEM BROUWERIJ SA/NV                                    ;1.8035;0.11557;2;24;276;33;8.5;1;4.5;2    ;CAISSE
6745;6745;EAU ABATILLES PETILL 75VP;;60;6;EAUX VC/VP                    ;0;;0;;    ;;457;MONTANER PIETRINI BOISSONS                                  ;1.3403;0;3;12;0;75;0;1;0;     ;
6746;6746;EAU ABATILLES PLATE 75VP;;60;6;EAUX VC/VP                    ;0;;0;;    ;;457;MONTANER PIETRINI BOISSONS                                  ;1.4599;0;3;12;0;75;0;1;0;     ;
6747;6747;DAME DE COEUR TRIPLE 20L;;20;2;BIERE FUT 20L                 ;10;TRIPLE;48;BRASSERIE GUE DES MOINES;FR  ;FRANCE                                  ;282;SAS PAILLE FREYBURGER                                       ;3.4;0.3296;2;20;280;100;8;1;30;1    ;FUT INOX
6773;6773;KROMBACHER PILS PETIT FUT 20L;;20;2;BIERE FUT 20L                 ;7;LAGER / PILS / ALE / BLONDE;86;KROMBACHER;DE  ;ALLEMAGNE                               ;395;KROMBACHER BRAUEREI GMBH & CO                               ;2.2;0.39552;2;20;220;100;4.8;1;30;1    ;FUT INOX
6810;6810;BIB 5L ISATIS ROUGE;IGP COTES DU TARN;10;7;COTES DU TARN                 ;0;;0;;    ;;270;LES VIGNOBLES GAYREL S.A.S                                  ;14.625;0;2;1;19;500;13;1;0;4    ;BIB
6811;6811;CARAVANE BAVARIA 8.6;CANETTE BAR;89;0;MATERIELS                     ;0;;0;;    ;;0;;7500;0;2;1;0;100;0;1;0;     ;
6812;6812;CREMANT AU VERRE 12,5 CL;COMPTOIR;13;0;VINS AU COMPTOIR              ;0;;0;;    ;;0;;2.7762;0;2;1;0;13;0;1;0;     ;
6816;6816;1906 RESERVA ESPECIAL 33VP;AMBREE;20;10;BIERE 20/25/33/35CL VP        ;4;AMBREE / ROUSSE / RED ALE;203;ESTRELLA GALICIA;ES  ;ESPAGNE                                 ;380;ESTRELLA GALICIA INTERNACIONAL                              ;0.7618;0.17675;2;24;0;33;6.5;0;0;3    ;CARTONS
6817;6817;ESTRELLA GALICIA ZERO 25VP;SANS ALCOOL;20;10;BIERE 20/25/33/35CL VP        ;7;LAGER / PILS / ALE / BLONDE;203;ESTRELLA GALICIA;ES  ;ESPAGNE                                 ;380;ESTRELLA GALICIA INTERNACIONAL                              ;0.5819;0;3;24;0;33;0;0;0;3    ;CARTONS
6818;6818;LINDEMANS FARO 5°  20L;LAMBIC SUCREE;20;2;BIERE FUT 20L                 ;14;FRUITEE;42;BRASSERIE LINDEMANS;BE  ;BELGIQUE                                ;13;VANUXEEM BROUWERIJ SA/NV                                    ;3.3;0.206;2;20;20;100;5;1;60;1    ;FUT INOX
6826;6826;KROMBACHER 0,0% PILS 33VP;SANS ALCOOL;20;10;BIERE 20/25/33/35CL VP        ;7;LAGER / PILS / ALE / BLONDE;86;KROMBACHER;DE  ;ALLEMAGNE                               ;395;KROMBACHER BRAUEREI GMBH & CO                               ;0.7299;0;3;24;1678;33;0;1;0;3    ;CARTONS
6829;6829;KROMBACHER PILS 33VP;CARTON X24;20;10;BIERE 20/25/33/35CL VP        ;7;LAGER / PILS / ALE / BLONDE;86;KROMBACHER;DE  ;ALLEMAGNE                               ;395;KROMBACHER BRAUEREI GMBH & CO                               ;0.7295;0.13052;2;24;88;33;4.8;1;0;3    ;CARTONS
6830;6830;KROMBACHER WEIZEN 50VP;CARTON X12;20;13;BIERE 50/60/66 CL VP          ;7;LAGER / PILS / ALE / BLONDE;86;KROMBACHER;DE  ;ALLEMAGNE                               ;395;KROMBACHER BRAUEREI GMBH & CO                               ;0.8572;0.21836;2;12;730;50;5.3;1;0;3    ;CARTONS
6832;6832;EAU ABATILLES PETILLANT 100PET;;60;6;EAUX VC/VP                    ;0;;0;;    ;;457;MONTANER PIETRINI BOISSONS                                  ;0.94;0;3;12;0;100;0;1;0;     ;
6833;6833;LINDEMANS FARO 5° 25VC;LAMBIC SUCREE;20;8;BIERE 25CL VC                 ;14;FRUITEE;42;BRASSERIE LINDEMANS;BE  ;BELGIQUE                                ;13;VANUXEEM BROUWERIJ SA/NV                                    ;1.0505;0.0515;2;24;267;25;5;1;4.5;2    ;CAISSE
6839;6839;LAUGAR ZALDU 37.5VP;WILD NATION SOUR;20;12;BIERE 37.5CL                  ;2;SOUR;192;BRASSERIE LAUGAR;ES  ;ESPAGNE                                 ;334;LAUGAR BREWERY S.L.                                         ;5.2283;0.08343;2;12;41;38;5.4;1;0;3    ;CARTONS
6840;6840;LAUGAR SANDAMENDI 37.5VP;WILD NATION SOUR;20;12;BIERE 37.5CL                  ;2;SOUR;192;BRASSERIE LAUGAR;ES  ;ESPAGNE                                 ;334;LAUGAR BREWERY S.L.                                         ;4.3637;0.08189;2;12;1;38;5.3;1;0;3    ;CARTONS
6865;6865;ARMAGNAC ST VIVANT 70CL;3 ETOILES SOUS ETUI;1;23;ARMAGNAC                      ;0;;0;;    ;;362;SVS LA MARTINIQUAISE BLMHD                                  ;19;0;2;6;9;70;40;1;0;     ;
6869;6869;HAPPY DAY ANANAS 100CL BRIQUE;100% JUS;50;1;JUS DE FRUITS BRIQUES         ;0;;240;RAUCH;    ;;416;RAUCH                                                       ;2.9985;0;3;12;120;100;0;1;0;     ;
6870;6870;HAPPY DAY ORANGE 100CL BRIQUE;100% JUS;50;1;JUS DE FRUITS BRIQUES         ;0;;240;RAUCH;    ;;416;RAUCH                                                       ;2.4805;0;3;12;-62;100;0;1;0;     ;
6871;6871;HAPPY DAY POMME 100CL BRIQUE;100% JUS;50;1;JUS DE FRUITS BRIQUES         ;0;;240;RAUCH;    ;;416;RAUCH                                                       ;1.7775;0;3;12;419;100;0;1;0;     ;
6876;6876;RAUCH NECTAR ABRICOT 20VP;;50;6;JUS DE FRUITS VP/VC/PET       ;0;;240;RAUCH;    ;;416;RAUCH                                                       ;0.6966;0.0713;3;24;778;20;0;1;0;     ;
6878;6878;RAUCH ACE 20VP;;50;6;JUS DE FRUITS VP/VC/PET       ;0;;240;RAUCH;    ;;416;RAUCH                                                       ;0.7357;0.0713;3;24;1610;20;0;1;0;     ;
6879;6879;RAUCH ANANAS 20VP;100% PUR JUS;50;6;JUS DE FRUITS VP/VC/PET       ;0;;240;RAUCH;    ;;416;RAUCH                                                       ;0.95;0;3;24;1153;20;0;1;0;     ;
6880;6880;RAUCH FRAISE 20VP;;50;6;JUS DE FRUITS VP/VC/PET       ;0;;240;RAUCH;    ;;416;RAUCH                                                       ;0.8187;0.0713;3;24;1392;20;0;1;0;     ;
6881;6881;RAUCH MANGUE 20VP;;50;6;JUS DE FRUITS VP/VC/PET       ;0;;240;RAUCH;    ;;416;RAUCH                                                       ;0.7187;0.0713;3;24;6;20;0;1;0;     ;
6884;6884;RAUCH POIRE 20VP;;50;6;JUS DE FRUITS VP/VC/PET       ;0;;240;RAUCH;    ;;416;RAUCH                                                       ;0.7172;0.0428;3;24;521;20;0;1;0;     ;
6885;6885;RAUCH POMME 20VP;100% JUS DE FRUITS;50;6;JUS DE FRUITS VP/VC/PET       ;0;;240;RAUCH;    ;;416;RAUCH                                                       ;0.7614;0;3;24;1391;20;0;1;0;     ;
6886;6886;RAUCH TOMATE 20VP;100% JUS DE FRUITS;50;6;JUS DE FRUITS VP/VC/PET       ;0;;240;RAUCH;    ;;416;RAUCH                                                       ;0.6635;0;3;24;816;20;0;1;0;     ;
6887;6887;BIB 5L ISATIS ROSE;IGP COTES DU TARN;11;7;COTES DU TARN                 ;0;;0;;    ;;270;LES VIGNOBLES GAYREL S.A.S                                  ;14.625;0;2;1;14;500;12.5;1;0;4    ;BIB
6890;6890;MATERIELS DE MANUTENTION;DIABLE ESCALADEUR;89;0;MATERIELS                     ;0;;0;;    ;;145;GIE SELECTOR                                                ;495.3;0;6;1;6;100;0;1;0;     ;
6898;6898;GARAGE INOX OCATA BLUE 30L;IPA FÛT INOX;20;1;BIERE FUT 30L                 ;1;IPA;156;GARAGE BREWING;ES  ;ESPAGNE                                 ;133;CERVECEROS GARAGE SL                                        ;3.95;0.22248;2;30;2070;100;5.4;1;30;1    ;FUT INOX
6903;6903;BASQ LAIA FARMHOUSE ALE 75VP;SAISON;20;15;BIERE 75VP                    ;0;;133;BASQUELAND BREWING PROJECT;ES  ;ESPAGNE                                 ;314;BASQUELAND BREWING PROJECT                                  ;6.3277;0.23484;2;6;8;75;7.6;1;0;3    ;CARTONS
6933;6933;MT SALEVE TZARINE 20L K;RUSSIAN IMPERIAL STOUT;20;2;BIERE FUT 20L                 ;5;STOUT / PORTER;233;BRASSERIE DU MONT SALEVE;FR  ;FRANCE                                  ;400;BRASSERIE DU MONT SALEVE                                    ;5.0511;0.3708;2;20;20;100;9;1;0;5    ;FUT KEYKEG
6938;6938;IPA RATZ 75VP;;20;15;BIERE 75VP                    ;1;IPA;27;BRASSERIE RATZ;FR  ;FRANCE                                  ;57;RATZ BRASSERIE ARTISANALE                                   ;3.3106;0.1854;2;6;76;75;6;1;0;3    ;CARTONS
6958;6958;CRUJI EN FETE;AU COMPTOIR S/PLACE;99;1;PLANCHES                      ;0;;0;;FR  ;FRANCE                                  ;0;;7.7273;0;4;1;0;100;0;1;0;3    ;CARTONS
6959;6959;PUR JUS ORANGE BIO 25VP X15;VITAMONT;50;6;JUS DE FRUITS VP/VC/PET       ;0;;241;VITAMONT;FR  ;FRANCE                                  ;409;VITAMONT                                                    ;1.6464;0;3;15;0;25;0;1;0;3    ;CARTONS
6960;6960;PUR JUS POMME BIO 25VP X15;VITAMONT;50;6;JUS DE FRUITS VP/VC/PET       ;0;;241;VITAMONT;FR  ;FRANCE                                  ;409;VITAMONT                                                    ;1.4918;0;3;15;0;25;0;1;0;3    ;CARTONS
6961;6961;PUR JUS ANANAS BIO 25VP X15;VITAMONT;50;6;JUS DE FRUITS VP/VC/PET       ;0;;241;VITAMONT;FR  ;FRANCE                                  ;409;VITAMONT                                                    ;1.4256;0;3;15;14;25;0;1;0;3    ;CARTONS
6965;6965;PUR JUS TOMATE BIO 25VP;VITAMONT;50;6;JUS DE FRUITS VP/VC/PET       ;0;;241;VITAMONT;FR  ;FRANCE                                  ;409;VITAMONT                                                    ;1.4918;0;3;15;0;25;0;1;0;3    ;CARTONS
6967;6967;TONIC BIO VITAMONT 75VP X6;;40;16;BOISSONS SUCREES VP           ;0;;241;VITAMONT;FR  ;FRANCE                                  ;409;VITAMONT                                                    ;2.635;0;3;6;0;75;0;1;0;3    ;CARTONS
6968;6968;GINGER BIO VITAMONT 75VP;;40;16;BOISSONS SUCREES VP           ;0;;241;VITAMONT;FR  ;FRANCE                                  ;409;VITAMONT                                                    ;2.635;0;3;6;0;75;0;1;0;3    ;CARTONS
6972;6972;VERRE KROMBACHER CONICAL 50CL;BECHER EMPILABLE REF 4010;87;26;VERRERIE                      ;0;;86;KROMBACHER;    ;;395;KROMBACHER BRAUEREI GMBH & CO                               ;1.332;0;2;12;1242;100;0;0;0;3    ;CARTONS
6973;6973;VERRE KROMBACHER CONICAL 25CL;BECHER EMPILABLE REF 4007;87;26;VERRERIE                      ;0;;86;KROMBACHER;    ;;395;KROMBACHER BRAUEREI GMBH & CO                               ;1.284;0;2;12;936;100;0;0;0;3    ;CARTONS
6990;6990;VERRE GARAGE;;87;26;VERRERIE                      ;0;;0;;    ;;133;CERVECEROS GARAGE SL                                        ;1.875;0;2;12;120;100;0;1;0;3    ;CARTONS
7000;7000;LA SUPERBE BLONDE 33VP;BLONDE KOLSH;20;10;BIERE 20/25/33/35CL VP        ;7;LAGER / PILS / ALE / BLONDE;242;LA SUPERBE;FR  ;FRANCE                                  ;411;LA SUPERBE                                                  ;1.6054;0.07342;2;24;61;33;5.4;1;0;3    ;CARTONS
7005;7005;VERRE ROTHAUS 50CL;;87;26;VERRERIE                      ;0;;0;;    ;;104;MD BOISSONS HO BIERE                                        ;2;0;2;6;7;100;0;1;0;3    ;CARTONS
7006;7006;VERRE CONIL 28CL;VERRE TREMPE;87;26;VERRERIE                      ;0;;0;;    ;;412;LEHMANN SA                                                  ;1.25;0;2;12;0;100;0;1;0;3    ;CARTONS
7007;7007;VERRE CONIL 56CL;VERRE TREMPE;87;26;VERRERIE                      ;0;;0;;    ;;412;LEHMANN SA                                                  ;1.4312;0;2;12;0;100;0;1;0;3    ;CARTONS
7012;7012;VERRE JEAN PRIMUS 25CL;;87;26;VERRERIE                      ;0;;2;BRASSERIE HAATCH;    ;;14;BRASSERIE DU COQ HARDI                                      ;1.25;0;2;6;120;100;0;1;0;3    ;CARTONS
7013;7013;VERRE SUPER 8 25CL;;87;26;VERRERIE                      ;0;;2;BRASSERIE HAATCH;    ;;14;BRASSERIE DU COQ HARDI                                      ;1.25;0;2;6;360;100;0;1;0;3    ;CARTONS
7014;7014;VERRE SUPER 8 50CL;;87;26;VERRERIE                      ;0;;2;BRASSERIE HAATCH;    ;;14;BRASSERIE DU COQ HARDI                                      ;2;0;2;6;270;100;0;1;0;3    ;CARTONS
7017;7017;SIROP FRAISE GIFFARD 100CL;;70;0;SIROP                         ;0;;243;GIFFARD;    ;;274;GIFFARD                                                     ;5.36;0;3;6;50;100;0;1;0;     ;
7018;7018;SIROP ANIS GIFFARD 100CL;;70;0;SIROP                         ;0;;243;GIFFARD;    ;;274;GIFFARD                                                     ;4.73;0;3;6;4;100;0;1;0;     ;
7019;7019;SIROP PECHE GIFFARD 100CL;;70;0;SIROP                         ;0;;243;GIFFARD;    ;;274;GIFFARD                                                     ;5.3865;0;3;6;179;100;0;1;0;     ;
7020;7020;SIROP CARAMEL GIFFARD 100CL;;70;0;SIROP                         ;0;;243;GIFFARD;    ;;274;GIFFARD                                                     ;5.823;0;3;6;4;100;0;1;0;     ;
7021;7021;SIROP CERISE GIFFARD 100CL;;70;0;SIROP                         ;0;;243;GIFFARD;    ;;274;GIFFARD                                                     ;5.85;0;3;6;6;100;0;1;0;     ;
7022;7022;SIROP CASSIS GIFFARD 100CL;;70;0;SIROP                         ;0;;243;GIFFARD;    ;;274;GIFFARD                                                     ;6.039;0;3;6;3;100;0;1;0;     ;
7023;7023;SIROP CITRON GIFFARD 100CL;;70;0;SIROP                         ;0;;243;GIFFARD;    ;;274;GIFFARD                                                     ;4.7065;0;3;6;136;100;0;1;0;     ;
7024;7024;SIROP GRENADINE GIFFARD 100CL;;70;0;SIROP                         ;0;;243;GIFFARD;    ;;274;GIFFARD                                                     ;4.3095;0;3;6;112;100;0;1;0;     ;
7025;7025;SIROP MENTHE GIFFARD 100CL;;70;0;SIROP                         ;0;;243;GIFFARD;    ;;274;GIFFARD                                                     ;4.3088;0;3;6;91;100;0;1;0;     ;
7026;7026;SIROP BUBBLE GUM GIFFARD 100CL;;70;0;SIROP                         ;0;;243;GIFFARD;    ;;274;GIFFARD                                                     ;5.5;0;3;6;8;100;0;1;0;     ;
7028;7028;LIQUEUR ANANAS CARAIBES 70CL;GIFFARD;1;41;LIQUEURS CREMES               ;0;;243;GIFFARD;    ;;274;GIFFARD                                                     ;15.1;0;2;6;5;70;20;1;0;     ;
7029;7029;TERRE FAUVE SOUR BADIANE 33VP;;20;10;BIERE 20/25/33/35CL VP        ;2;SOUR;244;BRASSERIE TERRE FAUVE;FR  ;FRANCE                                  ;413;BRASSERIE TERRE FAUVE                                       ;2.3266;0.08158;2;12;48;33;6;1;0;3    ;CARTONS
7030;7030;TERRE FAUVE HIBISCUS ALE 33VP;;20;10;BIERE 20/25/33/35CL VP        ;7;LAGER / PILS / ALE / BLONDE;244;BRASSERIE TERRE FAUVE;FR  ;FRANCE                                  ;413;BRASSERIE TERRE FAUVE                                       ;2.3521;0.06118;2;12;61;33;4.5;0;0;3    ;CARTONS
7031;7031;TERRE FAUVE HIBISCUS ALE 75VP;;20;15;BIERE 75VP                    ;7;LAGER / PILS / ALE / BLONDE;244;BRASSERIE TERRE FAUVE;FR  ;FRANCE                                  ;413;BRASSERIE TERRE FAUVE                                       ;5.4226;0.13905;2;6;23;75;4.5;0;0;3    ;CARTONS
7032;7032;T FAUVE LA MOUSSE TACHE 33VP;ROUGE / GRAPE ALE;20;10;BIERE 20/25/33/35CL VP        ;7;LAGER / PILS / ALE / BLONDE;244;BRASSERIE TERRE FAUVE;FR  ;FRANCE                                  ;413;BRASSERIE TERRE FAUVE                                       ;2.5293;0.08837;2;12;12;33;6.5;1;0;3    ;CARTONS
7033;7033;T FAUVE LA MOUSSE TACHE 75VP;ROUGE / GRAPE ALE;20;15;BIERE 75VP                    ;7;LAGER / PILS / ALE / BLONDE;244;BRASSERIE TERRE FAUVE;FR  ;FRANCE                                  ;413;BRASSERIE TERRE FAUVE                                       ;5.8204;0.20085;2;6;27;75;6.5;0;0;3    ;CARTONS
7035;7035;T FAUVE LYNX ROSE 75VP;GRAPE ALE SYRAH;20;15;BIERE 75VP                    ;7;LAGER / PILS / ALE / BLONDE;244;BRASSERIE TERRE FAUVE;FR  ;FRANCE                                  ;413;BRASSERIE TERRE FAUVE                                       ;5.8604;0.16995;2;6;27;75;5.5;0;0;3    ;CARTONS
7036;7036;TERRE FAUVE HARRY PORTER 33VP;BROWN PORTER;20;10;BIERE 20/25/33/35CL VP        ;5;STOUT / PORTER;244;BRASSERIE TERRE FAUVE;FR  ;FRANCE                                  ;413;BRASSERIE TERRE FAUVE                                       ;2.7064;0.11557;2;12;5;33;8.5;2;0;3    ;CARTONS
7037;7037;TERRE FAUVE HARRY PORTER 75VP;BROWN PORTER;20;15;BIERE 75VP                    ;5;STOUT / PORTER;244;BRASSERIE TERRE FAUVE;FR  ;FRANCE                                  ;413;BRASSERIE TERRE FAUVE                                       ;6.3237;0.26265;2;12;22;75;8.5;1;0;3    ;CARTONS
7038;7038;APEROL SPRITZ 100CL;APERITIF ITALIEN;1;41;LIQUEURS CREMES               ;0;;0;;    ;;259;CAMPARI DISTRIBUTION                                        ;14.125;0;2;6;105;100;12.5;1;0;     ;
7039;7039;JAFFELIN HTES COTES BEAUNE 75C;BOURGOGNE 2020;10;39;BOURGOGNE ROUGE               ;20;VIN ROUGE;246;BOISSET;FR  ;FRANCE                                  ;145;GIE SELECTOR                                                ;17.5976;0;2;6;0;75;13;1;0;3    ;CARTONS
7041;7041;JAFFELIN POMMARD RGE 2019 75CL;COTES DE BEAUNE;10;29;SAINT ESTEPHE                 ;20;VIN ROUGE;246;BOISSET;FR  ;FRANCE                                  ;145;GIE SELECTOR                                                ;33.8476;0;2;6;7;75;13.5;1;0;3    ;CARTONS
7042;7042;JAFFELIN SAVIGNY BEAUNES 75CL;BOURGOGNE 2017;10;39;BOURGOGNE ROUGE               ;20;VIN ROUGE;246;BOISSET;FR  ;FRANCE                                  ;145;GIE SELECTOR                                                ;20.1976;0;2;6;11;75;12.5;1;0;3    ;CARTONS
7043;7043;JAFFELIN NUITS ST GEORGES 75CL;BOURGOGNE 2020;10;39;BOURGOGNE ROUGE               ;20;VIN ROUGE;246;BOISSET;FR  ;FRANCE                                  ;145;GIE SELECTOR                                                ;31.8976;0;2;6;10;75;13.5;1;0;3    ;CARTONS
7044;7044;JAFFELIN GEVREY CHAMBERTIN 75C;VIEILLES VIGNES BOURGOGNE 2020;10;39;BOURGOGNE ROUGE               ;20;VIN ROUGE;246;BOISSET;FR  ;FRANCE                                  ;145;GIE SELECTOR                                                ;37.7476;0;2;6;18;75;13.5;1;0;3    ;CARTONS
7045;7045;CHAT HAUT MADRAC ROUGE 75CL;HAUT MEDOC 2017;10;27;HAUT MEDOC                    ;20;VIN ROUGE;245;BORIE-MANOUX;FR  ;FRANCE                                  ;145;GIE SELECTOR                                                ;11.2949;0;2;6;48;75;13.5;1;0;3    ;CARTONS
7046;7046;JAFFELIN POUILLY FUISSE 75CL;BOURGOGNE BLANC 2021;10;38;BOURGOGNE BLANC               ;20;VIN ROUGE;246;BOISSET;FR  ;FRANCE                                  ;145;GIE SELECTOR                                                ;18.8976;0;2;6;0;75;12.5;1;0;3    ;CARTONS
7047;7047;CHAT BATAILLEY GD CRU 75CL;PAUILLAC 2017;10;32;PAUILLAC                      ;20;VIN ROUGE;245;BORIE-MANOUX;FR  ;FRANCE                                  ;145;GIE SELECTOR                                                ;44.8066;0;2;6;22;75;13.5;1;0;3    ;CARTONS
7049;7049;PATE BIERE TRAPPISTE 180G;A EMPORTER;87;11;TERRINE - BOCAUX - SAUCIS-FROM;0;;0;;FR  ;FRANCE                                  ;13;VANUXEEM BROUWERIJ SA/NV                                    ;4.4074;0;3;12;0;100;0;1;0;3    ;CARTONS
7050;7050;PATE ST BERNARDUS 180G;A EMPORTER;87;11;TERRINE - BOCAUX - SAUCIS-FROM;0;;0;;FR  ;FRANCE                                  ;13;VANUXEEM BROUWERIJ SA/NV                                    ;4.4074;0;3;12;0;100;0;1;0;3    ;CARTONS
7051;7051;RILLETTES DE PORC 180G;;87;11;TERRINE - BOCAUX - SAUCIS-FROM;0;;0;;FR  ;FRANCE                                  ;13;VANUXEEM BROUWERIJ SA/NV                                    ;4.4074;0;3;12;0;100;0;1;0;3    ;CARTONS
7061;7061;LINDEMANS PECHERESSE 25VC;;20;8;BIERE 25CL VC                 ;14;FRUITEE;42;BRASSERIE LINDEMANS;BE  ;BELGIQUE                                ;13;VANUXEEM BROUWERIJ SA/NV                                    ;1.5114;0.01133;2;24;39;25;1.1;1;4.5;2    ;CAISSE
7075;7075;CARAIBOS COCKTAIL MOJITO 100VP;;40;16;BOISSONS SUCREES VP           ;0;;0;;FR  ;FRANCE                                  ;362;SVS LA MARTINIQUAISE BLMHD                                  ;3.9983;0.3563;3;6;22;100;0;1;0;3    ;CARTONS
7076;7076;CARAIBOS NECTAR PLANTEUR 100VP;;40;16;BOISSONS SUCREES VP           ;0;;0;;FR  ;FRANCE                                  ;362;SVS LA MARTINIQUAISE BLMHD                                  ;4.3558;0.2138;3;6;6;100;0;1;0;3    ;CARTONS
7082;7082;CRAK PROSECCO BRUT NATURE 75VP;TENUTA BEMBO ETIQUETTE BEIGE;11;78;VIN MOUSSEUX DE QUALITE       ;0;;195;BRASSERIE CRAK;    ;;353;CRAK BREWERY                                                ;8.9;0;2;6;0;75;11;1;0;     ;
7083;7083;CRAK PROSECCO BRUT 75VP;TENUTA BEMBO ETIQUETTE MAUVE;11;78;VIN MOUSSEUX DE QUALITE       ;0;;195;BRASSERIE CRAK;    ;;353;CRAK BREWERY                                                ;8.25;0;2;6;7;75;11;1;0;     ;
7085;7085;VALS EAU PETILLANTE 33VP;;60;6;EAUX VC/VP                    ;0;;0;;    ;;414;ST MEDARD SOURCE - VALS                                     ;0.75;0;3;24;658;33;0;1;0;     ;
7086;7086;VALS EAU PETILLANTE 75VP;;60;6;EAUX VC/VP                    ;0;;0;;    ;;414;ST MEDARD SOURCE - VALS                                     ;0.9;0;3;12;2328;75;0;1;0;     ;
7088;7088;CRISTALINE JUS PECHE 50CL PET;VENDU ET REPRIS PAR 24BLLES;60;6;EAUX VC/VP                    ;0;;0;;    ;;414;ST MEDARD SOURCE - VALS                                     ;0.6425;0;3;24;0;50;0;1;0;     ;
7089;7089;VALS EAU PETILLANTE 125PET;;60;1;EAUX PET                      ;0;;0;;    ;;414;ST MEDARD SOURCE - VALS                                     ;0.55;0;3;6;0;125;0;1;0;     ;
7090;7090;PAIX DIEU TRPLE 20L   CONS 48€;CONSIGNE 48€;20;2;BIERE FUT 20L                 ;10;TRIPLE;173;BRASSERIE CAULIER;BE  ;BELGIQUE                                ;13;VANUXEEM BROUWERIJ SA/NV                                    ;4.9815;0.412;2;20;0;100;10;0;48;1    ;FUT INOX
7091;7091;NAPPE PAPIER BLANCHE 20X1.20M;;87;1;JETABLES                      ;0;;0;;    ;;16;ISAP                                                        ;12.3749;0;2;20;19;100;0;1;0;     ;
7092;7092;IPA RATZ 33VP;;20;10;BIERE 20/25/33/35CL VP        ;1;IPA;27;BRASSERIE RATZ;FR  ;FRANCE                                  ;57;RATZ BRASSERIE ARTISANALE                                   ;1.5558;0.08158;2;12;88;33;6;1;0;3    ;CARTONS
7094;7094;LINDEMANS FRAMBOISE 1°1 25VC;;20;8;BIERE 25CL VC                 ;0;;42;BRASSERIE LINDEMANS;BE  ;BELGIQUE                                ;13;VANUXEEM BROUWERIJ SA/NV                                    ;1.5773;0.01133;2;24;201;25;1.1;1;4.5;2    ;CAISSE
7116;7116;VERRE BRIQUE HOUSE 25CL;BODEGA;87;26;VERRERIE                      ;0;;212;BRIQUE HOUSE;    ;;374;BRIQUE HOUSE BREWERY                                        ;1.875;0;2;6;0;100;0;1;0;3    ;CARTONS
7117;7117;VERRE BRIQUE HOUSE 50CL;;87;26;VERRERIE                      ;0;;212;BRIQUE HOUSE;    ;;374;BRIQUE HOUSE BREWERY                                        ;2.375;0;2;6;0;100;0;1;0;3    ;CARTONS
7119;7119;SERVIETTES 2 PLIS BLANCHE X50;38X38 REF S20038.50;87;1;JETABLES                      ;0;;0;;    ;;16;ISAP                                                        ;3.4385;0;2;48;11;100;0;1;0;     ;
7136;7136;FRIELS VINTAGE CIDER 30L;;35;1;CIDER FUT                     ;28;CIDRE/  CIDER;249;FRIELS;GB  ;ROYAUME UNI                             ;328;C BEV                                                       ;3.9198;0;2;30;0;100;7.4;1;30;1    ;FUT INOX
7138;7138;VERRE PERONI 50CL;;87;26;VERRERIE                      ;0;;0;;    ;;267;ASAHI SABMILLER BRANDS EUROPE                               ;1.5;0;2;12;540;100;0;1;0;3    ;CARTONS
7139;7139;VERRE COPERES 50CL;;87;26;VERRERIE                      ;0;;0;;    ;;267;ASAHI SABMILLER BRANDS EUROPE                               ;1.5;0;2;6;120;100;0;1;0;3    ;CARTONS
7140;7140;VERRE ASAHI 25CL;;87;26;VERRERIE                      ;0;;0;;    ;;267;ASAHI SABMILLER BRANDS EUROPE                               ;1.5;0;2;6;240;100;0;1;0;3    ;CARTONS
7141;7141;VERRE ASAHI 50CL;;87;26;VERRERIE                      ;0;;0;;    ;;267;ASAHI SABMILLER BRANDS EUROPE                               ;1.5;0;2;6;60;100;0;1;0;3    ;CARTONS
7142;7142;VERRE MEANTIME JUBILEE 50CL;;87;26;VERRERIE                      ;0;;0;;    ;;267;ASAHI SABMILLER BRANDS EUROPE                               ;1.5;0;2;12;120;100;0;1;0;3    ;CARTONS
7149;7149;BALEA GETARIA BIO SS ALC 33VP;BLONDE BASQUE;20;0;BIERES                        ;32;SANS ALCOOL;206;SAS EGARRI EDARIAK;FR  ;FRANCE                                  ;128;SAS EGARRI EDARIAK                                          ;1.9668;0.00952;2;24;0;33;0.7;1;0;3    ;CARTONS
7154;7154;CRUJICOQUES CRUJIFROM 205G X12;REF 495;87;11;TERRINE - BOCAUX - SAUCIS-FROM;0;;0;;FR  ;FRANCE                                  ;415;AVIDOC                                                      ;7.176;0;3;12;50;100;0;1;0;3    ;CARTONS
7160;7160;NIK GOSE BANANAS DE LUXE 33BTE;GOSE BANANE;20;25;BIERE 33/44/50 CL CANETTE     ;9;GOSE;197;BRASSERIE DUCKPOND;SE  ;SUEDE                                   ;350;MIKROFONBRYBRYGGERIET AB DUCKP                              ;4.2563;0.12236;2;24;205;33;9;1;0;3    ;CARTONS
7165;7165;DUCKPOND NAZARE 33BTE;CERISE MANGUE PASSION ANANAS;20;25;BIERE 33/44/50 CL CANETTE     ;0;;197;BRASSERIE DUCKPOND;SE  ;SUEDE                                   ;350;MIKROFONBRYBRYGGERIET AB DUCKP                              ;4.0256;0.12236;2;24;16;33;9;1;0;3    ;CARTONS
7168;7168;LOCATION REMORQUE KROMBACHER;MISE A DISPO A FAIRE SIGNER;91;6;SERVICES LOCATIONS            ;0;;0;;    ;;0;;500;0;2;1;0;100;0;0;0;     ;
7169;7169;HAPPY DAY FRAISE 100CL BRIQUE;;50;1;JUS DE FRUITS BRIQUES         ;0;;240;RAUCH;    ;;416;RAUCH                                                       ;2.0847;0.3563;3;6;147;100;0;1;0;     ;
7170;7170;HAPPY DAY FRUIT PASSION 100CL;PROMO SEPTEMBRE OCTOBRE;50;1;JUS DE FRUITS BRIQUES         ;0;;240;RAUCH;    ;;416;RAUCH                                                       ;2.3988;0.3563;3;6;0;100;0;1;0;     ;
7171;7171;HAPPY DAY GOYAVE 100CL BRIQUE;CONDT X6;50;1;JUS DE FRUITS BRIQUES         ;0;;240;RAUCH;    ;;416;RAUCH                                                       ;1.92;0.3563;3;6;208;100;0;1;0;     ;
7175;7175;RAUCH ORANGE PULPE 20VP;100% JUS DE FRUITS;50;6;JUS DE FRUITS VP/VC/PET       ;0;;240;RAUCH;    ;;416;RAUCH                                                       ;0.84;0;3;24;2155;20;0;1;0;     ;
7177;7177;VERRE RAUCH 20CL;;87;26;VERRERIE                      ;0;;240;RAUCH;    ;;416;RAUCH                                                       ;1.8;0;2;6;72;100;0;1;0;3    ;CARTONS
7178;7178;CARTE DES BOISSONS RAUCH;;87;6;ART. PUB.                     ;0;;240;RAUCH;    ;;416;RAUCH                                                       ;3.6;0;2;6;1020;100;0;1;0;3    ;CARTONS
7179;7179;PLATEAU RAUCH PLASTIQUE NOIR;;87;6;ART. PUB.                     ;0;;240;RAUCH;    ;;416;RAUCH                                                       ;4.8;0;2;6;240;100;0;1;0;3    ;CARTONS
7180;7180;STYLO RAUCH;;87;6;ART. PUB.                     ;0;;240;RAUCH;    ;;416;RAUCH                                                       ;1.8;0;2;6;600;100;0;1;0;3    ;CARTONS
7181;7181;PORTE CLE JAUNE RAUCH;;87;6;ART. PUB.                     ;0;;240;RAUCH;    ;;416;RAUCH                                                       ;1.2;0;2;6;300;100;0;1;0;3    ;CARTONS
7182;7182;VITRINE REFRIGEREE RAUCH GF;GRAND FORMAT MRFVC 4011;89;6;MATERIEL VENTE                ;0;;240;RAUCH;    ;;416;RAUCH                                                       ;958.8;0;6;1;2;100;0;1;0;     ;
7190;7190;POIGNEE OU ROBINET L2PI;;89;6;MATERIEL VENTE                ;0;;0;;    ;;69;L2PI                                                        ;5;0;2;1;2;100;0;1;0;     ;
7191;7191;SIROP ORGEAT GIFFARD 100CL;;70;0;SIROP                         ;0;;243;GIFFARD;    ;;274;GIFFARD                                                     ;4.9545;0;3;6;15;100;0;1;0;     ;
7192;7192;DUPONT TRIOMF TOURBEE BIO 33VC;AMBREE FUMEE;20;9;BIERE 33CL VC                 ;4;AMBREE / ROUSSE / RED ALE;88;BRASSERIE DUPONT;BE  ;BELGIQUE                                ;13;VANUXEEM BROUWERIJ SA/NV                                    ;1.4875;0.08158;2;24;136;33;6;0;4.5;2    ;CAISSE
7193;7193;VERRE STAR CUP 25CL X6;KROMBACHER REF 2039;87;26;VERRERIE                      ;0;;86;KROMBACHER;    ;;395;KROMBACHER BRAUEREI GMBH & CO                               ;1.6041;0;2;6;114;100;0;1;0;3    ;CARTONS
7194;7194;SOUS BOCKS KROMBACHER X480;;87;6;ART. PUB.                     ;0;;86;KROMBACHER;    ;;395;KROMBACHER BRAUEREI GMBH & CO                               ;7.875;0;2;1;0;100;0;1;0;     ;
7195;7195;PARASOL PREMIUM 2M KROMBACHER;REF 3989;89;6;MATERIEL VENTE                ;0;;86;KROMBACHER;    ;;395;KROMBACHER BRAUEREI GMBH & CO                               ;30.45;0;2;1;8;100;0;1;0;     ;
7196;7196;PIED DE PARASOL KROMBACHER;300/8 400/8 REF 3993;89;6;MATERIEL VENTE                ;0;;86;KROMBACHER;    ;;395;KROMBACHER BRAUEREI GMBH & CO                               ;28.75;0;2;1;3;100;0;1;0;     ;
7197;7197;TABLE BEER PONG KROMBACHER;REF 7740;89;6;MATERIEL VENTE                ;0;;86;KROMBACHER;    ;;395;KROMBACHER BRAUEREI GMBH & CO                               ;140;0;2;1;0;100;0;1;0;     ;
7198;7198;LUPULUS HOPERA 33VC;BELGIAN PALE ALE;20;9;BIERE 33CL VC                 ;1;IPA;10;BRASSERIE LUPULUS;BE  ;BELGIQUE                                ;13;VANUXEEM BROUWERIJ SA/NV                                    ;1.6726;0.08158;2;24;121;33;6;1;4.5;2    ;CAISSE
7199;7199;LUPULUS BLANCHE 33VC;;20;9;BIERE 33CL VC                 ;3;BLANCHE;10;BRASSERIE LUPULUS;BE  ;BELGIQUE                                ;13;VANUXEEM BROUWERIJ SA/NV                                    ;1.545;0.06118;2;24;209;33;4.5;1;4.5;2    ;CAISSE
7200;7200;VERRE RATZ 50CL;;87;26;VERRERIE                      ;0;;27;BRASSERIE RATZ;    ;;57;RATZ BRASSERIE ARTISANALE                                   ;2.28;0;2;12;1332;100;0;1;0;3    ;CARTONS
7201;7201;FUET NOISETTES 100G A EMPORTER;A EMPORTER;87;11;TERRINE - BOCAUX - SAUCIS-FROM;0;;0;;    ;;402;J VILA EMBOTITS ARTESANS                                    ;1.61;0;3;1;67;100;0;1;0;     ;
7202;7202;FUET SANGLIER 100G A EMPORTER;A EMPORTER;87;11;TERRINE - BOCAUX - SAUCIS-FROM;0;;0;;    ;;402;J VILA EMBOTITS ARTESANS                                    ;1.61;0;3;1;57;100;0;1;0;     ;
7203;7203;SALCHICHON EXTRA PAYSAN 300G;A EMPORTER;87;11;TERRINE - BOCAUX - SAUCIS-FROM;0;;0;;    ;;402;J VILA EMBOTITS ARTESANS                                    ;5.049;0;3;1;0;100;0;1;0;     ;
7204;7204;SALCHICHON EXTRA P 300G S/PLAC;AU COMPTOIR;87;11;TERRINE - BOCAUX - SAUCIS-FROM;0;;0;;    ;;402;J VILA EMBOTITS ARTESANS                                    ;7.348;0;4;1;0;100;0;1;0;     ;
7217;7217;GIN AMRUT NILGIRIS 70CL;INDIAN DRY GIN;1;38;GIN                           ;0;;0;;IN  ;INDE                                    ;333;LMDW DISTRIBUTION                                           ;22;0;2;6;5;70;42.8;1;0;     ;
7219;7219;STE CRU CHERRY MECANIQUE 33VP;BELGIAN CHERRY ALE;20;10;BIERE 20/25/33/35CL VP        ;14;FRUITEE;136;BRASSERIE SAINTE-CRU;FR  ;FRANCE                                  ;123;BRASSERIE SAINTE-CRU                                        ;2.0102;0.10197;2;24;18;33;7.5;1;0;3    ;CARTONS
7233;7233;MACH A GLACONS CREUX 25KG/24H;RES 8KG COND A AIR GAZ R290;89;0;MATERIELS                     ;0;;0;;    ;;280;EMB-SAGAA                                                   ;1890;0;2;1;0;100;0;1;0;     ;
7252;7252;LA MUETTE MUSSE BOCAGE 33VP;AMBREE;20;10;BIERE 20/25/33/35CL VP        ;4;AMBREE / ROUSSE / RED ALE;250;LA MUETTE;FR  ;FRANCE                                  ;417;LA MUETTE                                                   ;1.8846;0.07614;2;24;0;33;5.6;1;0;3    ;CARTONS
7253;7253;LA MUETTE MUSSE IPA 33VP;;20;10;BIERE 20/25/33/35CL VP        ;8;PALE ALE;250;LA MUETTE;FR  ;FRANCE                                  ;417;LA MUETTE                                                   ;2.1648;0.0843;2;24;72;33;6.2;1;0;3    ;CARTONS
7263;7263;RAUCH ANANAS COCO S/PLACE 20CL;AU COMPTOIR;50;6;JUS DE FRUITS VP/VC/PET       ;0;;0;;    ;;416;RAUCH                                                       ;2;0;4;1;0;20;0;1;0;     ;
7264;7264;CRODINO 17.5CL X24;APERITIF SS ALC 8 PACK DE 3;40;16;BOISSONS SUCREES VP           ;0;;0;;IT  ;ITALIE                                  ;259;CAMPARI DISTRIBUTION                                        ;1.183;0.0624;3;24;96;18;0;1;0;     ;
7267;7267;RAUCH POMME S/PLACE 20CL;AU COMPTOIR;50;6;JUS DE FRUITS VP/VC/PET       ;0;;0;;    ;;416;RAUCH                                                       ;2;0;4;1;0;20;0;1;0;     ;
7272;7272;VERRE CRODINO 43CL;;87;26;VERRERIE                      ;0;;0;;    ;;259;CAMPARI DISTRIBUTION                                        ;2.28;0;2;6;48;100;0;1;0;3    ;CARTONS
7273;7273;VERRE APEROL SPRITZ 45CL;;87;26;VERRERIE                      ;0;;0;;    ;;259;CAMPARI DISTRIBUTION                                        ;2.28;0;2;6;150;100;0;1;0;3    ;CARTONS
7274;7274;VERRE CAMPARI SPRTIZ 58CL;;87;26;VERRERIE                      ;0;;0;;    ;;259;CAMPARI DISTRIBUTION                                        ;2.28;0;2;6;36;100;0;1;0;3    ;CARTONS
7275;7275;CORNHOLE KROMBACHER;REF 7589;89;6;MATERIEL VENTE                ;0;;86;KROMBACHER;    ;;395;KROMBACHER BRAUEREI GMBH & CO                               ;84;0;2;1;0;100;0;0;0;     ;
7276;7276;PARASOL KROMBACHER 400/8;REF 4037;89;6;MATERIEL VENTE                ;0;;86;KROMBACHER;    ;;395;KROMBACHER BRAUEREI GMBH & CO                               ;456.5;0;2;1;2;100;0;1;0;     ;
7289;7289;SPUNKY FRAMBOISE PECHE 25BTE;SOFT LA DEBAUCHE;60;12;EAUX BOITE AROMATISEES        ;32;SANS ALCOOL;191;LA DEBAUCHE;FR  ;FRANCE                                  ;356;BRASSERIE LA DEBAUCHE                                       ;1.56;0;3;12;128;25;0;1;0;3    ;CARTONS
7312;7312;M SALEVE SOUR GINGEMBRE 75CL;SOUR GINGEMBRE;20;15;BIERE 75VP                    ;2;SOUR;233;BRASSERIE DU MONT SALEVE;FR  ;FRANCE                                  ;400;BRASSERIE DU MONT SALEVE                                    ;5.0293;0.12978;2;6;4;75;4.2;1;0;3    ;CARTONS
7313;7313;MT SALEVE NOUVEAUX MONDES 75CL;DIPA HOUBLONS NZ;20;15;BIERE 75VP                    ;1;IPA;233;BRASSERIE DU MONT SALEVE;FR  ;FRANCE                                  ;400;BRASSERIE DU MONT SALEVE                                    ;4.818;0.2472;2;6;2;75;8;1;0;3    ;CARTONS
7314;7314;MONT SALEVE MADEMOISELLE 75VP;HOUBLONS FRANÇAIS;20;15;BIERE 75VP                    ;0;;233;BRASSERIE DU MONT SALEVE;FR  ;FRANCE                                  ;400;BRASSERIE DU MONT SALEVE                                    ;4.7488;0.1854;2;6;21;75;6;1;0;3    ;CARTONS
7335;7335;ASAHI SUPER DRY 5° 16L;;20;6;BIERE FUT 16L/19,5L           ;7;LAGER / PILS / ALE / BLONDE;180;ASAHI;JP  ;JAPON                                   ;272;RHONE BOISSONS                                              ;3.55;0.412;2;16;672;100;5;1;30;1    ;FUT INOX
7337;7337;IPA EFFET PAPILLON 30L INOX;BIO FUT INOX;20;1;BIERE FUT 30L                 ;1;IPA;199;BRASSERIE EFFET PAPILLON;FR  ;FRANCE                                  ;332;BRASSERIE EFFET PAPILLON                                    ;3.85;0.2472;2;30;-30;100;6;1;30;1    ;FUT INOX
7351;7351;VERRE EFFET PAP 25/33CL;CONIL;87;26;VERRERIE                      ;0;;199;BRASSERIE EFFET PAPILLON;    ;;332;BRASSERIE EFFET PAPILLON                                    ;2.3045;0;2;12;0;100;0;1;0;3    ;CARTONS
7352;7352;VERRE EFFET PAP 50CL;CONIL;87;26;VERRERIE                      ;0;;199;BRASSERIE EFFET PAPILLON;    ;;332;BRASSERIE EFFET PAPILLON                                    ;2.8545;0;2;12;0;100;0;1;0;3    ;CARTONS
7353;7353;SOUS BOCKS X1000  PDTS ASAHI;;87;6;ART. PUB.                     ;0;;0;;    ;;267;ASAHI SABMILLER BRANDS EUROPE                               ;14.4;0;2;1;15;100;0;1;0;     ;
7354;7354;VERRE ST STEFANUS 25CL;;87;26;VERRERIE                      ;0;;0;;    ;;267;ASAHI SABMILLER BRANDS EUROPE                               ;1.6;0;2;6;48;100;0;1;0;3    ;CARTONS
7355;7355;VERRE ST STEFANUS 50CL;;87;26;VERRERIE                      ;0;;0;;    ;;267;ASAHI SABMILLER BRANDS EUROPE                               ;1.6;0;2;6;60;100;0;1;0;3    ;CARTONS
7356;7356;VERRE MEANTIME 25CL;CONIC;87;26;VERRERIE                      ;0;;0;;    ;;267;ASAHI SABMILLER BRANDS EUROPE                               ;1.68;0;2;6;150;100;0;1;0;3    ;CARTONS
7357;7357;VERRE MEANTIME 50CL;CONIC;87;26;VERRERIE                      ;0;;0;;    ;;267;ASAHI SABMILLER BRANDS EUROPE                               ;2.16;0;2;6;60;100;0;1;0;3    ;CARTONS
7358;7358;MUSCAT RIVESALTES DLT 75CL;;10;90;MUSCAT                        ;0;;0;;FR  ;FRANCE                                  ;4;METRO                                                       ;6.1;0;2;6;31;75;15.5;1;0;3    ;CARTONS
7361;7361;ROSE OF THE TIGER 75CL;VIN DE FRANCE;10;6;VIN DE FRANCE                 ;21;VIN ROSE;252;CHATEAU TERRE FAUVE SCEA;FR  ;FRANCE                                  ;423;CHATEAU TERRE FAUVE SCEA                                    ;5.13;0;2;6;42;75;11.5;1;0;3    ;CARTONS
7362;7362;GAMAY SANS MA GRIFFE 75CL;VIN DE FRANCE SANS SOUFFRE;10;6;VIN DE FRANCE                 ;20;VIN ROUGE;252;CHATEAU TERRE FAUVE SCEA;FR  ;FRANCE                                  ;423;CHATEAU TERRE FAUVE SCEA                                    ;9.18;0;2;12;0;75;11;1;0;3    ;CARTONS
7363;7363;BYAKKO BLANC DE NOIR 75CL;NEGRETTE;10;6;VIN DE FRANCE                 ;22;VIN BLANC SEC;252;CHATEAU TERRE FAUVE SCEA;FR  ;FRANCE                                  ;423;CHATEAU TERRE FAUVE SCEA                                    ;10.8;0;2;6;18;75;11.5;1;0;3    ;CARTONS
7379;7379;FUET AIL 100G A EMPORTER;A EMPORTER;87;11;TERRINE - BOCAUX - SAUCIS-FROM;0;;0;;    ;;402;J VILA EMBOTITS ARTESANS                                    ;1.61;0;3;1;0;100;0;1;0;     ;
7381;7381;FUET BASILIC 100G A EMPORTER;A EMPORTER;87;11;TERRINE - BOCAUX - SAUCIS-FROM;0;;0;;    ;;402;J VILA EMBOTITS ARTESANS                                    ;1.61;0;3;1;0;100;0;1;0;     ;
7383;7383;TAPIS DE BAR KROMBACHER;REF 3089;87;6;ART. PUB.                     ;0;;86;KROMBACHER;    ;;395;KROMBACHER BRAUEREI GMBH & CO                               ;7.875;0;2;1;-1;100;0;1;0;     ;
7384;7384;TABLEAU ARDOISE KROMBACHER;70X50 NOIRE REF 7602;87;6;ART. PUB.                     ;0;;86;KROMBACHER;    ;;395;KROMBACHER BRAUEREI GMBH & CO                               ;22.55;0;2;1;3;100;0;0;0;     ;
7385;7385;PLATEAU KROMBACHER;REF 7048;87;6;ART. PUB.                     ;0;;86;KROMBACHER;    ;;395;KROMBACHER BRAUEREI GMBH & CO                               ;5.865;0;2;1;0;100;0;0;0;     ;
7400;7400;KIRSCH GUIGNOLET 100CL;;1;41;LIQUEURS CREMES               ;0;;0;;    ;;4;METRO                                                       ;7.925;0;2;6;0;100;15;1;0;     ;
7401;7401;HAPPY DAY CRANBERRY 100CL;BRIQUE CRANBERRY 100CL;50;1;JUS DE FRUITS BRIQUES         ;0;;240;RAUCH;    ;;416;RAUCH                                                       ;2.3042;0.3563;3;6;256;100;0;1;0;     ;
7402;7402;HAPPY DAY TOMATE 100CL BRIQUE;100% JUS;50;1;JUS DE FRUITS BRIQUES         ;0;;240;RAUCH;    ;;416;RAUCH                                                       ;1.8206;0;3;6;0;100;0;1;0;     ;
7403;7403;RATZ TRIPLE 8°5 30L;;20;1;BIERE FUT 30L                 ;10;TRIPLE;27;BRASSERIE RATZ;FR  ;FRANCE                                  ;57;RATZ BRASSERIE ARTISANALE                                   ;3.18;0.3502;2;30;540;100;8.5;1;30;1    ;FUT INOX
7405;7405;TABLE DISPLAY HAPPY DAY;;87;6;ART. PUB.                     ;0;;240;RAUCH;    ;;416;RAUCH                                                       ;3;0;2;6;60;100;0;1;0;3    ;CARTONS
7406;7406;CASQUETTE VIP;;87;6;ART. PUB.                     ;0;;240;RAUCH;    ;;416;RAUCH                                                       ;18;0;2;6;120;100;0;1;0;3    ;CARTONS
7407;7407;POLO NOIR XL HOMME;;87;6;ART. PUB.                     ;0;;240;RAUCH;    ;;416;RAUCH                                                       ;18;0;2;6;60;100;0;1;0;3    ;CARTONS
7408;7408;BEACH BAG HAPPY DAY;;87;6;ART. PUB.                     ;0;;240;RAUCH;    ;;416;RAUCH                                                       ;9.6;0;2;6;6;100;0;1;0;3    ;CARTONS
7409;7409;BOTTLE BOB RAUCH;;87;6;ART. PUB.                     ;0;;240;RAUCH;    ;;416;RAUCH                                                       ;9.6;0;2;6;150;100;0;1;0;3    ;CARTONS
7410;7410;PARASOL RAUCH;;87;6;ART. PUB.                     ;0;;240;RAUCH;    ;;416;RAUCH                                                       ;26;0;2;6;0;100;0;1;0;3    ;CARTONS
7413;7413;RAUCH RAISIN ROUGE 20VP;100% JUS DE FRUITS;50;6;JUS DE FRUITS VP/VC/PET       ;0;;240;RAUCH;    ;;416;RAUCH                                                       ;0.6145;0;3;24;0;20;0;1;0;     ;
7420;7420;CUVEE DES TROLLS 33VC;;20;9;BIERE 33CL VC                 ;0;;20;BRASSERIE DUBUISSON;BE  ;BELGIQUE                                ;13;VANUXEEM BROUWERIJ SA/NV                                    ;1.3388;0.09517;2;24;346;33;7;1;4.5;2    ;CAISSE
7423;7423;LE DETOUR HOPSTAND 75VP X12;IPA;20;15;BIERE 75VP                    ;0;;253;BRASSERIE LE DETOUR;FR  ;FRANCE                                  ;428;BRASSERIE LE DETOUR !                                       ;4.31;0.1854;2;12;63;75;6;1;0;3    ;CARTONS
7424;7424;LE DETOUR DARK PEATED 33VP;STRONG ALE TOURBEE;20;10;BIERE 20/25/33/35CL VP        ;12;BRUNE;253;BRASSERIE LE DETOUR;FR  ;FRANCE                                  ;428;BRASSERIE LE DETOUR !                                       ;2.1581;0.12916;2;24;11;33;9.5;1;0;3    ;CARTONS
7425;7425;LE DETOUR HOPSTAND 33VP;IPA;20;10;BIERE 20/25/33/35CL VP        ;12;BRUNE;253;BRASSERIE LE DETOUR;FR  ;FRANCE                                  ;428;BRASSERIE LE DETOUR !                                       ;2.1208;0.08158;2;24;0;33;6;1;0;3    ;CARTONS
7426;7426;LE DETOUR MANGO 33VP;PALE ALE;20;10;BIERE 20/25/33/35CL VP        ;8;PALE ALE;253;BRASSERIE LE DETOUR;FR  ;FRANCE                                  ;428;BRASSERIE LE DETOUR !                                       ;2.1591;0.07478;2;24;88;33;5.5;1;0;3    ;CARTONS
7427;7427;LE DETOUR PASSION FRUIT 33VP;BERLINER WEISSE;20;10;BIERE 20/25/33/35CL VP        ;0;;253;BRASSERIE LE DETOUR;FR  ;FRANCE                                  ;428;BRASSERIE LE DETOUR !                                       ;2.1932;0.04759;2;24;119;33;3.5;1;0;3    ;CARTONS
7428;7428;LE DETOUR MANGO 75VP X6;PALE ALE;20;15;BIERE 75VP                    ;8;PALE ALE;253;BRASSERIE LE DETOUR;FR  ;FRANCE                                  ;428;BRASSERIE LE DETOUR !                                       ;4.5083;0.16995;2;6;28;75;5.5;1;0;3    ;CARTONS
7430;7430;LE DETOUR MANGO 30L INOX;PALE ALE;20;1;BIERE FUT 30L                 ;8;PALE ALE;253;BRASSERIE LE DETOUR;FR  ;FRANCE                                  ;428;BRASSERIE LE DETOUR !                                       ;4.38;0.2266;2;30;30;100;5.5;1;30;1    ;FUT INOX
7431;7431;LE DETOUR HOPSTAND 30L INOX;IPA;20;1;BIERE FUT 30L                 ;8;PALE ALE;253;BRASSERIE LE DETOUR;FR  ;FRANCE                                  ;428;BRASSERIE LE DETOUR !                                       ;4;0.2472;2;30;0;100;6;1;30;1    ;FUT INOX
7434;7434;PAPIER MOUSSELINE BDX UNITE;75X50CM;87;16;CORBEILLES - COFFRETS- CARTONS;0;;0;;    ;;310;CAV'SERVICE OPLEZIO                                         ;0.125;0;2;1;480;100;0;1;0;     ;
7435;7435;COFF NEW YORK CARTON 1 BLLE;ASPECT LIGNE GRIS TAUP REF1694;87;16;CORBEILLES - COFFRETS- CARTONS;0;;0;;    ;;310;CAV'SERVICE OPLEZIO                                         ;1.302;0;2;1;45;100;0;1;0;     ;
7436;7436;COFF NEW YORK CARTON 2 BLLES;ASPECT LIGNE GRIS TAUP REF1695;87;16;CORBEILLES - COFFRETS- CARTONS;0;;0;;    ;;310;CAV'SERVICE OPLEZIO                                         ;2.756;0;2;1;0;100;0;1;0;     ;
7437;7437;COFF NEW YORK CARTON 3 BLLES;ASPECT LIGNE GRIS TAUP REF1696;87;16;CORBEILLES - COFFRETS- CARTONS;0;;0;;    ;;310;CAV'SERVICE OPLEZIO                                         ;3.211;0;2;1;0;100;0;1;0;     ;
7438;7438;CRACHOIR MINI BACCHUS;PLASTIQUE NOIR 0.50CL REF2354N;87;16;CORBEILLES - COFFRETS- CARTONS;0;;0;;    ;;310;CAV'SERVICE OPLEZIO                                         ;8.19;0;2;1;0;100;0;1;0;     ;
7439;7439;SAC ESPRIT ECO PAPIER KRAFT;NOIR CABAS 32X12341 REF4625;87;16;CORBEILLES - COFFRETS- CARTONS;0;;0;;    ;;310;CAV'SERVICE OPLEZIO                                         ;0.546;0;2;1;100;100;0;1;0;     ;
7444;7444;DEB DEMI MONDAINE RHUM 33CL;IMP STOUT RHUM;20;10;BIERE 20/25/33/35CL VP        ;6;BARREL AGED;191;LA DEBAUCHE;FR  ;FRANCE                                  ;356;BRASSERIE LA DEBAUCHE                                       ;4.224;0.14956;2;12;2;33;11;1;0;3    ;CARTONS
7453;7453;CALEYA HURRY UP 44BTE;DDH IPA;20;25;BIERE 33/44/50 CL CANETTE     ;1;IPA;235;CALEYA;ES  ;ESPAGNE                                 ;403;CALEYA CERVEZA S.L.                                         ;3.0541;0.11964;2;16;0;44;6.6;0;0;3    ;CARTONS
7454;7454;CALEYA TOO YOUNG TOO DIE 44BTE;DDH IPA;20;25;BIERE 33/44/50 CL CANETTE     ;1;IPA;235;CALEYA;ES  ;ESPAGNE                                 ;403;CALEYA CERVEZA S.L.                                         ;3.0541;0.11964;2;16;0;44;6.6;1;0;3    ;CARTONS
7458;7458;FEVER TREE TONIC WATER 50CL VP;PREMIUM 100% NATUREL;40;16;BOISSONS SUCREES VP           ;0;;0;;    ;;430;SOLINEST / FEVER TREE                                       ;2.7786;0.1069;3;8;121;50;0;1;0;     ;
7463;7463;TENUTA BEMBO X CRAK 33CL;GRAPE GOSE;20;25;BIERE 33/44/50 CL CANETTE     ;9;GOSE;195;BRASSERIE CRAK;IT  ;ITALIE                                  ;353;CRAK BREWERY                                                ;2.323;0.06798;2;24;0;33;5;1;0;3    ;CARTONS
7487;7487;DEBAUCHE CINDY BUNNY 30L INOX;FUT INOX TRIPLE;20;1;BIERE FUT 30L                 ;10;TRIPLE;191;LA DEBAUCHE;FR  ;FRANCE                                  ;356;BRASSERIE LA DEBAUCHE                                       ;3.9559;0.3502;2;30;30;100;8.5;1;30;1    ;FUT INOX
7488;7488;DEBAUCHE DOUBLE BELGE 30L INOX;FUT INOX AMBREE;20;1;BIERE FUT 30L                 ;4;AMBREE / ROUSSE / RED ALE;191;LA DEBAUCHE;FR  ;FRANCE                                  ;356;BRASSERIE LA DEBAUCHE                                       ;3.67;0.2884;2;30;300;100;7;1;30;1    ;FUT INOX
7498;7498;PIGGY BROWN FOX 30L K;BROWN ALE;20;1;BIERE FUT 30L                 ;4;AMBREE / ROUSSE / RED ALE;137;THE PIGGY BREWING COMPAGNY;FR  ;FRANCE                                  ;125;THE PIGGY BREWING COMPANY                                   ;4.45;0.206;2;30;60;100;5;1;0;5    ;FUT KEYKEG
7500;7500;VERRE PIGGY;;87;26;VERRERIE                      ;0;;137;THE PIGGY BREWING COMPAGNY;    ;;125;THE PIGGY BREWING COMPANY                                   ;1.65;0;2;12;72;100;0;1;0;3    ;CARTONS
7501;7501;SOUS BOCKS PIGGY;;87;6;ART. PUB.                     ;0;;137;THE PIGGY BREWING COMPAGNY;    ;;125;THE PIGGY BREWING COMPANY                                   ;5.5;0;2;1;3;100;0;1;0;     ;
7505;7505;CHIPS DE SARRAZIN 120G;ARTISANALES CUITES AU CHAUDRON;87;21;BISCUITS - CHOCOLATS - CHIPS  ;0;;0;;FR  ;FRANCE                                  ;376;SARL LES CHIPS DE L'AVEYRON                                 ;3.078;0;3;20;8;100;0;1;0;3    ;CARTONS
7506;7506;CHIPS PESTO 125G;ARTISANALES CUITES AU CHAUDRON;87;21;BISCUITS - CHOCOLATS - CHIPS  ;0;;0;;FR  ;FRANCE                                  ;376;SARL LES CHIPS DE L'AVEYRON                                 ;2.0115;0;3;20;13;100;0;1;0;3    ;CARTONS
7507;7507;CHIPS ROQUEFORT 100G;ARTISANALES CUITES AU CHAUDRON;87;21;BISCUITS - CHOCOLATS - CHIPS  ;0;;0;;FR  ;FRANCE                                  ;376;SARL LES CHIPS DE L'AVEYRON                                 ;2.0615;0;3;20;13;100;0;1;0;3    ;CARTONS
7508;7508;MURETAINE FELIX 20L INOX;AMBREE TOURBÉE AU MIEL;20;2;BIERE FUT 20L                 ;4;AMBREE / ROUSSE / RED ALE;238;VEILLEUR DE BIERES /MURETAINE;FR  ;FRANCE                                  ;407;LE VEILLEUR DE BIERES                                       ;3.952;0.2472;2;20;40;100;6;0;30;1    ;FUT INOX
7516;7516;MT SALEVE VOODOO CHILD 75CL VP;STOUT BANANE VIN BERGERAC;20;15;BIERE 75VP                    ;5;STOUT / PORTER;233;BRASSERIE DU MONT SALEVE;FR  ;FRANCE                                  ;400;BRASSERIE DU MONT SALEVE                                    ;7.8479;0.2472;2;6;12;75;8;0;0;3    ;CARTONS
7519;7519;JAMBON CENTRO GRAN RESERVA;AU KILO DESOSSE;87;11;TERRINE - BOCAUX - SAUCIS-FROM;0;;0;;    ;;436;TC EMBUTIDOS                                                ;20.28;0;3;1;0;100;0;1;0;     ;
7521;7521;META ALL MY CIRCUITS 75CL VP;RYE SAISON;20;15;BIERE 75VP                    ;11;SAISON;255;META ;ES  ;ESPAGNE                                 ;435;META EDABEAK SL                                             ;5.346;0.1854;2;6;3;75;6;1;0;3    ;CARTONS
7527;7527;META KOKY 75CL VP;GRISETTE ABRICOT;20;15;BIERE 75VP                    ;2;SOUR;255;META ;ES  ;ESPAGNE                                 ;435;META EDABEAK SL                                             ;7.26;0.14492;2;6;0;75;4.69;1;0;3    ;CARTONS
7538;7538;LES SABLIERES ROUGE 75CL;COTES DU RHONES;11;46;COTES DU RHONE                ;20;VIN ROUGE;256;DOMAINE DES ESCARAVAILLES ;    ;;437;DOMAINE DES ESCARAVAILLES                                   ;7.55;0;2;6;-1;75;14;1;0;     ;
7539;7539;RASTEAU CLASSIQUE ROUGE 75CL;DOM. DES ESCARAVAILLES 2021;11;46;COTES DU RHONE                ;20;VIN ROUGE;256;DOMAINE DES ESCARAVAILLES ;    ;;437;DOMAINE DES ESCARAVAILLES                                   ;8.7;0;2;6;0;75;14;1;0;     ;
7540;7540;CAIRANNE LE VENTABREN RGE 75CL;DOM. DES ESCARAVAILLES 2020;11;46;COTES DU RHONE                ;20;VIN ROUGE;256;DOMAINE DES ESCARAVAILLES ;    ;;437;DOMAINE DES ESCARAVAILLES                                   ;9.85;0;2;6;2;75;14.5;1;0;     ;
7541;7541;RASTEAU CLASSIQUE ROUGE 150CL;DOM. DES ESCARAVAILLES 2021;11;46;COTES DU RHONE                ;20;VIN ROUGE;256;DOMAINE DES ESCARAVAILLES ;    ;;437;DOMAINE DES ESCARAVAILLES                                   ;22;0;2;1;0;150;14;1;0;     ;
7544;7544;DE RANKE GRAPEVINE 75VC;LAMBIC AU RAISIN BLANC;20;14;BIERE 75VC                    ;13;LAMBIC;16;BRASSERIE DE RANKE;BE  ;BELGIQUE                                ;13;VANUXEEM BROUWERIJ SA/NV                                    ;8.9346;0.20085;2;6;33;75;6.5;1;0.2;3    ;CARTONS
7545;7545;PANNEPOT VINTAGE 2022  33VP;BRUNE FORTE DES FLANDRES;20;10;BIERE 20/25/33/35CL VP        ;12;BRUNE;104;BRASSERIE DE STRUISE;BE  ;BELGIQUE                                ;13;VANUXEEM BROUWERIJ SA/NV                                    ;2.5673;0.13596;2;24;36;33;10;1;0;3    ;CARTONS
7548;7548;LA SENNE BRUXELLENSIS 33VC;BRETT PALE ALE;20;9;BIERE 33CL VC                 ;2;SOUR;7;BRASSERIE DE LA SENNE;BE  ;BELGIQUE                                ;13;VANUXEEM BROUWERIJ SA/NV                                    ;2.0389;0.08837;2;24;116;33;6.5;1;7;2    ;CAISSE
7549;7549;VERRE BONS VOEUX DUPONT 33CL;;87;26;VERRERIE                      ;0;;0;;    ;;13;VANUXEEM BROUWERIJ SA/NV                                    ;2;0;2;6;0;100;0;1;0;3    ;CARTONS
7550;7550;CHOPE GILDENBIER;;87;26;VERRERIE                      ;0;;0;;    ;;3;ETS FICHEL                                                  ;2.04;0;2;12;48;100;0;1;0;3    ;CARTONS
7551;7551;TAPIS DE BAR PRIMUS;;87;6;ART. PUB.                     ;0;;86;KROMBACHER;    ;;395;KROMBACHER BRAUEREI GMBH & CO                               ;7.875;0;2;1;4;100;0;1;0;     ;
7552;7552;GILDENBIER SCOTCH 30L;BRUNE;20;1;BIERE FUT 30L                 ;12;BRUNE;2;BRASSERIE HAATCH;BE  ;BELGIQUE                                ;14;BRASSERIE DU COQ HARDI                                      ;2.4905;0.5768;2;30;360;100;7;0;30;1    ;FUT INOX
7554;7554;SIROP FRAMBOISE GIFFARD 100CL;;70;0;SIROP                         ;0;;243;GIFFARD;    ;;274;GIFFARD                                                     ;5.85;0;3;6;6;100;0;1;0;     ;
7555;7555;SIROP MANGUE GIFFARD 100CL;;70;0;SIROP                         ;0;;243;GIFFARD;    ;;274;GIFFARD                                                     ;5.95;0;3;6;3;100;0;1;0;     ;
7556;7556;SIROP KIWI GIFFARD 100CL;;70;0;SIROP                         ;0;;243;GIFFARD;    ;;274;GIFFARD                                                     ;5.7;0;3;6;0;100;0;1;0;     ;
7558;7558;SIROP VANILLE GIFFARD 100CL;;70;0;SIROP                         ;0;;243;GIFFARD;    ;;274;GIFFARD                                                     ;6.6;0;3;6;7;100;0;1;0;     ;
7559;7559;SIROP GINGEMBRE GIFFARD 100CL;;70;0;SIROP                         ;0;;243;GIFFARD;    ;;274;GIFFARD                                                     ;5.85;0;3;6;11;100;0;1;0;     ;
7560;7560;SIROP SAVEUR RHUM GIFFARD 100C;;70;0;SIROP                         ;0;;243;GIFFARD;    ;;274;GIFFARD                                                     ;5.9;0;3;6;6;100;0;1;0;     ;
7562;7562;EFFET PAP DOUBLE BELGE 75VP;BIO;20;15;BIERE 75VP                    ;4;AMBREE / ROUSSE / RED ALE;199;BRASSERIE EFFET PAPILLON;FR  ;FRANCE                                  ;332;BRASSERIE EFFET PAPILLON                                    ;3.8017;0.23175;2;6;18;75;7.5;1;0;3    ;CARTONS
7564;7564;EFFET PAP DOUBLE BELGE 33VP;BIO;20;10;BIERE 20/25/33/35CL VP        ;4;AMBREE / ROUSSE / RED ALE;199;BRASSERIE EFFET PAPILLON;FR  ;FRANCE                                  ;332;BRASSERIE EFFET PAPILLON                                    ;1.9618;0.10197;2;12;-23;33;7.5;1;0;3    ;CARTONS
7566;7566;WH ROZELIEURES SUBTIL 70CL;SINGLE MALT;1;62;WHISKY                        ;31;LEGEREMENT TOURBE;0;;FR  ;FRANCE                                  ;257;DUGAS                                                       ;29.9;0;2;3;0;70;40;1;0;     ;
7567;7567;WH ROZELIEURES EXCEPTION 70CL;FUT UNIQUE VIN ROUGE SUD OUEST;1;62;WHISKY                        ;31;LEGEREMENT TOURBE;0;;FR  ;FRANCE                                  ;257;DUGAS                                                       ;42.2;0;2;3;1;70;43;1;0;     ;
7569;7569;WHISKY COPPER DOG 70CL;BLENDED MALT ECOSSE;1;63;WHISKY ECOSSAIS               ;0;;0;;GB  ;ROYAUME UNI                             ;257;DUGAS                                                       ;21;0;2;6;6;70;40;1;0;     ;
7570;7570;WH TOMATIN 12A MONBAZILLAC 70C;CASKS 2008 SINGLE MALT 2008;1;63;WHISKY ECOSSAIS               ;0;;0;;SF  ;ECOSSE                                  ;257;DUGAS                                                       ;69.05;0;2;6;1;70;46;1;0;     ;
7574;7574;GIN CACAO ETHICAL SPIRITS 50CL;CACAO ETHIC;1;38;GIN                           ;0;;0;;IT  ;ITALIE                                  ;257;DUGAS                                                       ;27;0;2;6;2;50;46;1;0;     ;
7579;7579;TETE DE BELIER RGE 2020 300CL;PUECH HAUT JEROBOAM EN CAISSE;10;73;AOC LANGUEDOC                 ;20;VIN ROUGE;217;CHATEAU PUECH-HAUT;FR  ;FRANCE                                  ;384;CHATEAU PUECH-HAUT                                          ;156;0;2;1;0;300;15.5;1;0;     ;
7583;7583;WHISKY BORDERS MALT & RYE 70CL;BLENDED SINGLE GRAIN & MALT;1;63;WHISKY ECOSSAIS               ;0;;0;;SF  ;ECOSSE                                  ;257;DUGAS                                                       ;31.4;0;2;6;1;70;40;1;0;     ;
7584;7584;CHATEAU DE LAVAGNAC 2018  75CL;AOC BORDEAUX SUPERIEUR;10;15;BORDEAUX                      ;20;VIN ROUGE;0;;    ;;377;MAISON RIVIERE SAS                                          ;5.3449;0;2;6;132;75;13.5;1;0;     ;
7585;7585;LE PETIT MENUTS ROUGE 75CL;2020 AOC ST EMILION;10;21;SAINT EMILION                 ;20;VIN ROUGE;0;;    ;;377;MAISON RIVIERE SAS                                          ;7.8696;0;2;6;56;75;13.5;1;0;     ;
7586;7586;CHATEAU FORT LIGNAC ROUGE 75CL;2017 AOC HAUT MEDOC;10;27;HAUT MEDOC                    ;20;VIN ROUGE;0;;    ;;377;MAISON RIVIERE SAS                                          ;6.1146;0;2;6;74;75;13;1;0;     ;
7587;7587;CHATEAU DE CALLAC ROUGE 75CL;2019 AOC GRAVES;10;33;GRAVES ROUGES                 ;20;VIN ROUGE;0;;    ;;377;MAISON RIVIERE SAS                                          ;6.9246;0;2;6;83;75;14;1;0;     ;
7588;7588;LA DEVISE DE LILIAN ROUGE 75CL;2020 AOC ST ESTEPHE;10;29;SAINT ESTEPHE                 ;20;VIN ROUGE;0;;    ;;377;MAISON RIVIERE SAS                                          ;13.3333;0;2;6;226;75;14.5;1;0;     ;
7590;7590;LES VERRIERS BLANC 2021  75CL;IGP ST GUILHEM LE DESERT;11;0;VINS PERMANENTS               ;22;VIN BLANC SEC;236;DOMAINE DE VILLENEUVE;    ;;404;DOMAINE DE VILLENEUVE                                       ;6.0075;0;2;6;0;75;13.5;1;0;     ;
7591;7591;MAGNUM CHANT DES ROCHES 150CL;DOM VILLENEUVE AOC PIC ST LOUP;11;72;PIC ST LOUP                   ;20;VIN ROUGE;236;DOMAINE DE VILLENEUVE;    ;;404;DOMAINE DE VILLENEUVE                                       ;36.369;0;2;1;4;150;13.5;1;0;     ;
7592;7592;SAKE KAMOIZUMI ZOKA 72CL;;1;42;ALCOOL DE RIZ                 ;0;;0;;JP  ;JAPON                                   ;257;DUGAS                                                       ;18.5;0;2;6;2;72;16;1;0;     ;
7593;7593;LIQUEUR YUZUSHU SEKITOBA 72CL;ÉLABORÉE AVEC JUS DE YUZU+SAKE;1;41;LIQUEURS CREMES               ;0;;0;;JP  ;JAPON                                   ;257;DUGAS                                                       ;20.55;0;2;6;2;72;14.3;1;0;     ;
7595;7595;RHUM EL PROHIBIDO 15A 70CL;;1;2;RHUMS TIERS                   ;0;;0;;MX  ;MEXIQUE                                 ;257;DUGAS                                                       ;29.95;0;2;6;2;70;40;1;0;     ;
7599;7599;COFF WH ELIJAH CRAIG +2V 70CL;SMALL BATCH BOURBON AMERICAIN;1;74;WHISKY IRLANDAIS              ;0;;0;;    ;;257;DUGAS                                                       ;35.9;0;2;6;4;70;47;1;0;3    ;CARTONS
7605;7605;COF WH THE BUSKER + 2V 70CL;SINGLE MALT;1;74;WHISKY IRLANDAIS              ;0;;0;;IE  ;IRLANDE                                 ;257;DUGAS                                                       ;32;0;2;6;4;70;44.3;1;0;     ;
7608;7608;WH VILANOVA TERROCITA 70CL;SINGLE MALT TOURBE TARNAIS;1;62;WHISKY                        ;30;TOURBE;0;;FR  ;FRANCE                                  ;438;DISTILLERIE CASTAN SAS                                      ;42.8;0;2;6;0;70;46;1;0;     ;
7609;7609;WH VILANOVA ARGILE 70CL;SINGLE MALT TOURBE TARNAIS;1;62;WHISKY                        ;30;TOURBE;0;;FR  ;FRANCE                                  ;438;DISTILLERIE CASTAN SAS                                      ;42.8;0;2;6;4;70;46;1;0;     ;
7610;7610;WH VILANOVA GILBERT SIGNAT 70C;SINGLE MALT FRUITE TARNAIS;1;62;WHISKY                        ;30;TOURBE;0;;FR  ;FRANCE                                  ;438;DISTILLERIE CASTAN SAS                                      ;48.4;0;2;6;3;70;48;1;0;     ;
7613;7613;RH DON PAPA BAROKO   20CL;MINI CONDITIONNEMENT;1;2;RHUMS TIERS                   ;0;;0;;    ;;257;DUGAS                                                       ;12.9;0;2;24;9;20;40;1;0;     ;
7614;7614;CYCLIC GRISETTE 20L KEYKEG;GRISETTE;20;2;BIERE FUT 20L                 ;11;SAISON;215;CYCLIC;ES  ;ESPAGNE                                 ;382;CYCLIC BEER FARM                                            ;4.14;0.15656;2;20;40;100;3.8;0;0;5    ;FUT KEYKEG
7620;7620;COUPE VENT KROMBACHER;;87;6;ART. PUB.                     ;0;;86;KROMBACHER;    ;;395;KROMBACHER BRAUEREI GMBH & CO                               ;40.25;0;2;1;0;100;0;0;0;     ;
7621;7621;BONNET KROMBACHER;;87;6;ART. PUB.                     ;0;;86;KROMBACHER;    ;;395;KROMBACHER BRAUEREI GMBH & CO                               ;11.5;0;2;1;0;100;0;0;0;     ;
7622;7622;JAGERMEISTER MANIFEST 38° 50CL;;1;41;LIQUEURS CREMES               ;0;;0;;    ;;251;SL MAJOR                                                    ;18;0;2;6;0;50;38;1;0;     ;
7623;7623;SAMBUCA MOLINARI EXTRA 70CL;LIQUEUR ANISEE;1;41;LIQUEURS CREMES               ;0;;0;;IT  ;ITALIE                                  ;251;SL MAJOR                                                    ;16.3;0;2;6;11;70;40;1;0;     ;
7624;7624;LIQUEUR CHERRY HEERING 70CL;;1;41;LIQUEURS CREMES               ;0;;0;;DK  ;DANEMARK                                ;251;SL MAJOR                                                    ;19;0;2;6;1;70;24;1;0;     ;
7625;7625;GIN FERDINAND S SAAR 50CL;;1;38;GIN                           ;0;;0;;DE  ;ALLEMAGNE                               ;251;SL MAJOR                                                    ;27.6;0;2;6;4;50;44;1;0;     ;
7626;7626;COFF GIN FERDINAND S 50CL+ 2V;;1;38;GIN                           ;0;;0;;DE  ;ALLEMAGNE                               ;251;SL MAJOR                                                    ;27.6;0;2;1;2;50;44;1;0;     ;
7627;7627;GIN SUL 50CL;;1;38;GIN                           ;0;;0;;DE  ;ALLEMAGNE                               ;251;SL MAJOR                                                    ;27.6;0;2;6;4;50;43;1;0;     ;
7628;7628;COF GIN BLOSSOM GD RES 70CL+2V;;1;38;GIN                           ;0;;0;;    ;;251;SL MAJOR                                                    ;28.9;0;2;1;2;70;40;1;0;     ;
7629;7629;WH BUNNAHABHAIN 12A 70CL;SINGLE MALT NON FILTRE;1;63;WHISKY ECOSSAIS               ;0;;0;;    ;;333;LMDW DISTRIBUTION                                           ;52.5;0;2;6;2;70;46.3;1;0;     ;
7630;7630;WHISKY MIYAGIKYO 70CL;SINGLE MALT;1;63;WHISKY ECOSSAIS               ;0;;0;;JP  ;JAPON                                   ;333;LMDW DISTRIBUTION                                           ;45;0;2;6;0;70;45;1;0;     ;
7631;7631;VERMOUTH DEL PROFESSORE 75CL;ROSSO;1;8;VERMOUTHS                     ;0;;0;;IT  ;ITALIE                                  ;333;LMDW DISTRIBUTION                                           ;26;0;2;6;3;75;18;1;0;     ;
7632;7632;WHISKY MACARTHUR S 70CL;SELECT SCOTCH WHISKY;1;62;WHISKY                        ;0;;0;;SF  ;ECOSSE                                  ;333;LMDW DISTRIBUTION                                           ;12.2;0;2;6;0;70;40;1;0;     ;
7634;7634;COF WH THE EPICUREAN + 2V 70CL;BLENDED MALT WHISKY;1;62;WHISKY                        ;0;;0;;    ;;333;LMDW DISTRIBUTION                                           ;29.8;0;2;1;1;70;46.2;1;0;     ;
7636;7636;WHISKY LEFORT 70CL;BLENDED MALT;1;62;WHISKY                        ;0;;0;;FR  ;FRANCE                                  ;333;LMDW DISTRIBUTION                                           ;19.2;0;2;6;3;70;42;1;0;     ;
7638;7638;WH LAGOMORPHE TERRES ST V 70CL;SINGLE MALT;1;62;WHISKY                        ;0;;0;;FR  ;FRANCE                                  ;333;LMDW DISTRIBUTION                                           ;39.9;0;2;6;0;70;45.6;1;0;     ;
7639;7639;DEBAUCHE IPA 30L INOX;IPA;20;1;BIERE FUT 30L                 ;1;IPA;191;LA DEBAUCHE;FR  ;FRANCE                                  ;356;BRASSERIE LA DEBAUCHE                                       ;3.82;0.2472;2;30;60;100;6;1;30;1    ;FUT INOX
7640;7640;PATE DEBAUCHE NEVERMORE 180G;PORC + BIERE STOUT;87;11;TERRINE - BOCAUX - SAUCIS-FROM;0;;0;;FR  ;FRANCE                                  ;356;BRASSERIE LA DEBAUCHE                                       ;3.978;0;3;12;149;100;0;1;0;3    ;CARTONS
7648;7648;BOUCHONS VINOLOK CRISTAL;VIN / VERRE REF 2845;87;27;CARAFES + ART VINS SPIRITUEUX ;0;;0;;    ;;310;CAV'SERVICE OPLEZIO                                         ;2.226;0;2;1;0;100;0;1;0;     ;
7650;7650;SUPERBE PARADISCO 30L KK;IPA NELSON STRATA;20;1;BIERE FUT 30L                 ;1;IPA;242;LA SUPERBE;FR  ;FRANCE                                  ;411;LA SUPERBE                                                  ;4.65;0.2472;2;30;30;100;6;1;0;5    ;FUT KEYKEG
7653;7653;COF A WHISKY 70CL+2V GLENCAIRN;VILANOVA   VENDU VIDE;87;16;CORBEILLES - COFFRETS- CARTONS;0;;0;;FR  ;FRANCE                                  ;438;DISTILLERIE CASTAN SAS                                      ;11.7;0;2;1;0;100;0;1;0;     ;
7666;7666;SUPERBE PARADISCO 44CL BTE;NEIPA;20;25;BIERE 33/44/50 CL CANETTE     ;1;IPA;242;LA SUPERBE;FR  ;FRANCE                                  ;411;LA SUPERBE                                                  ;2.9197;0.10877;2;24;170;44;6;1;0;3    ;CARTONS
7674;7674;RIO AZUL CABRALOCA BOCK 30L KK;GLUTEN FREE;20;1;BIERE FUT 30L                 ;4;AMBREE / ROUSSE / RED ALE;219;RIO AZUL ;ES  ;ESPAGNE                                 ;387;RIO AZUL BREWING                                            ;4.6;0.2472;2;30;60;100;6;0;0;5    ;FUT KEYKEG
7675;7675;KROMBACHER WEIZEN 30L FUT INOX;WEIZEN BIERE DE BLÉ;20;1;BIERE FUT 30L                 ;3;BLANCHE;86;KROMBACHER;DE  ;ALLEMAGNE                               ;395;KROMBACHER BRAUEREI GMBH & CO                               ;2.4;0.43672;2;30;600;100;5.3;1;30;1    ;FUT INOX
7676;7676;EFFET PAPILLON NEIPA 30L INOX;RUPTURE;20;1;BIERE FUT 30L                 ;1;IPA;199;BRASSERIE EFFET PAPILLON;FR  ;FRANCE                                  ;332;BRASSERIE EFFET PAPILLON                                    ;4.13;0.2472;2;30;60;100;6;0;30;1    ;FUT INOX
7677;7677;JAGERMEISTER 35 CL;;1;41;LIQUEURS CREMES               ;0;;0;;    ;;251;SL MAJOR                                                    ;8.6;0;2;1;0;35;35;1;0;     ;
7678;7678;CLOS DES COCUS 2017 75CL;CHT FRESNE AOP COT LAYON FAYE;11;50;ANJOU                         ;25;VIN BLANC LIQUOREUX;225;CHATEAU DU FRESNE;    ;;392;CHATEAU DU FRESNE                                           ;21.32;0;2;6;22;75;12.5;1;0;     ;
7679;7679;FUZETEA PECHE 125CL PET;;40;1;BOISSONS SUCREES PET          ;0;;0;;    ;;4;METRO                                                       ;2.0683;0.0509;3;6;0;125;0;1;0;     ;
7681;7681;POWERADE ICE STORM 50CLPET;BLEU;40;1;BOISSONS SUCREES PET          ;0;;0;;    ;;441;SOCIETE LAVIDA                                              ;1.2993;0.1781;3;12;498;50;0;1;0;     ;
7688;7688;CAMBIER NEW FRENCH IPA 44BTE;;20;25;BIERE 33/44/50 CL CANETTE     ;0;;232;BRASSERIE CAMBIER;FR  ;FRANCE                                  ;399;CAMBIER SAS ARTISAN BRASSEUR                                ;3.2135;0.11783;2;24;0;44;6.5;1;0;3    ;CARTONS
7690;7690;RAUCH JUS CITRON JAUNE 100 PET;100% PUR JUS;50;1;JUS DE FRUITS BRIQUES         ;0;;240;RAUCH;    ;;416;RAUCH                                                       ;2.95;0;3;6;130;100;0;1;0;     ;
7692;7692;GROLSCH WEIZENBIER 19,5L;BLANCHE TROUBLE;20;6;BIERE FUT 16L/19,5L           ;3;BLANCHE;180;ASAHI;    ;;272;RHONE BOISSONS                                              ;65.3;8.19468;2;1;36;1950;5.1;1;30;1    ;FUT INOX
7711;7711;MT SALEVE MADEMOISELLE 33CL;IPA HOUBLONS FRANCAIS;20;10;BIERE 20/25/33/35CL VP        ;1;IPA;233;BRASSERIE DU MONT SALEVE;FR  ;FRANCE                                  ;400;BRASSERIE DU MONT SALEVE                                    ;2.3634;0.08158;2;24;48;33;6;1;0;3    ;CARTONS
7728;7728;CHAT BERTRAND TRAD ROSE 75CL;AOC CORBIERES;10;69;CORBIERES BLLE                ;21;VIN ROSE;226;DOMAINE LONGUEROCHE;    ;;47;DOMAINE DE LONGUEROCHE                                      ;4.86;0;2;6;-6;75;13;1;0;     ;
7731;7731;CALEYA CATASTROFONIC 44CL;DDH IPA;20;25;BIERE 33/44/50 CL CANETTE     ;1;IPA;235;CALEYA;ES  ;ESPAGNE                                 ;403;CALEYA CERVEZA S.L.                                         ;3.0923;0.11421;2;16;0;44;6.3;0;0;3    ;CARTONS
7739;7739;VERRE PAULANER 50CL;;87;26;VERRERIE                      ;0;;0;;    ;;104;MD BOISSONS HO BIERE                                        ;2;0;2;6;6;100;0;1;0;3    ;CARTONS
7740;7740;VERRE WEIHENSTEPHAN VITUS;;87;26;VERRERIE                      ;0;;0;;    ;;104;MD BOISSONS HO BIERE                                        ;2;0;2;6;6;100;0;1;0;3    ;CARTONS
7750;7750;TROPICO ORIGINAL 33BTE;;40;21;BOISSONS SUCREES BTE          ;0;;0;;    ;;4;METRO                                                       ;0.78;0.0706;3;24;0;33;0;1;0;     ;
7751;7751;KROMBACHER DUNKEL AMBRÉE 30L;DARK NON FILTREE;20;1;BIERE FUT 30L                 ;4;AMBREE / ROUSSE / RED ALE;86;KROMBACHER;DE  ;ALLEMAGNE                               ;395;KROMBACHER BRAUEREI GMBH & CO                               ;2.4;0.43672;2;30;510;100;5.3;1;30;1    ;FUT INOX
7752;7752;BASQUELAND LITE 33CLBTE;LITE LAGER;20;25;BIERE 33/44/50 CL CANETTE     ;7;LAGER / PILS / ALE / BLONDE;133;BASQUELAND BREWING PROJECT;ES  ;ESPAGNE                                 ;314;BASQUELAND BREWING PROJECT                                  ;1.4231;0.04759;2;24;110;33;3.5;0;0;3    ;CARTONS
7758;7758;VERRE KROMBACHER EXCLUSIF 25CL;FLUTE REF 2021;87;26;VERRERIE                      ;0;;86;KROMBACHER;    ;;395;KROMBACHER BRAUEREI GMBH & CO                               ;1.8;0;2;6;-12;100;0;0;0;3    ;CARTONS
7759;7759;CRUCHE CHOPE EXCLUSIVE 50CL;SEIDEL;87;6;ART. PUB.                     ;0;;86;KROMBACHER;    ;;395;KROMBACHER BRAUEREI GMBH & CO                               ;2.34;0;2;6;0;100;0;1;0;     ;
7760;7760;CHOPE 1L AVEC ANSES STRASBOURG;;87;6;ART. PUB.                     ;0;;86;KROMBACHER;    ;;395;KROMBACHER BRAUEREI GMBH & CO                               ;3.8958;0;2;6;0;100;0;1;0;     ;
7761;7761;CARAFE KROMBACHER 1,5L PITCHER;2530;87;6;ART. PUB.                     ;0;;86;KROMBACHER;    ;;395;KROMBACHER BRAUEREI GMBH & CO                               ;21.6;0;2;1;27;100;0;0;0;     ;
7762;7762;STYLO A BILLE;;87;6;ART. PUB.                     ;0;;86;KROMBACHER;    ;;395;KROMBACHER BRAUEREI GMBH & CO                               ;0.45;0;2;10;0;100;0;1;0;     ;
7763;7763;CHEMISE POLO KROMBACHER XL;REF 7183;87;6;ART. PUB.                     ;0;;86;KROMBACHER;    ;;395;KROMBACHER BRAUEREI GMBH & CO                               ;11.475;0;2;1;4;100;0;1;0;     ;
7764;7764;ENSEIGNE METAL VINTAGE;;89;6;MATERIEL VENTE                ;0;;86;KROMBACHER;    ;;395;KROMBACHER BRAUEREI GMBH & CO                               ;12.375;0;2;1;0;100;0;1;0;     ;
7765;7765;PLAQUE METALLIQUE KROMBACHER;;89;6;MATERIEL VENTE                ;0;;86;KROMBACHER;    ;;395;KROMBACHER BRAUEREI GMBH & CO                               ;12.375;0;2;1;-2;100;0;1;0;     ;
7766;7766;CARNET DE NOTE KROMBACHER;;87;6;ART. PUB.                     ;0;;86;KROMBACHER;    ;;395;KROMBACHER BRAUEREI GMBH & CO                               ;12.5;0;2;1;0;100;0;1;0;     ;
7767;7767;PORTE SOUS BOCK BOIS KROMB;;87;6;ART. PUB.                     ;0;;86;KROMBACHER;    ;;395;KROMBACHER BRAUEREI GMBH & CO                               ;6.525;0;2;1;0;100;0;1;0;     ;
7770;7770;HOPPY ROAD POW WOW 33CL BTE;WEST COAST IPA;20;25;BIERE 33/44/50 CL CANETTE     ;0;;200;BRASSERIE HOPPY ROAD;FR  ;FRANCE                                  ;357;HOPPY ROAD SAS                                              ;2.0211;0.09653;2;24;144;33;7.1;1;0;3    ;CARTONS
7772;7772;FEVER TREE GINGER BEER 50CL VP;PREMIUM 100% NATUREL;40;16;BOISSONS SUCREES VP           ;0;;0;;    ;;430;SOLINEST / FEVER TREE                                       ;2.7788;0.1781;3;8;62;50;0;1;0;     ;
7776;7776;VERRE DETOUR 56CL;;87;26;VERRERIE                      ;0;;253;BRASSERIE LE DETOUR;    ;;428;BRASSERIE LE DETOUR !                                       ;3.996;0;2;12;96;100;0;1;0;3    ;CARTONS
7777;7777;EFFET PAPILLON PILS 33VP;BIO;20;10;BIERE 20/25/33/35CL VP        ;7;LAGER / PILS / ALE / BLONDE;199;BRASSERIE EFFET PAPILLON;FR  ;FRANCE                                  ;332;BRASSERIE EFFET PAPILLON                                    ;1.5694;0.06118;2;12;-30;33;4.5;1;0;3    ;CARTONS
7778;7778;EFFET PAPILLON NEIPA 33VP;BIO;20;10;BIERE 20/25/33/35CL VP        ;0;;199;BRASSERIE EFFET PAPILLON;FR  ;FRANCE                                  ;332;BRASSERIE EFFET PAPILLON                                    ;2.1014;0.08158;2;12;95;33;6;1;0;3    ;CARTONS
7779;7779;EFFET PAP WHEAT ALE 33VP X12;BLANCHE CITRON VERVEINE BIO;20;10;BIERE 20/25/33/35CL VP        ;3;BLANCHE;199;BRASSERIE EFFET PAPILLON;FR  ;FRANCE                                  ;332;BRASSERIE EFFET PAPILLON                                    ;1.9728;0.06118;2;12;66;33;4.5;1;0;3    ;CARTONS
7780;7780;EFFET PAPILLON NEIPA 75VP;NEIPA NELSON SAUVIN;20;15;BIERE 75VP                    ;1;IPA;199;BRASSERIE EFFET PAPILLON;FR  ;FRANCE                                  ;332;BRASSERIE EFFET PAPILLON                                    ;4.396;0.1854;2;6;0;75;6;1;0;3    ;CARTONS
7781;7781;EFFET PAPILLON PILS 75VP;BIO;20;15;BIERE 75VP                    ;8;PALE ALE;199;BRASSERIE EFFET PAPILLON;FR  ;FRANCE                                  ;332;BRASSERIE EFFET PAPILLON                                    ;3.7999;0.13905;2;6;40;75;4.5;1;0;3    ;CARTONS
7787;7787;DEBAUCHE HAZY DIAMOND 30L INOX;SOUR PASSION;20;1;BIERE FUT 30L                 ;2;SOUR;191;LA DEBAUCHE;FR  ;FRANCE                                  ;356;BRASSERIE LA DEBAUCHE                                       ;4.6;0.206;2;30;210;100;5;1;30;1    ;FUT INOX
7791;7791;ST GERMAIN 70CL;LIQUEUR DE PLANTES;1;41;LIQUEURS CREMES               ;0;;0;;    ;;4;METRO                                                       ;34.1144;0;2;6;0;70;20;1;0;     ;
7807;7807;CABEZA DE LOMO;;87;11;TERRINE - BOCAUX - SAUCIS-FROM;0;;0;;    ;;436;TC EMBUTIDOS                                                ;22.36;0;3;1;0;100;0;1;0;     ;
7809;7809;SIROP VIOLETTE GIFFARD 100CL;VIOLETTE;70;0;SIROP                         ;0;;243;GIFFARD;    ;;274;GIFFARD                                                     ;5.8;0;3;6;8;100;0;1;0;     ;
7810;7810;JACK DANIELS HONEY 70CL;BOURBON MIEL;1;71;BOURBON                       ;0;;0;;    ;;4;METRO                                                       ;20.7584;0;2;6;5;70;35;1;0;     ;
7811;7811;FUET CANARD 100G A EMPORTER;A EMPORTER;87;11;TERRINE - BOCAUX - SAUCIS-FROM;0;;0;;    ;;402;J VILA EMBOTITS ARTESANS                                    ;1.61;0;3;1;6;100;0;1;0;     ;
7813;7813;RAUCH JUS CITRON VERT 100CL;100% JUS;50;1;JUS DE FRUITS BRIQUES         ;0;;240;RAUCH;    ;;416;RAUCH                                                       ;2.95;0;3;6;40;100;0;1;0;     ;
7828;7828;COF WH TOKINOKA +2 VERRES 50CL;BLEND;1;62;WHISKY                        ;0;;0;;JP  ;JAPON                                   ;257;DUGAS                                                       ;29;0;2;1;4;50;40;1;0;     ;
7829;7829;RHUM DOS MADERAS 5+3  70CL;;1;2;RHUMS TIERS                   ;0;;0;;ES  ;ESPAGNE                                 ;257;DUGAS                                                       ;25.1;0;2;6;4;70;37.5;1;0;     ;
7832;7832;TEQUILA CORRALEJO REPOSADO 70C;4 MOIS FÛTS DE CHENE;1;56;TEQUILA                       ;0;;0;;MX  ;MEXIQUE                                 ;257;DUGAS                                                       ;27;0;2;1;2;70;38;1;0;     ;
7833;7833;RHUM ANGOSTURA 1824 70CL;;1;2;RHUMS TIERS                   ;0;;0;;TT  ;TRINIDAD & TOBAGO                       ;257;DUGAS                                                       ;43.4;0;2;1;3;70;40;1;0;     ;
7834;7834;RHUM ANGOSTURA 1787  70CL;;1;2;RHUMS TIERS                   ;0;;0;;TT  ;TRINIDAD & TOBAGO                       ;257;DUGAS                                                       ;59.9;0;2;1;1;70;40;1;0;     ;
7840;7840;CROQUE MUSICAL;3 UNITES;99;1;PLANCHES                      ;0;;0;;    ;;388;FRANCE FRAIS OCCITANIE                                      ;6;0;4;1;-4;100;0;1;0;     ;
7845;7845;DEBAUCHE NINA BLANCA 30L KEYKE;KEYKEG BLANCHE;20;1;BIERE FUT 30L                 ;2;SOUR;191;LA DEBAUCHE;FR  ;FRANCE                                  ;356;BRASSERIE LA DEBAUCHE                                       ;3.2634;0.206;2;30;60;100;5;0;0;5    ;FUT KEYKEG
7846;7846;OGEU GAZEUSE 33CL VC X20;PFL111362 INTENSE VC;60;6;EAUX VC/VP                    ;0;;0;;    ;;100000;OGEU DIFFUSION                                              ;0.9342;0;3;20;1357;33;0;1;8.8;2    ;CAISSE
7847;7847;L'INTENSE OGEU CANETTE 33BTE;PFL110586 EAU GAZEUSE;60;11;EAUX BTE                      ;0;;0;;    ;;100000;OGEU DIFFUSION                                              ;0.55;0;3;24;626;33;0;1;0;     ;
7848;7848;OGEU GAZEUSE 75CL VP;PFL110681 CARTON 75CL VP;60;6;EAUX VC/VP                    ;0;;0;;    ;;100000;OGEU DIFFUSION                                              ;1.668;0;3;12;37;75;0;1;0;     ;
7849;7849;DETOUR PASSION BERLINER 30L KK;SOUR FRUIT PASSION;20;1;BIERE FUT 30L                 ;2;SOUR;253;BRASSERIE LE DETOUR;FR  ;FRANCE                                  ;428;BRASSERIE LE DETOUR !                                       ;4.75;0.1442;2;30;0;100;3.5;1;0;5    ;FUT KEYKEG
7854;7854;PLAISIR DU JOUR BLANC 75CL;MAS DE L'ONCLE;10;72;PIC ST LOUP                   ;22;VIN BLANC SEC;0;;    ;;460;MAS DE L ONCLE                                              ;7.4;0;2;6;0;75;13;1;0;     ;
7855;7855;LIMONADE OGEU 100 CL PET;PFL321208 LIMONADE PLASTIQUE;40;1;BOISSONS SUCREES PET          ;0;;0;;    ;;100000;OGEU DIFFUSION                                              ;0.8902;0.2138;3;6;312;100;0;1;0;     ;
7856;7856;KASKAD GINGER PET 1L;;40;16;BOISSONS SUCREES VP           ;0;;0;;    ;;100000;OGEU DIFFUSION                                              ;1.7269;0.2138;3;6;83;100;0;1;0;     ;
7857;7857;KASKAD TONIC ORIG PET 1L;;40;16;BOISSONS SUCREES VP           ;0;;0;;    ;;100000;OGEU DIFFUSION                                              ;1.5391;0.2138;3;6;145;100;0;1;0;     ;
7873;7873;OGEU EAU PLATE 75VP;PFL120155 CARTON VP;60;6;EAUX VC/VP                    ;0;;0;;    ;;100000;OGEU DIFFUSION                                              ;1.668;0;3;12;348;75;0;1;0;     ;
7874;7874;KROMBACHER PILS 50CL VP X12;;20;13;BIERE 50/60/66 CL VP          ;7;LAGER / PILS / ALE / BLONDE;86;KROMBACHER;DE  ;ALLEMAGNE                               ;395;KROMBACHER BRAUEREI GMBH & CO                               ;0.8667;0.19776;2;12;0;50;4.8;1;0;3    ;CARTONS
7875;7875;VERRE SINUS 50CL;REF 2029;87;26;VERRERIE                      ;0;;86;KROMBACHER;    ;;395;KROMBACHER BRAUEREI GMBH & CO                               ;2.2916;0;2;6;30;100;0;1;0;3    ;CARTONS
7876;7876;CASQUETTE BASEBALL KROMBACHER;REF 2916;87;6;ART. PUB.                     ;0;;86;KROMBACHER;    ;;395;KROMBACHER BRAUEREI GMBH & CO                               ;1.92;0;2;1;30;100;0;0;0;3    ;CARTONS
7877;7877;T SHIRT UNISEX KROMB XXL;;87;6;ART. PUB.                     ;0;;86;KROMBACHER;    ;;395;KROMBACHER BRAUEREI GMBH & CO                               ;13.225;0;2;1;0;100;0;1;0;     ;
7878;7878;T SHIRT UNISEX KROMB XXXL;;87;6;ART. PUB.                     ;0;;86;KROMBACHER;    ;;395;KROMBACHER BRAUEREI GMBH & CO                               ;13.225;0;2;1;-5;100;0;1;0;     ;
7879;7879;TRANSAT KROMBACHER;;87;6;ART. PUB.                     ;0;;86;KROMBACHER;    ;;395;KROMBACHER BRAUEREI GMBH & CO                               ;22.55;0;2;1;-2;100;0;1;0;     ;
7880;7880;PLAID KROMBACHER;;87;6;ART. PUB.                     ;0;;86;KROMBACHER;    ;;395;KROMBACHER BRAUEREI GMBH & CO                               ;26.62;0;2;1;0;100;0;1;0;     ;
7882;7882;UPSIDE DOWN HARRY IPA 19,5L;ASAHI IPA;20;6;BIERE FUT 16L/19,5L           ;1;IPA;180;ASAHI;    ;;272;RHONE BOISSONS                                              ;79.5;9.48012;2;1;20;1950;5.9;1;30;1    ;FUT INOX
7887;7887;HOPPY ROAD BRUTAL MONKEY 33CL;DOUBLE NEIPA;20;25;BIERE 33/44/50 CL CANETTE     ;1;IPA;200;BRASSERIE HOPPY ROAD;FR  ;FRANCE                                  ;357;HOPPY ROAD SAS                                              ;2.167;0.10877;2;24;144;33;8;1;0;3    ;CARTONS
7888;7888;HOPPY ROAD BRUTAL MONKEY 30L;DIPA KEYKEG;20;1;BIERE FUT 30L                 ;1;IPA;200;BRASSERIE HOPPY ROAD;FR  ;FRANCE                                  ;357;HOPPY ROAD SAS                                              ;5.0378;0.3296;2;30;0;100;8;1;0;5    ;FUT KEYKEG
7896;7896;GDM SUPER SOUR FRAMBOISE 20L;SOUR FRAMBOISE;20;2;BIERE FUT 20L                 ;2;SOUR;48;BRASSERIE GUE DES MOINES;FR  ;FRANCE                                  ;282;SAS PAILLE FREYBURGER                                       ;3.9625;0.23896;2;20;220;100;5.8;1;30;1    ;FUT INOX
7909;7909;PARALLELE IPA 33CL;IPA SANS ALCOOL;20;10;BIERE 20/25/33/35CL VP        ;1;IPA;0;;FR  ;FRANCE                                  ;465;LES BRASSEURS PARALLELES                                    ;2.0502;0.0136;3;12;461;33;0.4;1;0;3    ;CARTONS
7910;7910;PARALLELE BLANCHE 33CL;BLANCHE SANS ALCOOL;20;10;BIERE 20/25/33/35CL VP        ;3;BLANCHE;0;;FR  ;FRANCE                                  ;465;LES BRASSEURS PARALLELES                                    ;2.0502;0.0136;3;12;37;33;0.3;1;0;3    ;CARTONS
7911;7911;PARALLELE BLONDE 33CL;BLONDE SANS ALCOOL;20;10;BIERE 20/25/33/35CL VP        ;7;LAGER / PILS / ALE / BLONDE;0;;FR  ;FRANCE                                  ;465;LES BRASSEURS PARALLELES                                    ;2.0501;0.0136;3;12;213;33;0.3;1;0;3    ;CARTONS
7912;7912;PARALLELE HOUBLONADE 33CL;EAU CITRON HOUBLON SABRO;60;12;EAUX BOITE AROMATISEES        ;0;;0;;FR  ;FRANCE                                  ;465;LES BRASSEURS PARALLELES                                    ;1.7677;0;3;12;0;33;0;1;0;3    ;CARTONS
7913;7913;FEVER PINK GRAPEFRUIT 20 CL VP;PAMPLEMOUSSE;40;16;BOISSONS SUCREES VP           ;0;;0;;    ;;430;SOLINEST / FEVER TREE                                       ;1.149;0.0428;3;24;131;20;0;1;0;     ;
7914;7914;GINGER ALE FEVER TREE 20CL;NOUVELLE REFERENCE;40;16;BOISSONS SUCREES VP           ;0;;0;;    ;;430;SOLINEST / FEVER TREE                                       ;1.149;0.0428;3;24;223;20;0;1;0;     ;
7918;7918;CAMBIER FRUITS ROUGES 44CL BTE;PASTRY SOUR;20;25;BIERE 33/44/50 CL CANETTE     ;0;;232;BRASSERIE CAMBIER;FR  ;FRANCE                                  ;399;CAMBIER SAS ARTISAN BRASSEUR                                ;4.0872;0.11058;2;24;0;44;6.1;1;0;3    ;CARTONS
7920;7920;TERRE FAUVE SOUR HIBISCUS 30L;SOUR HIBISCUS;20;1;BIERE FUT 30L                 ;14;FRUITEE;244;BRASSERIE TERRE FAUVE;FR  ;FRANCE                                  ;413;BRASSERIE TERRE FAUVE                                       ;4.2216;0.1854;2;30;210;100;4.5;0;30;1    ;FUT INOX
7925;7925;META ERBI BEGI 75CL VP;GRAPE ALE;20;15;BIERE 75VP                    ;0;;255;META ;ES  ;ESPAGNE                                 ;435;META EDABEAK SL                                             ;7.315;0.16995;2;6;7;75;5.5;1;0;3    ;CARTONS
7926;7926;EFFET PAP BRETT COING 33CL;BOUTEILLE ALIENOR;20;10;BIERE 20/25/33/35CL VP        ;0;;199;BRASSERIE EFFET PAPILLON;FR  ;FRANCE                                  ;332;BRASSERIE EFFET PAPILLON                                    ;3.542;0.08837;2;12;5;33;6.5;1;0;3    ;CARTONS
7931;7931;WHISKY BOWMORE 12A 70CL;;1;63;WHISKY ECOSSAIS               ;30;TOURBE;0;;GB  ;ROYAUME UNI                             ;257;DUGAS                                                       ;33.5012;0;2;6;0;70;40;1;0;     ;
7933;7933;RHUM NEISSON LE VIEUX 70CL;;1;2;RHUMS TIERS                   ;0;;0;;MQ  ;MARTINIQUE                              ;333;LMDW DISTRIBUTION                                           ;52.5;0;2;6;0;70;45;1;0;     ;
7938;7938;BASQUELAND HERO HAZY IPA 33CL;HAZY IPA SANS ALCOOL;20;25;BIERE 33/44/50 CL CANETTE     ;0;;133;BASQUELAND BREWING PROJECT;FR  ;FRANCE                                  ;314;BASQUELAND BREWING PROJECT                                  ;2.0824;0.0136;3;24;51;33;0.5;1;0;3    ;CARTONS
7946;7946;STIGBERGETS EXISTENS 44CL;HAZY IPA;20;25;BIERE 33/44/50 CL CANETTE     ;1;IPA;258;STIGBERGETS BRYGGERI;SE  ;SUEDE                                   ;466;STIGBERGETS BRYGGERI                                        ;3.3773;0.10696;2;24;0;44;5.9;1;0;3    ;CARTONS
7948;7948;STIGBERGETS ALBATROS 44CL;NEIPA;20;25;BIERE 33/44/50 CL CANETTE     ;1;IPA;258;STIGBERGETS BRYGGERI;SE  ;SUEDE                                   ;466;STIGBERGETS BRYGGERI                                        ;3.7515;0.1269;2;24;73;44;7;1;0;3    ;CARTONS
7950;7950;STIGBER NEW AND IMPROVED 44CL;NEIPA PERMANENTE;20;25;BIERE 33/44/50 CL CANETTE     ;1;IPA;258;STIGBERGETS BRYGGERI;SE  ;SUEDE                                   ;466;STIGBERGETS BRYGGERI                                        ;3.3773;0.11783;2;24;0;44;6.5;1;0;3    ;CARTONS
7951;7951;STIG APA AMARILLO CITRA 33BTE;BIERE PERMANENTE;20;25;BIERE 33/44/50 CL CANETTE     ;0;;258;STIGBERGETS BRYGGERI;SE  ;SUEDE                                   ;466;STIGBERGETS BRYGGERI                                        ;2.2522;0.0707;2;24;-1;33;5.2;1;0;3    ;CARTONS
7953;7953;STIGBERGETS DUBBELNELSON 44CL;DOUBLE NEIPA;20;25;BIERE 33/44/50 CL CANETTE     ;1;IPA;258;STIGBERGETS BRYGGERI;SE  ;SUEDE                                   ;466;STIGBERGETS BRYGGERI                                        ;3.618;0.15409;2;24;0;44;8.5;1;0;3    ;CARTONS
7954;7954;STIGBERGETS WEST COAST 33CL;NEIPA PERMANENTE;20;25;BIERE 33/44/50 CL CANETTE     ;0;;258;STIGBERGETS BRYGGERI;SE  ;SUEDE                                   ;466;STIGBERGETS BRYGGERI                                        ;2.6612;0.08837;2;24;31;33;6.5;1;0;3    ;CARTONS
7969;7969;MACHINE A GLACONS CREUX;PROD 55KG/24H / COND A AIR;89;0;MATERIELS                     ;0;;0;;    ;;280;EMB-SAGAA                                                   ;2530;0;2;1;0;100;0;1;0;     ;
7972;7972;RHUM CED MANGUE ROMARIN 70CL;BERGAMOTE;1;5;RHUMS DOMS                    ;0;;0;;    ;;257;DUGAS                                                       ;19.95;0;2;3;0;70;32;1;0;     ;
7973;7973;SAKE RYUSEI NAGOMI 72CL;;1;42;ALCOOL DE RIZ                 ;0;;0;;JP  ;JAPON                                   ;257;DUGAS                                                       ;19.7998;0;2;6;1;72;16;1;0;     ;
7974;7974;SAKE ZUIKAN 72CL;;1;42;ALCOOL DE RIZ                 ;0;;0;;JP  ;JAPON                                   ;257;DUGAS                                                       ;21.1108;0;2;6;1;72;12;1;0;     ;
7975;7975;GIN BAIGUR SAIGON 70CL;;1;38;GIN                           ;0;;0;;VN  ;VIETNAM                                 ;257;DUGAS                                                       ;32.9;0;2;6;0;70;43;1;0;     ;
7976;7976;STRAIGHT BOURBON MAKER 70CL;MARK CLASSIC;1;71;BOURBON                       ;0;;0;;US  ;ETATS-UNIS D'AMERIQUE                   ;257;DUGAS                                                       ;21.7727;0;2;6;0;70;45;1;0;     ;
7978;7978;CALVADOS COQUEREL C FAUVE 70CL;;1;26;CALVADOS                      ;0;;0;;    ;;257;DUGAS                                                       ;27;0;2;6;2;50;41.2;1;0;     ;
7981;7981;GRAPES OF THE TIGER BLANC 75CL;;10;6;VIN DE FRANCE                 ;22;VIN BLANC SEC;252;CHATEAU TERRE FAUVE SCEA;FR  ;FRANCE                                  ;423;CHATEAU TERRE FAUVE SCEA                                    ;5.4;0;2;6;10;75;11.5;1;0;3    ;CARTONS
7987;7987;SWEAT A CAPUCHE STREET WEAR;REF 7351 7352 7353;87;6;ART. PUB.                     ;0;;86;KROMBACHER;    ;;395;KROMBACHER BRAUEREI GMBH & CO                               ;32.16;0;2;1;6;100;0;1;0;     ;
7989;7989;VERRE BOTTE 1.5L KROMBACHER;REF 2549;87;26;VERRERIE                      ;0;;86;KROMBACHER;    ;;395;KROMBACHER BRAUEREI GMBH & CO                               ;34.2;0;2;1;0;100;0;1;0;3    ;CARTONS
7990;7990;PARASOL KROMBACHER 400X400;REF 4033;89;6;MATERIEL VENTE                ;0;;86;KROMBACHER;    ;;395;KROMBACHER BRAUEREI GMBH & CO                               ;375.6;0;2;1;0;100;0;0;0;     ;
7991;7991;PIED PARASOL KROMB PRISE TERRE;400X400 EXPORT REF 4035;89;6;MATERIEL VENTE                ;0;;86;KROMBACHER;    ;;395;KROMBACHER BRAUEREI GMBH & CO                               ;28.572;0;2;1;1;100;0;1;0;     ;
7992;7992;PIED PARASOL SOCLE 100X25X14;400X400 REF 4036;89;6;MATERIEL VENTE                ;0;;86;KROMBACHER;    ;;395;KROMBACHER BRAUEREI GMBH & CO                               ;40.836;0;2;1;1;100;0;1;0;     ;
7993;7993;MIROIR VINTAGE "BRAUHAUS";REF 7001;87;26;VERRERIE                      ;0;;86;KROMBACHER;    ;;395;KROMBACHER BRAUEREI GMBH & CO                               ;31.56;0;2;1;0;100;0;1;0;3    ;CARTONS
7994;7994;CARTE TABLE A6 ARDOISE BOIS KR;REF 7601;87;26;VERRERIE                      ;0;;86;KROMBACHER;    ;;395;KROMBACHER BRAUEREI GMBH & CO                               ;7.68;0;2;1;0;100;0;1;0;3    ;CARTONS
7995;7995;BLOC RESERVE BOIS KROMBACHER;REF 7603;87;26;VERRERIE                      ;0;;86;KROMBACHER;    ;;395;KROMBACHER BRAUEREI GMBH & CO                               ;7.68;0;2;1;-15;100;0;0;0;3    ;CARTONS
7996;7996;GRAND TAPIS DE BAR;REF 7611;87;6;ART. PUB.                     ;0;;86;KROMBACHER;    ;;395;KROMBACHER BRAUEREI GMBH & CO                               ;6.12;0;2;1;20;100;0;1;0;     ;
7999;7999;OGEU GAZEUSE INTENSE 100CL PET;LITRE PLASTIQUE;60;1;EAUX PET                      ;0;;0;;    ;;100000;OGEU DIFFUSION                                              ;0.869;0;3;6;180;100;0;1;0;     ;
8003;8003;BASQUELAND ARTOA 44CL BTE;LAGER COLLAB META;20;25;BIERE 33/44/50 CL CANETTE     ;0;;133;BASQUELAND BREWING PROJECT;ES  ;ESPAGNE                                 ;314;BASQUELAND BREWING PROJECT                                  ;2.8861;0.08339;2;16;16;44;4.6;0;0;3    ;CARTONS
8010;8010;ST CRU CHERRY MECANIQUE 30L;BIERE CERISE KEYKEG;20;1;BIERE FUT 30L                 ;0;;136;BRASSERIE SAINTE-CRU;FR  ;FRANCE                                  ;123;BRASSERIE SAINTE-CRU                                        ;3.2;0.309;2;30;300;100;7.5;0;0;5    ;FUT KEYKEG
8011;8011;ZINNEBIER 33CL VC CAISSE 7€;PALE ALE;20;9;BIERE 33CL VC                 ;8;PALE ALE;7;BRASSERIE DE LA SENNE;BE  ;BELGIQUE                                ;13;VANUXEEM BROUWERIJ SA/NV                                    ;1.6523;0.07886;2;24;71;33;5.8;1;7;2    ;CAISSE
8012;8012;TABLE PIQUE NIQUE EXTERIEUR;;89;6;MATERIEL VENTE                ;0;;0;;    ;;4;METRO                                                       ;243.334;0;6;1;0;100;0;1;0;     ;
8016;8016;LIQUEUR AMARETTO GIFFARD 70CL;;1;41;LIQUEURS CREMES               ;0;;243;GIFFARD;    ;;274;GIFFARD                                                     ;12;0;2;6;33;70;25;1;0;     ;
8017;8017;LIMONCELLO GIFFARD 70CL;;1;41;LIQUEURS CREMES               ;0;;243;GIFFARD;    ;;274;GIFFARD                                                     ;10.8;0;2;6;4;70;25;1;0;     ;
8018;8018;MANZANA GIFFARD 70CL;;1;41;LIQUEURS CREMES               ;0;;243;GIFFARD;    ;;274;GIFFARD                                                     ;9.8;0;2;6;7;70;18;1;0;     ;
8022;8022;AVIATEUR SUPER GUPPY 20L INOX;BLANCHE AGRUMES;20;2;BIERE FUT 20L                 ;3;BLANCHE;264;BRASSERIE AVIATEUR;FR  ;FRANCE                                  ;478;BRASSERIE AVIATEUR                                          ;3.418;0.1648;2;20;220;100;4;1;30;1    ;FUT INOX
8023;8023;AVIATEUR PETIT PRINCE 20L INOX;HAZY IPA;20;2;BIERE FUT 20L                 ;1;IPA;264;BRASSERIE AVIATEUR;FR  ;FRANCE                                  ;478;BRASSERIE AVIATEUR                                          ;4.0173;0.2472;2;20;160;100;6;1;30;1    ;FUT INOX
8024;8024;AVIATEUR FIRST FLIGHT 20L INOX;PALE ALE HOUBLONEE;20;2;BIERE FUT 20L                 ;8;PALE ALE;264;BRASSERIE AVIATEUR;FR  ;FRANCE                                  ;478;BRASSERIE AVIATEUR                                          ;3.7014;0.2266;2;20;160;100;5.5;1;30;1    ;FUT INOX
8026;8026;AVIATEUR SUPER JUMBO 33CL BTE;BLONDE TYPE KOLSCH;20;25;BIERE 33/44/50 CL CANETTE     ;0;;264;BRASSERIE AVIATEUR;FR  ;FRANCE                                  ;478;BRASSERIE AVIATEUR                                          ;1.8145;0.06118;2;24;98;33;4.5;1;0;3    ;CARTONS
8027;8027;AVIATEUR SUPER GUPPY 33CL BTE;BLANCHE ECORCES PAMPLEMOUSSE;20;25;BIERE 33/44/50 CL CANETTE     ;0;;264;BRASSERIE AVIATEUR;FR  ;FRANCE                                  ;478;BRASSERIE AVIATEUR                                          ;1.8233;0.05438;2;24;96;33;4;1;0;3    ;CARTONS
8033;8033;AVIATEUR PETIT PRINCE 44CL BTE;WHEAT IPA;20;25;BIERE 33/44/50 CL CANETTE     ;0;;264;BRASSERIE AVIATEUR;FR  ;FRANCE                                  ;478;BRASSERIE AVIATEUR                                          ;2.9337;0.10877;2;12;27;44;6;1;0;3    ;CARTONS
8036;8036;STIG BLACK ALREADY ?  44CL;BBA MILK STOUT;20;25;BIERE 33/44/50 CL CANETTE     ;0;;258;STIGBERGETS BRYGGERI;SE  ;SUEDE                                   ;466;STIGBERGETS BRYGGERI                                        ;5.681;0.23566;2;24;6;44;13;1;0;3    ;CARTONS
8061;8061;PICPOUL MAS LAURENT 75CL;PICPOUL DU PINET;10;72;PIC ST LOUP                   ;22;VIN BLANC SEC;0;;    ;;484;MAS ST LAURENT                                              ;6.45;0;2;6;0;75;13;1;0;     ;
8064;8064;STU MOSTOW TROPICAL LOOK;DOUBLE NEIPA;20;25;BIERE 33/44/50 CL CANETTE     ;5;STOUT / PORTER;190;STU MOSTOW;PL  ;POLOGNE                                 ;344;BRASSERIE STU MOSTOW                                        ;2.9925;0.13596;2;20;0;44;7.5;1;0;3    ;CARTONS
8067;8067;STU M DELIGHT IS RIGHT 44CL;CREAM ALE PISTACHE CHOCOLAT;20;25;BIERE 33/44/50 CL CANETTE     ;5;STOUT / PORTER;190;STU MOSTOW;PL  ;POLOGNE                                 ;344;BRASSERIE STU MOSTOW                                        ;2.9925;0.10152;2;20;9;44;5.6;1;0;3    ;CARTONS
8071;8071;STU MOSTOW WRCLW PILS 44CL;PILS;20;25;BIERE 33/44/50 CL CANETTE     ;5;STOUT / PORTER;190;STU MOSTOW;PL  ;POLOGNE                                 ;344;BRASSERIE STU MOSTOW                                        ;1.995;0.09064;2;20;0;44;5;1;0;3    ;CARTONS
8090;8090;SUPERBE TROPICTHUNDER 44CL;GOSE MANGUE ANANAS PASSION;20;25;BIERE 33/44/50 CL CANETTE     ;0;;242;LA SUPERBE;FR  ;FRANCE                                  ;411;LA SUPERBE                                                  ;3.8686;0.10877;2;24;-1;44;6;1;0;3    ;CARTONS
8097;8097;BASQUELAND GAZPACHO 44CL;HOPPY LAGER META;20;25;BIERE 33/44/50 CL CANETTE     ;0;;133;BASQUELAND BREWING PROJECT;ES  ;ESPAGNE                                 ;314;BASQUELAND BREWING PROJECT                                  ;2.8375;0.09064;2;16;0;44;5;0;0;3    ;CARTONS
8110;8110;MT SALEVE MICRO NEIPA 33CL;NEIPA HOUBLON STRATA;20;10;BIERE 20/25/33/35CL VP        ;7;LAGER / PILS / ALE / BLONDE;233;BRASSERIE DU MONT SALEVE;FR  ;FRANCE                                  ;400;BRASSERIE DU MONT SALEVE                                    ;2.3672;0.05574;2;24;20;33;4.1;1;0;3    ;CARTONS
8115;8115;MONT SALEVE SOUR AMBRE 75CL;FERMENTEE SUR LIES DE RAISIN;20;15;BIERE 75VP                    ;0;;233;BRASSERIE DU MONT SALEVE;FR  ;FRANCE                                  ;400;BRASSERIE DU MONT SALEVE                                    ;6.3187;0.1854;2;6;39;75;6;1;0;3    ;CARTONS
8124;8124;VALISETTE BUFFALO 4B 33CL NOIR;KRAFT LONG NECK FOND SEMI AUTO;87;16;CORBEILLES - COFFRETS- CARTONS;0;;0;;    ;;310;CAV'SERVICE OPLEZIO                                         ;1.1875;0;2;1;104;100;0;1;0;     ;
8125;8125;POMPE A VIDE WINE SAVER NOIR;GIFTPACK VACUVIN;87;15;ARTICLES DE CAVE / BIERE & VIN;0;;0;;    ;;310;CAV'SERVICE OPLEZIO                                         ;10.5625;0;2;1;0;100;0;1;0;     ;
8126;8126;DISQUE ANTI-GOUTTE VINODISC X3;ALULINIUM MOTIF CLASSIC NOIR;87;15;ARTICLES DE CAVE / BIERE & VIN;0;;0;;    ;;310;CAV'SERVICE OPLEZIO                                         ;1.825;0;2;1;0;100;0;1;0;     ;
8127;8127;VERRE A WHISKY SIMON 15CL;GLENCAIRN BTE CADEAU;87;26;VERRERIE                      ;0;;0;;    ;;310;CAV'SERVICE OPLEZIO                                         ;4.9875;0;2;1;0;100;0;1;0;1    ;FUT INOX
8128;8128;AERATEUR VERSEUR AUBIN BOITE;CADEAU;87;15;ARTICLES DE CAVE / BIERE & VIN;0;;0;;    ;;310;CAV'SERVICE OPLEZIO                                         ;10.3625;0;2;1;6;100;0;1;0;     ;
8136;8136;DE RANKE 3 X X X BITTER 75CL;ATTENTION REFERENCE;20;14;BIERE 75VC                    ;8;PALE ALE;16;BRASSERIE DE RANKE;    ;;13;VANUXEEM BROUWERIJ SA/NV                                    ;5.7348;0.1854;2;6;9;75;6;1;1.5;3    ;CARTONS
8137;8137;DETOUR SAISON BIO 33CL;SAISON BLONDE;20;10;BIERE 20/25/33/35CL VP        ;0;;253;BRASSERIE LE DETOUR;FR  ;FRANCE                                  ;428;BRASSERIE LE DETOUR !                                       ;2.2047;0.06798;2;24;90;33;5;1;0;3    ;CARTONS
8138;8138;DETOUR HOPPY PALE ALE 30L;BLONDE;20;1;BIERE FUT 30L                 ;8;PALE ALE;253;BRASSERIE LE DETOUR;FR  ;FRANCE                                  ;428;BRASSERIE LE DETOUR !                                       ;3.7185;0.2266;2;30;30;100;5.5;1;0;5    ;FUT KEYKEG
8141;8141;AVIATEUR SUPER JUMBO 20L;BLONDE TOULOUSE;20;2;BIERE FUT 20L                 ;7;LAGER / PILS / ALE / BLONDE;264;BRASSERIE AVIATEUR;FR  ;FRANCE                                  ;478;BRASSERIE AVIATEUR                                          ;3.4663;0.1854;2;20;160;100;4.5;1;30;1    ;FUT INOX
8142;8142;HOPPY ROAD CALORE 33CL;GOSE PIMENT QUERCY;20;10;BIERE 20/25/33/35CL VP        ;0;;200;BRASSERIE HOPPY ROAD;FR  ;FRANCE                                  ;357;HOPPY ROAD SAS                                              ;2.191;0.05438;2;24;0;33;4;1;0;3    ;CARTONS
8147;8147;GILBERTS TIRAMISU 30L INOX;STOUT TIRAMISU RHUM BA;20;1;BIERE FUT 30L                 ;5;STOUT / PORTER;254;BRASSERIE GILBERT'S;FR  ;FRANCE                                  ;431;BRASSERIE GILBERT'S                                         ;4.8896;0.3914;2;30;60;100;9.5;0;30;1    ;FUT INOX
8156;8156;CABANEL MENTHE 70CL;CREME DE MENTHE;1;41;LIQUEURS CREMES               ;0;;0;;FR  ;FRANCE                                  ;485;CABANEL                                                     ;13.95;0;2;6;0;70;15;1;0;     ;
8157;8157;CABANEL CITRON 70CL;;1;41;LIQUEURS CREMES               ;0;;0;;FR  ;FRANCE                                  ;485;CABANEL                                                     ;14.95;0;2;6;0;70;15;1;0;     ;
8158;8158;CABANEL MANDARINE 70CL;;1;41;LIQUEURS CREMES               ;0;;0;;FR  ;FRANCE                                  ;485;CABANEL                                                     ;15.9;0;2;6;0;70;15;1;0;     ;
8161;8161;STU MOSTOW HOLY BEANS 33CL;IMP PORTER TONKA PALO SANTO;20;25;BIERE 33/44/50 CL CANETTE     ;5;STOUT / PORTER;190;STU MOSTOW;PL  ;POLOGNE                                 ;344;BRASSERIE STU MOSTOW                                        ;3.857;0.12236;2;24;0;33;9;1;0;3    ;CARTONS
8165;8165;STU MOSTOW SHERRY SHADOW 33CL;PORTER BARREL AGED SHERRY;20;25;BIERE 33/44/50 CL CANETTE     ;5;STOUT / PORTER;190;STU MOSTOW;PL  ;POLOGNE                                 ;344;BRASSERIE STU MOSTOW                                        ;5.665;0.14956;2;24;23;33;11;1;0;3    ;CARTONS
8166;8166;STU MOSTOW   WILD 17   37,5CL;FERMENTETION MIXTE;20;12;BIERE 37.5CL                  ;6;BARREL AGED;190;STU MOSTOW;PL  ;POLOGNE                                 ;344;BRASSERIE STU MOSTOW                                        ;4.431;0.11588;2;8;31;38;7.5;1;0;3    ;CARTONS
8167;8167;STU MOSTOW    WILD 18   37,5CL;FERMENTATION MIXTE;20;12;BIERE 37.5CL                  ;6;BARREL AGED;190;STU MOSTOW;PL  ;POLOGNE                                 ;344;BRASSERIE STU MOSTOW                                        ;4.431;0.08961;2;8;31;38;5.8;1;0;3    ;CARTONS
8183;8183;MONT SALÈVE MONDEUSE 20L;MIXTE SUR MARCS DE MONDEUSE;20;1;BIERE FUT 30L                 ;2;SOUR;233;BRASSERIE DU MONT SALEVE;FR  ;FRANCE                                  ;400;BRASSERIE DU MONT SALEVE                                    ;6.3887;0.17304;2;20;60;100;4.2;1;0;5    ;FUT KEYKEG
8186;8186;TETE BELIER AOP ROSE 2023 75CL;14°;10;73;AOC LANGUEDOC                 ;21;VIN ROSE;217;CHATEAU PUECH-HAUT;FR  ;FRANCE                                  ;384;CHATEAU PUECH-HAUT                                          ;13.6875;0;2;6;1;75;14;1;0;     ;
8189;8189;CYCLIC MOSCATELL BARDISSOTS 75;SOUR MARC MOSCATELL DE ORIOL;20;15;BIERE 75VP                    ;11;SAISON;215;CYCLIC;ES  ;ESPAGNE                                 ;382;CYCLIC BEER FARM                                            ;7.581;0.1854;2;6;1;75;6;0;0;3    ;CARTONS
8190;8190;CYCLIC THYME AFTER THYME 75CL;GRISETTE AU THYM;20;15;BIERE 75VP                    ;11;SAISON;215;CYCLIC;ES  ;ESPAGNE                                 ;382;CYCLIC BEER FARM                                            ;4.07;0.23175;2;6;17;75;7.5;0;0;3    ;CARTONS
8197;8197;DO RE MI;LOMO SAUCISS CHORIZO;99;1;PLANCHES                      ;0;;0;;    ;;388;FRANCE FRAIS OCCITANIE                                      ;6.8183;0;4;1;-1;100;0;1;0;     ;
8198;8198;STARNBERGER HELL 50CL VC;LAGER;20;11;BIERE 50CL VC                 ;7;LAGER / PILS / ALE / BLONDE;86;KROMBACHER;DE  ;ALLEMAGNE                               ;395;KROMBACHER BRAUEREI GMBH & CO                               ;0.9316;0.19776;2;20;0;50;4.8;1;3.1;2    ;CAISSE
8209;8209;STIGBERGETS BEARLEY FINE 33CL;BRANDY BARREL AGED 2021;20;25;BIERE 33/44/50 CL CANETTE     ;0;;258;STIGBERGETS BRYGGERI;SE  ;SUEDE                                   ;466;STIGBERGETS BRYGGERI                                        ;2.493;0.16315;2;24;1;33;12;1;0;3    ;CARTONS
8210;8210;STIGBERGETS CHRISTMAS 33CL;PORTER;20;25;BIERE 33/44/50 CL CANETTE     ;0;;0;;SE  ;SUEDE                                   ;466;STIGBERGETS BRYGGERI                                        ;1.6858;0.06798;2;24;22;33;5;1;0;3    ;CARTONS
8213;8213;CHORIZO 500G S/PLACE;COMPTOIR;99;0;COMPTOIR TERRASSE             ;0;;0;;    ;;402;J VILA EMBOTITS ARTESANS                                    ;6.675;0;4;1;-1;100;0;1;0;     ;
8214;8214;CAFE GRAIN DUO BRES CONGO 250G;DUO BRESIL;85;1;CAFE                          ;0;;0;;    ;;143;TNT CAFE                                                    ;6.1152;0;3;1;4;100;0;1;0;     ;
8215;8215;CAFE GRAIN DUO BRES CONGO 1KG;DUO BRESIL;85;1;CAFE                          ;0;;0;;    ;;143;TNT CAFE                                                    ;21.5;0;3;1;5;100;0;1;0;     ;
8216;8216;CAFE GRAIN DUO COLOMBIE 250G;MOKA;85;1;CAFE                          ;0;;0;;    ;;143;TNT CAFE                                                    ;6.45;0;3;1;3;100;0;1;0;     ;
8217;8217;CAFE GRAIN DUO COLOMBIE 1KG;MOKA;85;1;CAFE                          ;0;;0;;    ;;143;TNT CAFE                                                    ;21.95;0;3;1;8;100;0;1;0;     ;
8225;8225;TEQUILA JOSECUERVO SILVER 70CL;ESPECIAL BLANCHE;1;56;TEQUILA                       ;0;;0;;    ;;362;SVS LA MARTINIQUAISE BLMHD                                  ;17.6;0;2;6;4;70;35;1;0;     ;
8227;8227;STOUTERICK 33CL VC CAISSE 7€;STOUT;20;9;BIERE 33CL VC                 ;0;;7;BRASSERIE DE LA SENNE;    ;;13;VANUXEEM BROUWERIJ SA/NV                                    ;1.827;0.06798;2;24;92;33;5;1;7;2    ;CAISSE
8229;8229;GIFFARD FLEUR DE SUREAU 70CL;LIQUEUR SUREAU;1;41;LIQUEURS CREMES               ;0;;243;GIFFARD;    ;;274;GIFFARD                                                     ;16;0;2;6;37;70;20;1;0;     ;
8230;8230;SOIREE DEGUSTATION / PERS 25€;;87;36;BON ACHAT / SOIREE DEGUSTATION;0;;0;;    ;;0;;20.833;0;2;1;0;100;0;1;0;     ;
8231;8231;VALISETTE BUFFALO 4B 44CL NOIR;ATTENTION FORMAT BOITE;87;16;CORBEILLES - COFFRETS- CARTONS;0;;0;;    ;;310;CAV'SERVICE OPLEZIO                                         ;1.7625;0;2;1;23;100;0;1;0;     ;
8232;8232;SUPERBOCK 25CL VP;;20;10;BIERE 20/25/33/35CL VP        ;7;LAGER / PILS / ALE / BLONDE;180;ASAHI;PT  ;PORTUGAL                                ;272;RHONE BOISSONS                                              ;0.6376;0.10712;2;24;0;25;5.2;1;0;3    ;CARTONS
8241;8241;GARAGE LOCKER 33CL;PORTER;20;25;BIERE 33/44/50 CL CANETTE     ;0;;156;GARAGE BREWING;ES  ;ESPAGNE                                 ;133;CERVECEROS GARAGE SL                                        ;1.8204;0.06118;2;16;6;33;4.5;1;0;3    ;CARTONS
8248;8248;BIB 3L RHUM WORLDESTERS BLANC;ASSEMBLAGE 3 DIST ARTISANALES;1;5;RHUMS DOMS                    ;0;;0;;    ;;362;SVS LA MARTINIQUAISE BLMHD                                  ;49.9;0;2;1;0;300;41.8;1;0;     ;
8251;8251;CALAVERA BRETTERNITY 20L;SOUR GRAPE BRETT;20;2;BIERE FUT 20L                 ;2;SOUR;193;BRASSERIE LA CALAVERA;ES  ;ESPAGNE                                 ;359;LA CALAVERA COOP SCCL                                       ;6.9805;0.30488;2;20;20;100;7.4;1;0;5    ;FUT KEYKEG
8254;8254;CALAVERA CUBIC 44CL;DRY HOPPED SOUR;20;25;BIERE 33/44/50 CL CANETTE     ;0;;193;BRASSERIE LA CALAVERA;ES  ;ESPAGNE                                 ;359;LA CALAVERA COOP SCCL                                       ;2.706;0.07614;2;24;0;44;4.2;1;0;3    ;CARTONS
8255;8255;CALAVERA EVERGREEN 44CL;BLONDE MANDARINE;20;25;BIERE 33/44/50 CL CANETTE     ;0;;193;BRASSERIE LA CALAVERA;ES  ;ESPAGNE                                 ;359;LA CALAVERA COOP SCCL                                       ;2.2942;0.09427;2;16;59;44;5.2;1;0;3    ;CARTONS
8256;8256;CALAVERA ABRAÇAFANALS 44CL;IPA SANS GLUTEN;20;25;BIERE 33/44/50 CL CANETTE     ;0;;193;BRASSERIE LA CALAVERA;ES  ;ESPAGNE                                 ;359;LA CALAVERA COOP SCCL                                       ;2.622;0.09427;2;24;0;44;5.2;1;0;3    ;CARTONS
8257;8257;CALAVERA MARI E MONTI 37,5CL;MIXED FERMENTATION SOUR;20;12;BIERE 37.5CL                  ;6;BARREL AGED;193;BRASSERIE LA CALAVERA;ES  ;ESPAGNE                                 ;359;LA CALAVERA COOP SCCL                                       ;3.4956;0.10043;2;12;0;38;6.5;1;0;3    ;CARTONS
8260;8260;CALAVERA FAST WON'T LAST 37,5C;MIXED FERMEN OLOROSO ET ROUGE;20;12;BIERE 37.5CL                  ;6;BARREL AGED;193;BRASSERIE LA CALAVERA;ES  ;ESPAGNE                                 ;359;LA CALAVERA COOP SCCL                                       ;3.8743;0.0927;2;12;5;38;6;1;0;3    ;CARTONS
8263;8263;VORDY LE SAN PEYRE 75CL;AOP MINERVOIS ROUGE BIO;10;75;MINERVOIS                     ;20;VIN ROUGE;0;;    ;;497;DOMAINE VORDY                                               ;5.5012;0;2;6;0;75;13.5;1;0;     ;
8264;8264;VORDY LES PEGOUNELS 75CL;AOC MINERVOIS BLANC;10;75;MINERVOIS                     ;20;VIN ROUGE;0;;    ;;497;DOMAINE VORDY                                               ;5.8;0;2;6;0;75;13.5;1;0;     ;
8265;8265;VORDY LOUISE MINERVOIS 75CL;SYRAH GRENACHE CARIGAN;10;75;MINERVOIS                     ;20;VIN ROUGE;0;;    ;;497;DOMAINE VORDY                                               ;6.2438;0;2;6;0;75;13.5;1;0;     ;
8266;8266;VORDY FRANÇOISE ROUGE BIO 75CL;MOURVÈDERE CARIGNAN GRENACHE;10;75;MINERVOIS                     ;20;VIN ROUGE;0;;    ;;497;DOMAINE VORDY                                               ;6.9;0;2;6;0;75;13.5;1;0;     ;
8267;8267;VORDY LOS GALS BLANC 75CL;ROUSSANNE GRENACHE BLANC;10;75;MINERVOIS                     ;20;VIN ROUGE;0;;    ;;497;DOMAINE VORDY                                               ;9.7;0;2;6;0;75;13.5;1;0;     ;
8274;8274;META HIRUKOTE 75CL;GRAPE ALE;20;15;BIERE 75VP                    ;0;;255;META ;ES  ;ESPAGNE                                 ;435;META EDABEAK SL                                             ;7.54;0.19776;2;6;5;75;6.4;1;0;3    ;CARTONS
8275;8275;TTANTTAKUN 75CL;BLEND BIERE ET CIDRE;20;15;BIERE 75VP                    ;0;;255;META ;ES  ;ESPAGNE                                 ;435;META EDABEAK SL                                             ;6.63;0.15759;2;6;15;75;5.1;1;0;3    ;CARTONS
8276;8276;FUET TAUREAU 100G A EMPORTER;A EMPORTER;87;11;TERRINE - BOCAUX - SAUCIS-FROM;0;;0;;    ;;402;J VILA EMBOTITS ARTESANS                                    ;1.61;0;3;1;0;100;0;1;0;     ;
8279;8279;EUGÉNIE AOP MINERVOIS 75CL;AUBERT ET MATHIEU;11;5;OC                            ;20;VIN ROUGE;0;;    ;;498;AUBERT ET MATHIEU                                           ;6.6;0;2;6;0;75;14;1;0;     ;
8282;8282;NUBA AUBERT & MATHIEU BIO 75CL;NATURE CINSAULT GRENACHE;11;4;VIN DE FRANCE                 ;20;VIN ROUGE;0;;    ;;498;AUBERT ET MATHIEU                                           ;6.5835;0;2;6;7;75;14;1;0;     ;
8283;8283;DUPONT SAISON BIOLOGIQUE 75CL;BIO À 5,5%;20;14;BIERE 75VC                    ;11;SAISON;88;BRASSERIE DUPONT;BE  ;BELGIQUE                                ;13;VANUXEEM BROUWERIJ SA/NV                                    ;2.9664;0.16995;2;12;38;75;5.5;1;4.5;2    ;CAISSE
8285;8285;LUPULUS NELSON SAUVIN 150CL;MAGNUM TRIPLE NELSON SAUVIN;20;16;BIERE 150 CL/200CL            ;10;TRIPLE;10;BRASSERIE LUPULUS;BE  ;BELGIQUE                                ;13;VANUXEEM BROUWERIJ SA/NV                                    ;13.0077;0.5253;2;6;10;150;8.5;1;0;3    ;CARTONS
8286;8286;BLANCHE DU HAINAUT 25CL VC;BIERE BLANCHE BIO;20;9;BIERE 33CL VC                 ;3;BLANCHE;88;BRASSERIE DUPONT;BE  ;BELGIQUE                                ;13;VANUXEEM BROUWERIJ SA/NV                                    ;1.1703;0.05665;2;24;130;25;5.5;1;4.5;2    ;CAISSE
8293;8293;TABLIER KROMBACHER;REF 2933;87;6;ART. PUB.                     ;0;;86;KROMBACHER;    ;;395;KROMBACHER BRAUEREI GMBH & CO                               ;7.28;0;2;1;9;100;0;0;0;3    ;CARTONS
8294;8294;VESTE POLAIRE SOFTSHELL HOMME;REF 7700 2XL;87;6;ART. PUB.                     ;0;;86;KROMBACHER;    ;;395;KROMBACHER BRAUEREI GMBH & CO                               ;42;0;2;1;0;100;0;1;0;     ;
8295;8295;ARGILLA AD ARGILLAM 75CL;RASTEAU ÉLEVÉS EN AMPHORES;11;46;COTES DU RHONE                ;20;VIN ROUGE;256;DOMAINE DES ESCARAVAILLES ;    ;;437;DOMAINE DES ESCARAVAILLES                                   ;18;0;2;6;0;75;14.5;1;0;     ;
8296;8296;SCARABULLE 75CL;ROSÉ PÉTILLANT;11;0;VINS PERMANENTS               ;26;VIN PETILLANT;256;DOMAINE DES ESCARAVAILLES ;    ;;437;DOMAINE DES ESCARAVAILLES                                   ;10.665;0;2;6;1;75;12;1;0;     ;
8297;8297;DEBAUCHE BLUEBERRY MUFFIN 30L;;20;1;BIERE FUT 30L                 ;1;IPA;191;LA DEBAUCHE;FR  ;FRANCE                                  ;356;BRASSERIE LA DEBAUCHE                                       ;3.7334;0.23484;2;30;30;100;5.7;1;30;1    ;FUT INOX
8301;8301;VERRE DÉGUSTATION LINNEO 25CL;;87;26;VERRERIE                      ;0;;0;;    ;;310;CAV'SERVICE OPLEZIO                                         ;2.9125;0;2;6;0;100;0;1;0;     ;
8303;8303;LIQUEUR CAFE GIFFARD 70CL;;1;41;LIQUEURS CREMES               ;0;;0;;    ;;274;GIFFARD                                                     ;10.8007;0;2;6;15;70;20;1;0;     ;
8304;8304;DEBAUCHE SACRED HEART XI 33CL;EISBOCK PASTRY CREME BRULEE;20;10;BIERE 20/25/33/35CL VP        ;5;STOUT / PORTER;191;LA DEBAUCHE;FR  ;FRANCE                                  ;356;BRASSERIE LA DEBAUCHE                                       ;9.612;0.3535;2;12;28;33;26;1;0;3    ;CARTONS
8305;8305;DEBAUCHE SACRED HEART XII 33CL;EISBOCK STOUT PECAN PIE;20;10;BIERE 20/25/33/35CL VP        ;5;STOUT / PORTER;191;LA DEBAUCHE;FR  ;FRANCE                                  ;356;BRASSERIE LA DEBAUCHE                                       ;9.612;0.3535;2;12;10;33;26;1;0;3    ;CARTONS
8307;8307;ANTAN MAUZAC EFFERVESCENT 75CL;BRUT N°1 AOP GAILLAC;10;61;GAILLAC                       ;26;VIN PETILLANT;0;;    ;;270;LES VIGNOBLES GAYREL S.A.S                                  ;10.395;0;2;6;0;75;11;1;0;     ;
8308;8308;RHUM CLAIRIN LE ROCHER 70CL;RHUM DE SIROP DE CANNE;1;2;RHUMS TIERS                   ;0;;0;;HT  ;HAITI                                   ;333;LMDW DISTRIBUTION                                           ;30.468;0;2;6;6;70;50;1;0;     ;
8309;8309;RHUM CLAIRIN SAJOUS 2021  70CL;HAITI;1;2;RHUMS TIERS                   ;0;;0;;HT  ;HAITI                                   ;333;LMDW DISTRIBUTION                                           ;31.128;0;2;6;0;70;54.2;1;0;     ;
8310;8310;RHUM CLAIRIN VAVAL 70CL;RHUM LEVURE INDIGENE;1;2;RHUMS TIERS                   ;0;;0;;HT  ;HAITI                                   ;333;LMDW DISTRIBUTION                                           ;31;0;2;6;3;70;53.3;1;0;     ;
8311;8311;RHUM CLAIRIN SONSON 70CL;2022;1;2;RHUMS TIERS                   ;0;;0;;HT  ;HAITI                                   ;333;LMDW DISTRIBUTION                                           ;30.624;0;2;6;1;70;51;1;0;     ;
8313;8313;ALL POSSIBLE DAIQUIRIS 70CL;COCKTAIL CLAIRIN 001;1;41;LIQUEURS CREMES               ;0;;0;;IT  ;ITALIE                                  ;333;LMDW DISTRIBUTION                                           ;24.85;0;2;6;5;70;12.5;1;0;     ;
8315;8315;VODKA BELUGA NOBLE 70CL;VODKA MONTENEGRO;1;50;VODKA                         ;0;;0;;RU  ;RUSSIE                                  ;257;DUGAS                                                       ;37.7864;0;2;1;3;70;40;1;0;     ;
8316;8316;RH SANTIAGO CUBA 8A AMBRE 70CL;RHUM CUBAIN;1;2;RHUMS TIERS                   ;0;;0;;CU  ;CUBA ILES CARAIBES                      ;257;DUGAS                                                       ;20.95;0;2;6;-4;70;40;1;0;     ;
8317;8317;RHUM SANTA TERESA 1796 70CL;FÛTS DE BOURNON SOLERA;1;2;RHUMS TIERS                   ;0;;0;;VE  ;VENEZUELA                               ;257;DUGAS                                                       ;33;0;2;3;6;70;40;1;0;     ;
8318;8318;CORRALEJO ANEJO 70CL;TEQUILA FUMÉE;1;56;TEQUILA                       ;0;;0;;MX  ;MEXIQUE                                 ;257;DUGAS                                                       ;33.9;0;2;1;3;70;38;1;0;     ;
8320;8320;XIBAL GIN 70CL;GIN À BASE DE CANNE À SUCRE;1;38;GIN                           ;0;;0;;GT  ;GUATEMALA                               ;257;DUGAS                                                       ;27.9;0;2;6;0;70;45;1;0;     ;
8321;8321;WHISKY WOLFBURN NORTHLAND 70CL;SINGLE MALT;1;63;WHISKY ECOSSAIS               ;0;;0;;GB  ;ROYAUME UNI                             ;257;DUGAS                                                       ;45.5;0;2;1;5;70;46;1;0;3    ;CARTONS
8324;8324;WHISKY INDRI TRINI 70CL;SINGLE MALT INDIEN;1;74;WHISKY IRLANDAIS              ;0;;0;;IN  ;INDE                                    ;257;DUGAS                                                       ;31.5;0;2;3;1;70;46;1;0;3    ;CARTONS
8326;8326;ELIJAH CRAIG BOURBON 70CL;SMALL BATCH 47°;1;74;WHISKY IRLANDAIS              ;0;;0;;    ;;257;DUGAS                                                       ;30.9466;0;2;1;2;70;47;1;0;3    ;CARTONS
8330;8330;WHISKY SPRINGBANK 10 ANS 70CL;SINGLE MALT;1;63;WHISKY ECOSSAIS               ;0;;0;;SF  ;ECOSSE                                  ;257;DUGAS                                                       ;45.6051;0;2;1;0;70;46;1;0;3    ;CARTONS
8331;8331;WHISKY LONGROW PEATED 70CL;SINGLE MALT TOURBÉ;1;63;WHISKY ECOSSAIS               ;30;TOURBE;0;;SF  ;ECOSSE                                  ;257;DUGAS                                                       ;43.9814;0;2;1;2;70;46;1;0;3    ;CARTONS
8332;8332;RHUM MOUNT GAY XO 70CL;TRIPLE CASK;1;2;RHUMS TIERS                   ;0;;0;;BB  ;BARBADE                                 ;333;LMDW DISTRIBUTION                                           ;45.5;0;2;6;3;70;43;1;0;     ;
8344;8344;DOSKIWIS FUN NATURAL 30L KK;SOUR IPA;20;1;BIERE FUT 30L                 ;2;SOUR;259;DOSKIWIS;ES  ;ESPAGNE                                 ;504;DOSKIWIS BREWING                                            ;5.3083;0.2472;2;30;30;100;6;1;0;5    ;FUT KEYKEG
8346;8346;RENDEZ VOUS SUR LA LUNE 75CL;AOC MINERVOIS ROUGE;10;75;MINERVOIS                     ;20;VIN ROUGE;260;SAS CLOS DU GRAVILLAS;    ;;505;CLOS DU GRAVILLAS                                           ;8.75;0;2;6;83;75;14;1;0;     ;
8347;8347;AU BOUT DU TERRET 75CL;CEPAGE TERRET GRIS;10;6;VIN DE FRANCE                 ;22;VIN BLANC SEC;260;SAS CLOS DU GRAVILLAS;    ;;505;CLOS DU GRAVILLAS                                           ;8.75;0;2;6;40;75;11.5;1;0;     ;
8348;8348;RETOURS AUX ORIGNIES 75CL;CARIGNAN BLANC;10;6;VIN DE FRANCE                 ;22;VIN BLANC SEC;260;SAS CLOS DU GRAVILLAS;    ;;505;CLOS DU GRAVILLAS                                           ;11.5;0;2;6;29;75;14;1;0;     ;
8349;8349;MUSCAT DOUCE PROVIDENCE 50CL;MUSCAT ST JEAN DE MINERVOIS;11;0;VINS PERMANENTS               ;24;VIN BLANC MOELLEUX;260;SAS CLOS DU GRAVILLAS;    ;;505;CLOS DU GRAVILLAS                                           ;7.98;0;2;6;0;50;12;1;0;     ;
8350;8350;LO VIÈLH CARIGNAN 100 ANS 75CL;VIGNE PLANTEE EN 1911;10;6;VIN DE FRANCE                 ;20;VIN ROUGE;260;SAS CLOS DU GRAVILLAS;    ;;505;CLOS DU GRAVILLAS                                           ;11.5;0;2;6;33;75;14;1;0;     ;
8351;8351;CANTILLON FOU'FOUNE 75CL;GEUZE;20;15;BIERE 75VP                    ;13;LAMBIC;103;BRASSERIE CANTILLON;BE  ;BELGIQUE                                ;13;VANUXEEM BROUWERIJ SA/NV                                    ;12.8875;0.1854;2;6;0;75;6;1;0;3    ;CARTONS
8352;8352;CANTILLON ROSÉ GAMBRINUS 75 VP;;20;15;BIERE 75VP                    ;13;LAMBIC;103;BRASSERIE CANTILLON;BE  ;BELGIQUE                                ;13;VANUXEEM BROUWERIJ SA/NV                                    ;11.5398;0.1545;2;6;108;75;5;1;0;3    ;CARTONS
8353;8353;GIN ENGINE BIO 70CL;GRAND CONDITIONNEMENT;1;38;GIN                           ;0;;0;;IT  ;ITALIE                                  ;333;LMDW DISTRIBUTION                                           ;30.97;0;2;6;3;70;42;1;0;     ;
8354;8354;GUEUZE MARIAGE PARFAIT 37,5VC;!!! CAISSE CONSIGNÉE 7€ !!!;20;12;BIERE 37.5CL                  ;2;SOUR;41;BRASSERIE BOON ;BE  ;BELGIQUE                                ;13;VANUXEEM BROUWERIJ SA/NV                                    ;3.5676;0.1236;2;12;86;38;8;1;7;2    ;CAISSE
8355;8355;VERRE LUPULUS 25 CL;;87;26;VERRERIE                      ;0;;0;;    ;;13;VANUXEEM BROUWERIJ SA/NV                                    ;2.875;0;2;6;48;100;0;1;0;3    ;CARTONS
8356;8356;GIN BB6 BIO 25L  BIDON;;1;38;GIN                           ;0;;0;;    ;;501;BEARS BROTHERS DISTILLERIE                                  ;394.429;0;2;1;1;2500;40;1;0;     ;
8358;8358;VODKA BBV1 BIO 25L   BIDON;;1;50;VODKA                         ;0;;0;;    ;;501;BEARS BROTHERS DISTILLERIE                                  ;385;0;2;1;2;2500;40;1;0;     ;
8361;8361;WHISKY WATERFORD C KOFFI 70CL;SINGLE MALT;1;74;WHISKY IRLANDAIS              ;0;;0;;IE  ;IRLANDE                                 ;333;LMDW DISTRIBUTION                                           ;50.95;0;2;1;0;70;50;1;0;     ;
8362;8362;RHUM PROVIDENCE 3A 70CL   2020;;1;2;RHUMS TIERS                   ;0;;0;;HT  ;HAITI                                   ;333;LMDW DISTRIBUTION                                           ;54.5;0;2;6;2;70;52;1;0;     ;
8366;8366;RHUM PLANTERAY ORIG DARK 70CL;;1;2;RHUMS TIERS                   ;0;;0;;CU  ;CUBA ILES CARAIBES                      ;333;LMDW DISTRIBUTION                                           ;15.84;0;2;6;0;70;40;1;0;     ;
8367;8367;RHUM PLANTERAY PINEAPPLE 70CL;STIGGINS FANCY;1;2;RHUMS TIERS                   ;0;;0;;CU  ;CUBA ILES CARAIBES                      ;333;LMDW DISTRIBUTION                                           ;23.713;0;2;6;0;70;40;1;0;     ;
8368;8368;TROPICAL DARKNESS 33CL;GOSE CASSIS;20;25;BIERE 33/44/50 CL CANETTE     ;9;GOSE;197;BRASSERIE DUCKPOND;SE  ;SUEDE                                   ;350;MIKROFONBRYBRYGGERIET AB DUCKP                              ;3.7562;0.10877;2;24;0;33;8;1;0;3    ;CARTONS
8377;8377;BASQUELAND LE ROYALE 66CL;BARLEY WINE BARREL AGED;20;13;BIERE 50/60/66 CL VP          ;6;BARREL AGED;133;BASQUELAND BREWING PROJECT;ES  ;ESPAGNE                                 ;314;BASQUELAND BREWING PROJECT                                  ;7.98;0.3263;2;6;0;66;12;1;0;3    ;CARTONS
8380;8380;L'INATTENDU BLANC  75CL;MINERVOIS BLANC;10;75;MINERVOIS                     ;20;VIN ROUGE;260;SAS CLOS DU GRAVILLAS;    ;;505;CLOS DU GRAVILLAS                                           ;11.5;0;2;6;35;75;14;1;0;     ;
8384;8384;STU MOSTOW SOUR TIME 44CL;SOUR IPA GOYAVE BANANE;20;25;BIERE 33/44/50 CL CANETTE     ;2;SOUR;190;STU MOSTOW;PL  ;POLOGNE                                 ;344;BRASSERIE STU MOSTOW                                        ;3.458;0.07614;2;20;0;44;4.2;1;0;3    ;CARTONS
8392;8392;BERGERIE DE SAINT MARTIN 75CL;AOP SAINT CHINIAN;10;31;SAINT CHINIAN                 ;20;VIN ROUGE;0;;    ;;511;CHATEAU SAINT MARTIN DES CHAMP                              ;5.934;0;2;6;10;75;12.5;0;0;     ;
8393;8393;ST MARTIN VIEILLES VIGNES 75CL;SAINT CHINIAN FÛT DE CHENE;10;31;SAINT CHINIAN                 ;20;VIN ROUGE;0;;    ;;511;CHATEAU SAINT MARTIN DES CHAMP                              ;7.1145;0;2;6;87;75;13;0;0;     ;
8394;8394;CONFIDENTIEL CHARDONNAY 75CL;IGP D'OC SAINT MARTIN DES CHAM;11;5;OC                            ;20;VIN ROUGE;0;;    ;;511;CHATEAU SAINT MARTIN DES CHAMP                              ;4.8438;0;2;6;0;75;12.5;0;0;     ;
8395;8395;CRI DES HIRONDELLES 75CL;BLANC DOUX;10;5;IGP OC                        ;24;VIN BLANC MOELLEUX;0;;    ;;511;CHATEAU SAINT MARTIN DES CHAMP                              ;5.2;0;2;6;255;75;10.5;1;0;     ;
8396;8396;BIB COLLECTION MERLOT 10L;SAINT MARTIN DES CHAMPS;10;5;IGP OC                        ;22;VIN BLANC SEC;0;;    ;;511;CHATEAU SAINT MARTIN DES CHAMP                              ;28;0;2;1;0;1000;12;0;0;4    ;BIB
8397;8397;BIB CHARDONNAY BLANC 10L;SAINT MARTIN DES CHAMPS;10;5;IGP OC                        ;22;VIN BLANC SEC;0;;    ;;511;CHATEAU SAINT MARTIN DES CHAMP                              ;28;0;2;1;0;1000;12;0;0;4    ;BIB
8399;8399;SOUS LES CAILLOUX GRILLONS 75C;IGP CÔTES DU BRIAN;10;6;VIN DE FRANCE                 ;20;VIN ROUGE;260;SAS CLOS DU GRAVILLAS;    ;;505;CLOS DU GRAVILLAS                                           ;7.4;0;2;6;23;75;13.5;1;0;     ;
8400;8400;LA DEBAUCHE NEVERMORE 75VP;;20;15;BIERE 75VP                    ;4;AMBREE / ROUSSE / RED ALE;191;LA DEBAUCHE;FR  ;FRANCE                                  ;356;BRASSERIE LA DEBAUCHE                                       ;4.725;0.29355;2;6;0;75;9.5;1;0;3    ;CARTONS
8401;8401;GILBERTS BLONDE FRUITS RGE 30L;;20;1;BIERE FUT 30L                 ;0;;254;BRASSERIE GILBERT'S;FR  ;FRANCE                                  ;431;BRASSERIE GILBERT'S                                         ;3.3;0.206;2;30;510;100;5;0;30;1    ;FUT INOX
8405;8405;LA SUPERBE DISCOFURY 44CL;DIPA SUPERDELIC;20;25;BIERE 33/44/50 CL CANETTE     ;1;IPA;242;LA SUPERBE;FR  ;FRANCE                                  ;411;LA SUPERBE                                                  ;3.0071;0.14502;2;24;126;44;8;1;0;3    ;CARTONS
8412;8412;CAMPLAZENS RESERVE BLANC 75CL;FÛT D’ACACIA ET DE CHÊNE;11;10;IGP COTEAUX NARBONNE          ;22;VIN BLANC SEC;0;;    ;;300;CHATEAU CAMPLAZENS                                          ;6.783;0;2;6;0;75;13.5;1;0;     ;
8413;8413;AVIATEUR SUPER NOVA 20L;AMBREE;20;2;BIERE FUT 20L                 ;4;AMBREE / ROUSSE / RED ALE;264;BRASSERIE AVIATEUR;FR  ;FRANCE                                  ;478;BRASSERIE AVIATEUR                                          ;3.5628;0.206;2;20;200;100;5;1;30;1    ;FUT INOX
8418;8418;CREME MURE GIFFARD 70CL;;1;41;LIQUEURS CREMES               ;0;;0;;    ;;274;GIFFARD                                                     ;9.25;0;2;6;10;70;16;1;0;     ;
8419;8419;CREME PECHE GIFFARD 70CL;;1;41;LIQUEURS CREMES               ;0;;0;;    ;;274;GIFFARD                                                     ;9.25;0;2;6;4;70;16;1;0;     ;
8420;8420;GIN MARE 42°70 70CL;SAVEURS MÉDITERRANÉENNES AUTH;1;38;GIN                           ;0;;0;;ES  ;ESPAGNE                                 ;257;DUGAS                                                       ;33.074;0;2;3;5;70;42.7;1;0;     ;
8421;8421;GIN NORMINDIA LE BIO 70CL;COQUEREL CALVADOS CASK;1;38;GIN                           ;0;;0;;FR  ;FRANCE                                  ;257;DUGAS                                                       ;22.5286;0;2;3;6;70;41.4;1;0;     ;
8422;8422;GIN ROKU ORIGINAL 70CL;INFUSION DE PLANTES;1;38;GIN                           ;0;;0;;JP  ;JAPON                                   ;257;DUGAS                                                       ;23.9;0;2;3;9;70;43;1;0;     ;
8423;8423;RHUM ILE MAURICE 70CL;MAISON DU RHUM VIEILLI FUT2014;1;2;RHUMS TIERS                   ;0;;0;;MU  ;ILE MAURICE                             ;257;DUGAS                                                       ;43.8;0;2;3;7;70;55;1;0;     ;
8424;8424;RHUM COLOMBIE 70CL;MAISON DU RHUM FUT 2011;1;2;RHUMS TIERS                   ;0;;0;;CO  ;COLOMBIE                                ;257;DUGAS                                                       ;43.9;0;2;1;1;70;47;1;0;     ;
8425;8425;RHUM PANAMA 70CL;MAISON DU RHUM FUT 2008;1;2;RHUMS TIERS                   ;0;;0;;PA  ;PANAMA                                  ;257;DUGAS                                                       ;44.1;0;2;1;1;70;43;1;0;     ;
8426;8426;NOBLE COYOTE ESPADIN MEZC 70CL;MEZCAL;1;56;TEQUILA                       ;0;;0;;MX  ;MEXIQUE                                 ;257;DUGAS                                                       ;32;0;2;6;7;70;43;1;0;     ;
8428;8428;RHUM SANTA TERESA 1796 5CL;FUT DE BOURBON SOLERA;1;2;RHUMS TIERS                   ;0;;0;;VE  ;VENEZUELA                               ;257;DUGAS                                                       ;2.5;0;2;1;11;5;40;1;0;     ;
8429;8429;RHUM XO MILLONARIO XO 70CL;;1;2;RHUMS TIERS                   ;0;;0;;PE  ;PEROU                                   ;257;DUGAS                                                       ;67;0;2;1;2;70;40;1;0;     ;
8431;8431;WH SMOKEHEAD CASK REBEL 70CL;ISLAY SINGLE MALT SCOTCH WHISK;1;63;WHISKY ECOSSAIS               ;0;;0;;GB  ;ROYAUME UNI                             ;257;DUGAS                                                       ;50.5;0;2;1;1;70;46;1;0;3    ;CARTONS
8432;8432;BIB CRI DES HIRONDELLES 3L;BLANC DOUX;10;5;IGP OC                        ;24;VIN BLANC MOELLEUX;0;;    ;;511;CHATEAU SAINT MARTIN DES CHAMP                              ;15.5;0;2;1;18;300;10.5;1;0;4    ;BIB
8434;8434;WHISKY YAMAZAKI DISTILLERS RES;SINGLE MALT JAPANESE;1;62;WHISKY                        ;0;;0;;JP  ;JAPON                                   ;257;DUGAS                                                       ;75.2908;0;2;1;1;70;43;1;0;     ;
8436;8436;WHISKY KILKERRAN HEAVILY 70CL;PEATED BATCH10;1;74;WHISKY IRLANDAIS              ;0;;0;;    ;;257;DUGAS                                                       ;40.9;0;2;6;0;70;57.8;1;0;3    ;CARTONS
8437;8437;WH FILEY BAY CASK 342 70CL;BOURBON SINGLE CASK 342;1;62;WHISKY                        ;0;;0;;GB  ;ROYAUME UNI                             ;257;DUGAS                                                       ;69;0;2;1;2;70;51;1;0;     ;
8438;8438;BIB 5L FLEUR MAUBET BLANC SEC;FRUITE COTES DE GASCOGNE;10;4;COTES DE GASCOGNE             ;22;VIN BLANC SEC;0;;    ;;351;MAISON VOISIN SARL COLLIVET                                 ;18.6;0;2;1;2;500;11.5;1;0;4    ;BIB
8439;8439;LONGUEROCHE CHARDONNAY 75CL;BLANC FÛT DE CHENE;10;5;IGP OC                        ;22;VIN BLANC SEC;226;DOMAINE LONGUEROCHE;    ;;47;DOMAINE DE LONGUEROCHE                                      ;9.49;0;2;6;26;75;13.5;1;0;     ;
8440;8440;VERRE LINDEMANS 50CL;SENSORIK;87;26;VERRERIE                      ;0;;0;;    ;;13;VANUXEEM BROUWERIJ SA/NV                                    ;3.1487;0;2;6;72;100;0;1;0;3    ;CARTONS
8441;8441;PERONI 0% 33CL;SANS ALCOOL;20;10;BIERE 20/25/33/35CL VP        ;0;;47;BRASSERIE PERONI;    ;;272;RHONE BOISSONS                                              ;1.1777;0;3;24;333;33;0;1;0;3    ;CARTONS
8442;8442;CRAIGIES VINTAGE CIDER 30L;STRONG CIDER;35;1;CIDER FUT                     ;0;;50;MAGNER;    ;;22;KARLSBRAU                                                   ;4.5089;0;2;30;0;100;8;1;30;1    ;FUT INOX
8443;8443;WHISK BENLEIOC TOURBE BIO 50CL;WILD OCCITAN SINGLE MALT;1;62;WHISKY                        ;0;;0;;FR  ;FRANCE                                  ;282;SAS PAILLE FREYBURGER                                       ;37.294;0;2;6;3;50;45;1;0;     ;
8444;8444;GDM LABELLE FRENCH DIPA 33CL;DIPA N18;20;10;BIERE 20/25/33/35CL VP        ;0;;48;BRASSERIE GUE DES MOINES;FR  ;FRANCE                                  ;282;SAS PAILLE FREYBURGER                                       ;2.2982;0.09925;2;24;0;33;7.3;1;0;3    ;CARTONS
8445;8445;ST MARTIN 1675   75CL;VIN VIEILLI EN AMPHORE;10;5;IGP OC                        ;20;VIN ROUGE;0;;    ;;511;CHATEAU SAINT MARTIN DES CHAMP                              ;20;0;2;6;5;75;14;0;0;     ;
8454;8454;CAMAS PINOT NOIR 75CL;100% PINOT ROUGE;10;5;IGP OC                        ;20;VIN ROUGE;0;;    ;;519;ANNE DE JOYEUSE                                             ;4.35;0;2;6;84;75;13;0;0;     ;
8455;8455;CAMAS CHARDONNAY BLANC 75CL;100% CHARDONNAY;10;5;IGP OC                        ;22;VIN BLANC SEC;0;;    ;;519;ANNE DE JOYEUSE                                             ;4.1;0;2;6;197;75;13;0;0;     ;
8458;8458;VARIRAPTOR MALBEC 75CL;TERROIR DES DINOSAURES;10;5;IGP OC                        ;20;VIN ROUGE;0;;    ;;519;ANNE DE JOYEUSE                                             ;5.9;0;2;6;53;75;13;0;0;     ;
8460;8460;GARAGE CALETA 30LKK;BLONDE KEYKEG;20;1;BIERE FUT 30L                 ;7;LAGER / PILS / ALE / BLONDE;156;GARAGE BREWING;ES  ;ESPAGNE                                 ;133;CERVECEROS GARAGE SL                                        ;3.3833;0.14008;2;30;0;100;3.4;1;0;5    ;FUT KEYKEG
8466;8466;GARAGE CALETA 33CL;BLONDE;20;25;BIERE 33/44/50 CL CANETTE     ;7;LAGER / PILS / ALE / BLONDE;156;GARAGE BREWING;ES  ;ESPAGNE                                 ;133;CERVECEROS GARAGE SL                                        ;1.5129;0.04623;2;16;6;33;3.4;1;0;3    ;CARTONS
8468;8468;SALEVE TZARINE FRAMBOISE 75CL;IMP STOUT FRAMBOISE;20;15;BIERE 75VP                    ;5;STOUT / PORTER;233;BRASSERIE DU MONT SALEVE;FR  ;FRANCE                                  ;400;BRASSERIE DU MONT SALEVE                                    ;6.93;0.2781;2;6;30;75;9;1;0;3    ;CARTONS
8470;8470;SACHET COUVERTS BOIS  C+F+S;SAC PAPIER KRAFT 1 PIECE;87;1;JETABLES                      ;0;;0;;    ;;16;ISAP                                                        ;0.1089;0;2;250;0;100;0;1;0;     ;
8472;8472;BARQUETTES BATEAU KRAFT 400ML;X125 PIECES;87;1;JETABLES                      ;0;;0;;    ;;16;ISAP                                                        ;6.6255;0;2;8;0;100;0;1;0;     ;
8473;8473;ASSIETTES CARTON BLANC X50;DIAMETRE 18;87;1;JETABLES                      ;0;;0;;    ;;16;ISAP                                                        ;1.7828;0;2;20;14;100;0;1;0;     ;
8474;8474;REFACTURATION T-SHIRT;CLIENT;91;1;SERVICES FRAIS                ;0;;0;;    ;;0;;350;0;2;1;0;100;0;1;0;     ;
8477;8477;KROMBACHER 2.5 30L;;20;1;BIERE FUT 30L                 ;7;LAGER / PILS / ALE / BLONDE;86;KROMBACHER;DE  ;ALLEMAGNE                               ;395;KROMBACHER BRAUEREI GMBH & CO                               ;2.1432;0.103;2;30;0;100;2.5;1;30;1    ;FUT INOX
8478;8478;STARNBERGER HELL 30L;BIERE BAVAROISE;20;1;BIERE FUT 30L                 ;7;LAGER / PILS / ALE / BLONDE;86;KROMBACHER;DE  ;ALLEMAGNE                               ;395;KROMBACHER BRAUEREI GMBH & CO                               ;2.7;0.39552;2;30;-90;100;4.8;1;30;1    ;FUT INOX
8480;8480;CAMPLAZENS JULIUS 75CL;14 MOIS FÛT DE CHENE;10;91;LA CLAPE                      ;20;VIN ROUGE;0;;    ;;300;CHATEAU CAMPLAZENS                                          ;28;0;2;6;5;75;15;1;0;     ;
8481;8481;CAMPLAZENS PREMIUM 75CL;14 MOIS EN FÛT DE CHÊNE NEUF;10;91;LA CLAPE                      ;20;VIN ROUGE;0;;    ;;300;CHATEAU CAMPLAZENS                                          ;11.8;0;2;6;0;75;15;1;0;     ;
8482;8482;CONVIVIALITE ROSÉ 75CL;GRENACHE GRIS;11;10;IGP COTEAUX NARBONNE          ;21;VIN ROSE;0;;    ;;300;CHATEAU CAMPLAZENS                                          ;4.455;0;2;6;-2;75;13.5;1;0;     ;
8483;8483;CONVIVIALITE CHARDONNAY 75CL;BLANC SEC;10;9;IGP COTEAUX NARBONNE          ;22;VIN BLANC SEC;0;;    ;;300;CHATEAU CAMPLAZENS                                          ;4.833;0;2;6;82;75;13.5;1;0;     ;
8484;8484;MAGNUM RESERVE ROSÉ 150CL;CAMPLAZENS;10;73;AOC LANGUEDOC                 ;21;VIN ROSE;0;;    ;;300;CHATEAU CAMPLAZENS                                          ;11.5;0;2;3;13;150;13.5;1;0;     ;
8485;8485;MAGNUM GARRIGUE LA CLAPE 150CL;CAMPLAZENS;10;91;LA CLAPE                      ;20;VIN ROUGE;0;;    ;;300;CHATEAU CAMPLAZENS                                          ;15;0;2;6;1;150;14;1;0;     ;
8486;8486;MAGNUM RESERVE BLANC 150CL;7 À 8 MOIS EN FÛT;11;10;IGP COTEAUX NARBONNE          ;22;VIN BLANC SEC;0;;    ;;300;CHATEAU CAMPLAZENS                                          ;15;0;2;6;0;15000;13.5;1;0;     ;
8487;8487;GUE DES MOINES LILIAN 26 20L;IPA;20;2;BIERE FUT 20L                 ;1;IPA;48;BRASSERIE GUE DES MOINES;FR  ;FRANCE                                  ;282;SAS PAILLE FREYBURGER                                       ;4;0.23896;2;20;0;100;5.8;1;30;1    ;FUT INOX
8489;8489;GUE DES MOINES LILIAN 33CL;IPA;20;10;BIERE 20/25/33/35CL VP        ;1;IPA;48;BRASSERIE GUE DES MOINES;FR  ;FRANCE                                  ;282;SAS PAILLE FREYBURGER                                       ;2.0833;0.07886;2;24;105;33;5.8;1;0;3    ;CARTONS
8490;8490;MAGNUM SAINT JULIEN ROSÉ 150CL;COTEAUX VAROIS EN PROVENCE;10;79;COTEAUX VAROIS EN PROVENCE    ;21;VIN ROSE;0;;    ;;385;SARL SAINT JULIEN DIFFUSION                                 ;22.8;0;2;6;0;150;13.5;1;0;     ;
8491;8491;LEBLOND CACHACA 70CL;CACHAÇA;1;35;EAU DE VIE                    ;0;;0;;BR  ;BRESIL                                  ;257;DUGAS                                                       ;22.6869;0;2;6;3;70;40;1;0;3    ;CARTONS
8492;8492;GIN THE ILLUSIONIST 50CL;GIN MAGIQUE;1;38;GIN                           ;0;;0;;FR  ;FRANCE                                  ;257;DUGAS                                                       ;27.4957;0;2;1;14;50;45;1;0;     ;
8494;8494;TANQUERAY FLOR DE SEVILLA 70CL;GIN INFUSEE;1;38;GIN                           ;0;;0;;SF  ;ECOSSE                                  ;257;DUGAS                                                       ;21.3;0;2;6;12;70;41.3;1;0;     ;
8495;8495;WHISKY ARDNAMURCHAN 70CL;SINGLE MALT;1;63;WHISKY ECOSSAIS               ;0;;0;;SF  ;ECOSSE                                  ;257;DUGAS                                                       ;36;0;2;1;4;70;46.8;1;0;3    ;CARTONS
8496;8496;WHISKY RAASAY SIGNATURE 70CL;ISLE OF RAASAY;1;63;WHISKY ECOSSAIS               ;0;;0;;SF  ;ECOSSE                                  ;257;DUGAS                                                       ;32;0;2;1;6;70;46.4;1;0;3    ;CARTONS
8497;8497;WHISKY CAOL ILA 12ANS 70CL;TOURBÉ;1;63;WHISKY ECOSSAIS               ;30;TOURBE;0;;SF  ;ECOSSE                                  ;257;DUGAS                                                       ;40;0;2;3;4;70;43;1;0;3    ;CARTONS
8498;8498;ELIJAH CRAIG RYE 70CL;VERSION RYE !!!!!;1;62;WHISKY                        ;0;;0;;US  ;ETATS-UNIS D'AMERIQUE                   ;257;DUGAS                                                       ;37.5782;0;2;1;0;70;47;1;0;3    ;CARTONS
8499;8499;RHUM HSE VSOP PORTO 70CL;TRES VIEUX RHUM;1;5;RHUMS DOMS                    ;0;;0;;MQ  ;MARTINIQUE                              ;257;DUGAS                                                       ;41.225;0;2;1;2;70;45;1;0;     ;
8500;8500;RHUM  HSE VO 42 ° 70CL;RHUM VIEUX AGRICOLE MARTINIQUE;1;5;RHUMS DOMS                    ;0;;0;;MQ  ;MARTINIQUE                              ;257;DUGAS                                                       ;22.5;0;2;1;11;70;42;1;0;     ;
8501;8501;GIN NORMINDIA CLASSIQUE 70CL;LE CLASSIQUE;1;38;GIN                           ;0;;0;;FR  ;FRANCE                                  ;257;DUGAS                                                       ;19.25;0;2;3;0;70;41.4;1;0;     ;
8502;8502;OLDTOOTH GINGER BEER 30L;;40;16;BOISSONS SUCREES VP           ;16;GINGER BEER;0;;FR  ;FRANCE                                  ;526;OLDTOOTH BREWERY                                            ;2.0394;0.2138;3;30;0;100;0;1;30;1    ;FUT INOX
8503;8503;CRAK NEIPA BIRRA 33CL;NEIPA;20;25;BIERE 33/44/50 CL CANETTE     ;1;IPA;195;BRASSERIE CRAK;IT  ;ITALIE                                  ;353;CRAK BREWERY                                                ;2.5415;0.08837;2;24;47;33;6.5;0;0;3    ;CARTONS
8510;8510;WHISKY KILKERRAN 8 ANS 70CL;CASK STRENGHT 55.60°;1;63;WHISKY ECOSSAIS               ;0;;0;;SF  ;ECOSSE                                  ;257;DUGAS                                                       ;51.2896;0;2;6;6;70;55.6;1;0;3    ;CARTONS
8511;8511;OGEU LIMONADE FUT 30L;;40;26;BOISSONS SUCREES FUT          ;0;;0;;    ;;100000;OGEU DIFFUSION                                              ;1.2;0.2138;3;30;360;100;0;1;30;     ;
8512;8512;WH KILKERRAN HEAVY PEATED 70CL;BATCH 11 57.90°;1;74;WHISKY IRLANDAIS              ;0;;0;;    ;;257;DUGAS                                                       ;40.9;0;2;6;2;70;57.9;1;0;3    ;CARTONS
8513;8513;WHISKY THE CHITA 70CL;SINGLE GRAIN;1;62;WHISKY                        ;0;;0;;JP  ;JAPON                                   ;257;DUGAS                                                       ;53;0;2;1;4;70;43;1;0;3    ;CARTONS
8514;8514;WHISKY WL WELLER 12A 70CL;ORIGINAL WHEATED BOURBON;1;71;BOURBON                       ;0;;0;;    ;;362;SVS LA MARTINIQUAISE BLMHD                                  ;33;0;2;6;6;70;45;1;0;     ;
8515;8515;ST RAPHAEL AMBRE QUINA 75CL;;1;41;LIQUEURS CREMES               ;0;;0;;    ;;362;SVS LA MARTINIQUAISE BLMHD                                  ;11;0;2;6;8;75;16;1;0;     ;
8518;8518;RHUM MILLONARIO KUYTCHI 70CL;SPICED RUM;1;2;RHUMS TIERS                   ;0;;0;;PE  ;PEROU                                   ;257;DUGAS                                                       ;25;0;2;1;3;70;40;1;0;     ;
8524;8524;IRON HELIOTT 44CL;WEST COAST IPA;20;25;BIERE 33/44/50 CL CANETTE     ;1;IPA;140;BRASSERIE IRON;FR  ;FRANCE                                  ;304;BRASSERIE IRON DAVID                                        ;3.0012;0.10877;2;24;0;44;6;1;0;3    ;CARTONS
8525;8525;IRON HAZIEST MATTER 44CL;NZ NEIPA;20;25;BIERE 33/44/50 CL CANETTE     ;1;IPA;140;BRASSERIE IRON;FR  ;FRANCE                                  ;304;BRASSERIE IRON DAVID                                        ;3.0012;0.10877;2;24;0;44;6;0;0;3    ;CARTONS
8526;8526;IRON GOLGOTH BA WHISKY 33CL;IMPERIAL STOUT WHISKY B.A;20;25;BIERE 33/44/50 CL CANETTE     ;5;STOUT / PORTER;140;BRASSERIE IRON;FR  ;FRANCE                                  ;304;BRASSERIE IRON DAVID                                        ;3.508;0.14956;2;24;0;33;11;1;0;3    ;CARTONS
8528;8528;GIN MARE 50CL;SAVEURS MÉDITERRANÉENNES AUTH;1;38;GIN                           ;0;;0;;ES  ;ESPAGNE                                 ;257;DUGAS                                                       ;30;0;2;6;6;50;42.7;1;0;     ;
8529;8529;LUPULUS BLEUETTE 33BTE;;20;25;BIERE 33/44/50 CL CANETTE     ;14;FRUITEE;10;BRASSERIE LUPULUS;BE  ;BELGIQUE                                ;13;VANUXEEM BROUWERIJ SA/NV                                    ;1.8447;0.0571;2;12;69;33;4.2;1;0;3    ;CARTONS
8530;8530;LUPULUS NELSON SAUVIN 33BTE;DRY HOP;20;25;BIERE 33/44/50 CL CANETTE     ;1;IPA;10;BRASSERIE LUPULUS;BE  ;BELGIQUE                                ;13;VANUXEEM BROUWERIJ SA/NV                                    ;1.9296;0.11557;2;12;15;33;8.5;1;0;3    ;CARTONS
8533;8533;SAISON DUPONT DRY HOPPING 33CL;CANETTE DRY HOPPING;20;25;BIERE 33/44/50 CL CANETTE     ;1;IPA;88;BRASSERIE DUPONT;BE  ;BELGIQUE                                ;13;VANUXEEM BROUWERIJ SA/NV                                    ;1.4009;0.08837;2;24;218;33;6.5;1;0;3    ;CARTONS
8541;8541;LES FRERES D'ARMES 75CL;VIN ROUGE MINERVOIS;10;75;MINERVOIS                     ;20;VIN ROUGE;0;;    ;;530;DOMAINE CALMEL & JOSEPH                                     ;6.2235;0;2;6;0;75;12.5;1;0;     ;
8542;8542;L'ART DU VERS 75CL  BIO;AOP TERRASSES DU LARZAC;10;0;VINS                          ;20;VIN ROUGE;0;;    ;;530;DOMAINE CALMEL & JOSEPH                                     ;8.2;0;2;6;0;75;13.5;1;0;     ;
8543;8543;LE PIC CALMEL ET JOSEPH 75CL;AOP PIC SAINT LOUP;10;72;PIC ST LOUP                   ;20;VIN ROUGE;0;;    ;;530;DOMAINE CALMEL & JOSEPH                                     ;11.2185;0;2;6;0;75;13;1;0;     ;
8544;8544;LES ELMELS CALMEL ET JOSEPH 75;AOP COLLIOURE;10;72;PIC ST LOUP                   ;20;VIN ROUGE;0;;    ;;530;DOMAINE CALMEL & JOSEPH                                     ;11.2185;0;2;6;0;75;13;1;0;     ;
8545;8545;VILLA BLANCHE CHARDONNAY 75CL;CAPSULE À VIS;10;0;VINS                          ;20;VIN ROUGE;0;;    ;;530;DOMAINE CALMEL & JOSEPH                                     ;4.995;0;2;6;0;75;13;1;0;     ;
8546;8546;VILLA BLANCHE PICPOUL PINET 75;AOP;10;0;VINS                          ;20;VIN ROUGE;0;;    ;;530;DOMAINE CALMEL & JOSEPH                                     ;5.7988;0;2;6;0;75;13;1;0;     ;
8547;8547;LE SENTIER PINOT NOIR BIO 75CL;VIN DE FRANCE;10;0;VINS                          ;20;VIN ROUGE;0;;    ;;530;DOMAINE CALMEL & JOSEPH                                     ;5.8185;0;2;6;0;75;12.5;1;0;     ;
8548;8548;AMSTRAMGRAM ALTITUDE 75CL;CHARDONNAY;10;0;VINS                          ;22;VIN BLANC SEC;0;;    ;;530;DOMAINE CALMEL & JOSEPH                                     ;5.2785;0;2;6;0;75;12.5;1;0;     ;
8549;8549;VERY CHARDONNAY 75CL;IGP HAUTE VALLÉE;10;5;IGP OC                        ;22;VIN BLANC SEC;0;;    ;;519;ANNE DE JOYEUSE                                             ;5.859;0;2;6;1;75;13;0;0;     ;
8551;8551;DEBAUCHE CAT SOUP 75CL;DIPA;20;15;BIERE 75VP                    ;1;IPA;191;LA DEBAUCHE;FR  ;FRANCE                                  ;356;BRASSERIE LA DEBAUCHE                                       ;4.455;0.2472;2;6;0;75;8;1;0;3    ;CARTONS
8552;8552;DEBAUCHE PULPY 44BTE;IMPERIAL STOUT BANANA SPLIT;20;25;BIERE 33/44/50 CL CANETTE     ;5;STOUT / PORTER;191;LA DEBAUCHE;FR  ;FRANCE                                  ;356;BRASSERIE LA DEBAUCHE                                       ;3.7665;0.18128;2;12;12;44;10;1;0;3    ;CARTONS
8554;8554;KEEP THE SECRET 33VP;FREEZE DISTILLED RICE IMP CITR;20;10;BIERE 20/25/33/35CL VP        ;5;STOUT / PORTER;191;LA DEBAUCHE;FR  ;FRANCE                                  ;356;BRASSERIE LA DEBAUCHE                                       ;8.5471;0.31271;2;12;36;33;23;1;0;3    ;CARTONS
8557;8557;73000 KROMBACHER PILS 5L;PILS MINI FÛT;20;4;BIERES FUT 5L/6L/12.5L        ;0;;86;KROMBACHER;DE  ;ALLEMAGNE                               ;395;KROMBACHER BRAUEREI GMBH & CO                               ;13;0.9888;2;2;0;500;4.8;1;0;1    ;FUT INOX
8558;8558;GARGANTUAVIS PINOT NOIR 75CL;TERROIR DES DINOSAURES;10;5;IGP OC                        ;20;VIN ROUGE;0;;    ;;519;ANNE DE JOYEUSE                                             ;5.95;0;2;6;55;75;13;0;0;     ;
8559;8559;AMPELOSAURUS CHARDONNAY 75CL;TERROIR DES DINOSAURES;10;5;IGP OC                        ;22;VIN BLANC SEC;0;;    ;;519;ANNE DE JOYEUSE                                             ;5.9;0;2;6;94;75;13;0;0;     ;
8565;8565;DOSKIWIS A SAVAGE 44CL;IPA SIMCOE MOUTERE CITRA CRYO;20;25;BIERE 33/44/50 CL CANETTE     ;1;IPA;259;DOSKIWIS;ES  ;ESPAGNE                                 ;504;DOSKIWIS BREWING                                            ;3.744;0.11783;2;12;-1;44;6.5;1;0;3    ;CARTONS
8568;8568;GIN BB6 BIO 40°   70CL;;1;38;GIN                           ;0;;0;;    ;;501;BEARS BROTHERS DISTILLERIE                                  ;16.9;0;2;6;4;70;40;1;0;     ;
8569;8569;GIN BB9 41° BIO  70CL    BLEUE;BERGAMOTE;1;38;GIN                           ;0;;0;;    ;;501;BEARS BROTHERS DISTILLERIE                                  ;20.9375;0;2;6;6;70;41;1;0;     ;
8570;8570;WHISKY 2B BLENDED MALT 40° 70C;AFFINE EN CHENE FRANCAIS;1;63;WHISKY ECOSSAIS               ;0;;0;;    ;;501;BEARS BROTHERS DISTILLERIE                                  ;25;0;2;6;4;70;40;1;0;     ;
8574;8574;AVIATEUR SPITFIRE 44CL CAN;DOUBLE IPA;20;25;BIERE 33/44/50 CL CANETTE     ;1;IPA;264;BRASSERIE AVIATEUR;FR  ;FRANCE                                  ;478;BRASSERIE AVIATEUR                                          ;3.434;0.14502;2;12;-3;44;8;1;0;3    ;CARTONS
8577;8577;CAMAS MERLOT ROUGE 75CL;IGP OC;10;5;IGP OC                        ;20;VIN ROUGE;0;;    ;;519;ANNE DE JOYEUSE                                             ;3.726;0;2;6;98;75;13;0;0;     ;
8578;8578;LA BUTINIERE ROUGE 75CL;AOP LIMOUX;10;10;AOP LIMOUX                    ;20;VIN ROUGE;0;;    ;;519;ANNE DE JOYEUSE                                             ;8.5;0;2;6;2;75;13.5;0;0;     ;
8584;8584;STIGBERGETS PILSNER 33CL;PILS;20;25;BIERE 33/44/50 CL CANETTE     ;7;LAGER / PILS / ALE / BLONDE;258;STIGBERGETS BRYGGERI;SE  ;SUEDE                                   ;466;STIGBERGETS BRYGGERI                                        ;1.679;0.06526;2;24;38;33;4.8;1;0;3    ;CARTONS
8586;8586;LA SUPERBE DISCOFURY 30LK;SINGLE HOP SUPERDELIC;20;1;BIERE FUT 30L                 ;1;IPA;242;LA SUPERBE;FR  ;FRANCE                                  ;411;LA SUPERBE                                                  ;4.9728;0.3296;2;30;90;100;8;1;0;5    ;FUT KEYKEG
8590;8590;CAMAS CHENIN BLANC 75CL;100% CHENIN;10;5;IGP OC                        ;22;VIN BLANC SEC;0;;    ;;519;ANNE DE JOYEUSE                                             ;4.1;0;2;6;21;75;13;0;0;     ;
8591;8591;GRAND DECAPSULEUR RAPIDE;REF 7612;87;6;ART. PUB.                     ;0;;86;KROMBACHER;    ;;395;KROMBACHER BRAUEREI GMBH & CO                               ;2.45;0;2;1;9;100;0;1;0;     ;
8592;8592;JONCTION PARASOL 4M;REF 4034;89;6;MATERIEL VENTE                ;0;;86;KROMBACHER;    ;;395;KROMBACHER BRAUEREI GMBH & CO                               ;278.2;0;2;1;0;100;0;1;0;     ;
8601;8601;BIB 19L COCA COLA;;72;0;SOFT DRINKS BIB               ;0;;0;;    ;;272;RHONE BOISSONS                                              ;238.625;0;3;1;0;1900;0;1;0;4    ;BIB
8602;8602;BIB 5L FINLEY TONIC;;72;0;SOFT DRINKS BIB               ;0;;0;;    ;;272;RHONE BOISSONS                                              ;73.6;0;3;1;0;500;0;1;0;4    ;BIB
8603;8603;BIB 5L SPRITE SANS SUCRE;;72;0;SOFT DRINKS BIB               ;0;;0;;    ;;272;RHONE BOISSONS                                              ;58.075;0;3;1;0;500;0;1;0;4    ;BIB
8604;8604;LOCATION FROID SEC 1 TIRAGE;;91;6;SERVICES LOCATIONS            ;0;;0;;    ;;0;;807.2428;0;2;1;-1;100;0;1;0;     ;
8605;8605;LOCATION FROID SEC 2 TIRAGES;;91;6;SERVICES LOCATIONS            ;0;;0;;    ;;0;;807.2428;0;2;1;0;100;0;1;0;     ;
8606;8606;RHUM ST JAMES ROYAL AMBRE 70CL;;1;5;RHUMS DOMS                    ;0;;0;;    ;;362;SVS LA MARTINIQUAISE BLMHD                                  ;13.6;0;2;6;0;70;45;1;0;     ;
8607;8607;BIB 2L RH ST JAMES ROYAL AMBRE;;1;5;RHUMS DOMS                    ;0;;0;;    ;;362;SVS LA MARTINIQUAISE BLMHD                                  ;35.8773;0;2;4;0;200;40;1;0;     ;
8608;8608;IRISH CREAM FIVE FARMS 70CL;;1;41;LIQUEURS CREMES               ;0;;0;;    ;;362;SVS LA MARTINIQUAISE BLMHD                                  ;21.374;0;2;9;4;70;17;1;0;     ;
8610;8610;LA TOUR SAINT LOUIS 2023;CHÂTEAU SAINT LOUIS;10;58;AOP FRONTON                   ;20;VIN ROUGE;0;;    ;;535;CHATEAU SAINT LOUIS                                         ;4.32;0;2;6;0;75;13.5;1;0;     ;
8611;8611;CHÂTEAU SAINT LOUIS 2020;AOC FRONTON;10;58;AOP FRONTON                   ;20;VIN ROUGE;0;;    ;;535;CHATEAU SAINT LOUIS                                         ;6.5835;0;2;6;0;75;14;1;0;     ;
8615;8615;ORANGINA S/PLACE 33CL BOITE;COMPTOIR;40;11;BOISSONS SUCREES VC COMPTOIR  ;0;;0;;    ;;4;METRO                                                       ;2.7084;0.0189;4;1;-1;25;0;1;0;     ;
8616;8616;PROSECCO MIONETTO 75CL;AVANTGARDE EXTRA DRY DOC;11;78;VIN MOUSSEUX DE QUALITE       ;0;;0;;IT  ;ITALIE                                  ;536;FREIXENET GRATIEN SAS                                       ;6.3;0;2;6;333;75;11;1;0;     ;
8617;8617;LA ROUGET DE LISLE BLONDE 30L;PILS FRANÇAISE;20;1;BIERE FUT 30L                 ;7;LAGER / PILS / ALE / BLONDE;594;BRASSERIE LA ROUGET;FR  ;FRANCE                                  ;537;BRASSERIE LA ROUGET                                         ;2.3;0.206;2;30;1350;100;5;1;30;1    ;FUT INOX
8629;8629;CLOS GRAVILLAS I'M ALIVE 75CL;VIN ROUGE CLAIR;10;6;VIN DE FRANCE                 ;20;VIN ROUGE;260;SAS CLOS DU GRAVILLAS;    ;;505;CLOS DU GRAVILLAS                                           ;8.75;0;2;6;38;75;11.5;1;0;     ;
8630;8630;CLOS GRAVILLAS COTÉ OBSCUR 75C;VDF ROUGE;10;6;VIN DE FRANCE                 ;20;VIN ROUGE;260;SAS CLOS DU GRAVILLAS;    ;;505;CLOS DU GRAVILLAS                                           ;8.5;0;2;6;44;75;13.5;1;0;     ;
8631;8631;CLOS GRAVILL JOUR DE TEUF 75CL;PETNAT MUSCAT;10;78;VIN MOUSSEUX DE QUALITE       ;26;VIN PETILLANT;260;SAS CLOS DU GRAVILLAS;    ;;505;CLOS DU GRAVILLAS                                           ;8.95;0;2;6;24;75;10;1;0;     ;
8632;8632;CLOS DU GRAVILLAS  HAPPY  75CL;VIN BLANC LEGER 10°;10;6;VIN DE FRANCE                 ;22;VIN BLANC SEC;260;SAS CLOS DU GRAVILLAS;    ;;505;CLOS DU GRAVILLAS                                           ;6.95;0;2;6;109;75;10;1;0;     ;
8633;8633;RHABDODON MAUZAC BLANC 75CL;TERROIR DES DINOSAURES;10;10;AOP LIMOUX                    ;22;VIN BLANC SEC;0;;    ;;519;ANNE DE JOYEUSE                                             ;5.9;0;2;6;35;75;13;0;0;     ;
8634;8634;PAULINE PABIOT LE COTEAU 75CL;POUILLY FUMÉ;10;38;BOURGOGNE BLANC               ;22;VIN BLANC SEC;0;;FR  ;FRANCE                                  ;540;BONS PLANTS VINS                                            ;14.98;0;2;6;12;75;12.5;1;0;3    ;CARTONS
8635;8635;CROIX SENAILLET - MATISCO 75CL;POUILLY FUISSÉ;10;38;BOURGOGNE BLANC               ;22;VIN BLANC SEC;0;;FR  ;FRANCE                                  ;540;BONS PLANTS VINS                                            ;28;0;2;6;0;75;12.5;1;0;3    ;CARTONS
8636;8636;BRIO CANTENAC BROWN 2020 75CL;BORDEAUX MARGAUX;10;25;MARGAUX                       ;20;VIN ROUGE;0;;FR  ;FRANCE                                  ;540;BONS PLANTS VINS                                            ;28;0;2;6;6;75;12.5;1;0;3    ;CARTONS
8637;8637;DOMAINE CHAPELLE - ALIGOTÉ 75C;BOURGOGNE;10;38;BOURGOGNE BLANC               ;22;VIN BLANC SEC;0;;FR  ;FRANCE                                  ;540;BONS PLANTS VINS                                            ;14.7555;0;2;6;6;75;12.5;1;0;3    ;CARTONS
8638;8638;DOSKIWIS HEARTBREAKER 30L;SOUR ALE FRAISE FRAMBOISE;20;1;BIERE FUT 30L                 ;2;SOUR;259;DOSKIWIS;ES  ;ESPAGNE                                 ;504;DOSKIWIS BREWING                                            ;4.5279;0.1854;2;30;90;100;4.5;1;0;5    ;FUT KEYKEG
8648;8648;MONT SALEVE PILS POIL 75VP;PILS;20;15;BIERE 75VP                    ;7;LAGER / PILS / ALE / BLONDE;233;BRASSERIE DU MONT SALEVE;FR  ;FRANCE                                  ;400;BRASSERIE DU MONT SALEVE                                    ;4.3817;0.12669;2;6;54;75;4.1;1;0;3    ;CARTONS
8651;8651;CREME PASSION GIFFARD 70CL;;1;41;LIQUEURS CREMES               ;0;;0;;    ;;274;GIFFARD                                                     ;9.58;0;2;6;2;70;16;1;0;     ;
8652;8652;RHUM LA SALLE BLANC BIO 70CL;PURE CANNE BIO;1;5;RHUMS DOMS                    ;0;;0;;MQ  ;MARTINIQUE                              ;544;DISTILLERIES PEUREUX MASSENEZ                               ;22.7708;0;2;6;2;70;51.5;0;0;3    ;CARTONS
8653;8653;RHUM NEW GROVE OLD 10 ANS 70CL;OLD TRADITION;1;2;RHUMS TIERS                   ;0;;0;;MU  ;ILE MAURICE                             ;544;DISTILLERIES PEUREUX MASSENEZ                               ;40.1208;0;2;6;4;70;42;0;0;3    ;CARTONS
8654;8654;RHUM DEPAZ VSOP 70CL;RESERVE SPECIALE;1;5;RHUMS DOMS                    ;0;;0;;MQ  ;MARTINIQUE                              ;544;DISTILLERIES PEUREUX MASSENEZ                               ;37.9117;0;2;6;6;70;45;0;0;3    ;CARTONS
8655;8655;RHUM RICCI VOLTFACE N°3 50CL;RHUM VIEUX;1;2;RHUMS TIERS                   ;0;;0;;BB  ;BARBADE                                 ;544;DISTILLERIES PEUREUX MASSENEZ                               ;44.6108;0;2;6;2;50;64.5;0;0;3    ;CARTONS
8657;8657;LAVE VERRE 40X40;;89;6;MATERIEL VENTE                ;0;;0;;    ;;280;EMB-SAGAA                                                   ;1300.23;0;2;1;0;100;0;1;0;     ;
8661;8661;BIB CAMAS CHARDONNAY 10L;IGP OC / ANNE DE JOYEUSE;10;10;AOP LIMOUX                    ;22;VIN BLANC SEC;0;;    ;;519;ANNE DE JOYEUSE                                             ;24.7725;0;2;1;10;1000;13;1;0;4    ;BIB
8662;8662;BIB CAMAS SYRAH ROSE 10L;IGP OC / ANNE DE JOYEUSE;11;0;VINS PERMANENTS               ;21;VIN ROSE;0;;    ;;519;ANNE DE JOYEUSE                                             ;22.3;0;2;1;0;1000;13;1;0;4    ;BIB
8664;8664;ART DE VIVRE ROSÉ 75CL;BOUTEILLE CÉRAMIQUE;10;73;AOC LANGUEDOC                 ;21;VIN ROSE;262;GERARD BERTRAND;FR  ;FRANCE                                  ;559;GERARD BERTRAND                                             ;8.6265;0;2;6;0;75;13;1;0;3    ;CARTONS
8665;8665;GB GRIS BLANC 75CL;IGP PAYS D'OC ROSE;10;5;IGP OC                        ;21;VIN ROSE;262;GERARD BERTRAND;FR  ;FRANCE                                  ;559;GERARD BERTRAND                                             ;7.4925;0;2;6;7;75;13;1;0;3    ;CARTONS
8669;8669;STIGBER BARREL DWIGHT FRY 33CL;WINE BARREL AGED BARLEY 2021;20;25;BIERE 33/44/50 CL CANETTE     ;6;BARREL AGED;258;STIGBERGETS BRYGGERI;SE  ;SUEDE                                   ;466;STIGBERGETS BRYGGERI                                        ;2.5335;0.15635;2;24;1;33;11.5;1;0;3    ;CARTONS
8670;8670;STIGBERGETS TOP PICK 44CL;IMPERIAL BBA STOUT X OMNIPOLLO;20;25;BIERE 33/44/50 CL CANETTE     ;5;STOUT / PORTER;258;STIGBERGETS BRYGGERI;SE  ;SUEDE                                   ;466;STIGBERGETS BRYGGERI                                        ;5.9085;0.27192;2;24;1;44;15;1;0;3    ;CARTONS
8673;8673;OLIVE VERTE SAV ORIENTAL 2.2KG;SEAU REF 7009665;87;11;TERRINE - BOCAUX - SAUCIS-FROM;0;;0;;FR  ;FRANCE                                  ;4;METRO                                                       ;17.687;0;3;1;0;100;0;1;0;     ;
8674;8674;SIEUR D'ARQUES 1È BULLES 75CL;BLANQUETTE DE LIMOUX BRUT;11;0;VINS PERMANENTS               ;26;VIN PETILLANT;0;;    ;;4;METRO                                                       ;7.488;0;2;6;0;75;12;1;0;     ;
8684;8684;DEBAUCHE HIT THE ROAD 20L;IMP STOUT COGNAC;20;2;BIERE FUT 20L                 ;5;STOUT / PORTER;191;LA DEBAUCHE;FR  ;FRANCE                                  ;356;BRASSERIE LA DEBAUCHE                                       ;9;0.4944;2;20;20;100;12;1;0;5    ;FUT KEYKEG
8685;8685;TIKKER LAGER 30L 4,8°;LAGER ASAHI FRANCE;20;1;BIERE FUT 30L                 ;7;LAGER / PILS / ALE / BLONDE;180;ASAHI;    ;;272;RHONE BOISSONS                                              ;2.5613;0.39552;2;30;0;100;4.8;1;30;1    ;FUT INOX
8686;8686;GIFFARD PUREE PASSION 1L;FRUIT FOR MIX;75;0;PUREE DE FRUITS               ;0;;243;GIFFARD;    ;;274;GIFFARD                                                     ;12.5;0;3;6;10;100;0;1;0;     ;
8687;8687;GIFFARD PUREE FRAISE 1L;FRUIT FOR MIX;75;0;PUREE DE FRUITS               ;0;;243;GIFFARD;    ;;274;GIFFARD                                                     ;11.2;0;3;6;10;100;0;1;0;     ;
8688;8688;GIFFARD PUREE FRAMBOISE 1L;FRUIT FOR MIX;75;0;PUREE DE FRUITS               ;0;;243;GIFFARD;    ;;274;GIFFARD                                                     ;12.5;0;3;6;8;100;0;1;0;     ;
8689;8689;GIFFARD PUREE MANGUE 1L;FRUIT FOR MIX;75;0;PUREE DE FRUITS               ;0;;243;GIFFARD;    ;;274;GIFFARD                                                     ;11.2;0;3;6;24;100;0;1;0;     ;
8690;8690;RHUM FOURSQUARE 2013 70CL;HABITATION VELIER;1;2;RHUMS TIERS                   ;0;;0;;    ;;333;LMDW DISTRIBUTION                                           ;134.964;0;2;1;0;70;64;1;0;3    ;CARTONS
8691;8691;NUSBAUMER POIRE 70CL;EAU DE VIE WILLIAMS SELECTION;1;35;EAU DE VIE                    ;0;;0;;FR  ;FRANCE                                  ;333;LMDW DISTRIBUTION                                           ;28;0;2;6;4;70;43;1;0;     ;
8692;8692;GIN PORTOFINO 50CL;DRY GIN;1;38;GIN                           ;0;;0;;    ;;333;LMDW DISTRIBUTION                                           ;29;0;2;6;9;50;43;1;0;     ;
8693;8693;RHUM HAMPDEN 1753 70CL;;1;2;RHUMS TIERS                   ;0;;0;;    ;;333;LMDW DISTRIBUTION                                           ;36.0101;0;2;6;3;70;46;1;0;     ;
8694;8694;WHISKY CRAIGELLACHIE 10A 70CL;SHERRY BUTT 100 PROOF;1;62;WHISKY                        ;0;;0;;    ;;333;LMDW DISTRIBUTION                                           ;39.0885;0;2;6;0;70;57.1;1;0;     ;
8695;8695;WHISKY EDRADOUR 10 ANS 70CL;SINGLE MALT WHISKY;1;62;WHISKY                        ;0;;0;;SF  ;ECOSSE                                  ;333;LMDW DISTRIBUTION                                           ;40.595;0;2;6;0;70;43;1;0;     ;
8697;8697;TOMETTE CHEVRE 37% 550G ONETIK;;87;11;TERRINE - BOCAUX - SAUCIS-FROM;0;;0;;FR  ;FRANCE                                  ;388;FRANCE FRAIS OCCITANIE                                      ;56.4;0;3;1;0;100;0;1;0;3    ;CARTONS
8698;8698;TOMME APRES SOLEIL 32% LC 5KG;JUMI AG;87;11;TERRINE - BOCAUX - SAUCIS-FROM;0;;0;;FR  ;FRANCE                                  ;388;FRANCE FRAIS OCCITANIE                                      ;56.4;0;3;1;0;100;0;1;0;3    ;CARTONS
8699;8699;TOMME CROQUANTS 31% 850G;AFF.LIQ.NOIX;87;11;TERRINE - BOCAUX - SAUCIS-FROM;0;;0;;FR  ;FRANCE                                  ;388;FRANCE FRAIS OCCITANIE                                      ;56.4;0;3;1;0;100;0;1;0;3    ;CARTONS
8700;8700;PATE CAMPAGNE PV 180G;A EMPORTER;87;11;TERRINE - BOCAUX - SAUCIS-FROM;0;;0;;FR  ;FRANCE                                  ;388;FRANCE FRAIS OCCITANIE                                      ;4.023;0;3;12;5;100;0;1;0;3    ;CARTONS
8701;8701;RATZ XV 33CL;BLONDE SPECIALE;20;10;BIERE 20/25/33/35CL VP        ;7;LAGER / PILS / ALE / BLONDE;27;BRASSERIE RATZ;FR  ;FRANCE                                  ;57;RATZ BRASSERIE ARTISANALE                                   ;1.5066;0.08837;2;12;0;33;6.5;1;0;3    ;CARTONS
8705;8705;VERRE CONIQUE 25CL;;87;26;VERRERIE                      ;0;;0;;    ;;537;BRASSERIE LA ROUGET                                         ;1.5;0;2;6;240;100;0;1;0;3    ;CARTONS
8706;8706;VERRE CONIQUE 33/50CL;;87;26;VERRERIE                      ;0;;0;;    ;;537;BRASSERIE LA ROUGET                                         ;1.5;0;2;6;150;100;0;1;0;3    ;CARTONS
8707;8707;RILLETTES MANS PP TERR VOF 1KG;;87;11;TERRINE - BOCAUX - SAUCIS-FROM;0;;0;;FR  ;FRANCE                                  ;388;FRANCE FRAIS OCCITANIE                                      ;29.1;0;3;1;0;100;0;1;0;3    ;CARTONS
8711;8711;GARAGE P9 20L KK;BERLINER FRAMBOISE PASSION;20;2;BIERE FUT 20L                 ;0;;156;GARAGE BREWING;ES  ;ESPAGNE                                 ;133;CERVECEROS GARAGE SL                                        ;4.9408;0.1648;2;20;620;100;4;1;0;5    ;FUT KEYKEG
8713;8713;MONT SALEVE ABRICOT 20L KK;SOUR;20;2;BIERE FUT 20L                 ;2;SOUR;233;BRASSERIE DU MONT SALEVE;FR  ;FRANCE                                  ;400;BRASSERIE DU MONT SALEVE                                    ;5.7313;0.2472;2;20;40;100;6;1;0;5    ;FUT KEYKEG
8716;8716;LIMONADE BIM 25CL VC;;40;6;BOISSONS SUCREES VC           ;0;;0;;    ;;272;RHONE BOISSONS                                              ;0.59;0.0534;3;24;912;25;0;1;5.5;2    ;CAISSE
8719;8719;LAUGAR TRIBULATIONS 33CL;SCOTCH ALE;20;10;BIERE 20/25/33/35CL VP        ;6;BARREL AGED;192;BRASSERIE LAUGAR;ES  ;ESPAGNE                                 ;334;LAUGAR BREWERY S.L.                                         ;3.4709;0.14956;2;24;1;33;11;1;0;3    ;CARTONS
8721;8721;LAUGAR SMOKY MOUNTAIN 44CL;IMPERIAL STOUT;20;25;BIERE 33/44/50 CL CANETTE     ;5;STOUT / PORTER;192;BRASSERIE LAUGAR;ES  ;ESPAGNE                                 ;334;LAUGAR BREWERY S.L.                                         ;4.5792;0.24364;2;24;17;44;13.44;1;0;3    ;CARTONS
8726;8726;SCHNEIDER ORIGINAL TAP 7 50VC;;20;11;BIERE 50CL VC                 ;7;LAGER / PILS / ALE / BLONDE;53;BRASSERIE SCHNEIDER;    ;;104;MD BOISSONS HO BIERE                                        ;1.61;0.11124;2;20;0;50;5.4;1;4.8;2    ;CAISSE
8727;8727;CROQUETAS JAMBON IBERIQUE 30G;AVIDOC;87;11;TERRINE - BOCAUX - SAUCIS-FROM;0;;0;;FR  ;FRANCE                                  ;415;AVIDOC                                                      ;7.176;0;3;1;1;100;0;1;0;3    ;CARTONS
8728;8728;MOZZA STICK BREADEAD 28G;SACHET 1KG;87;11;TERRINE - BOCAUX - SAUCIS-FROM;0;;0;;FR  ;FRANCE                                  ;415;AVIDOC                                                      ;19.7;0;3;1;1;100;0;1;0;3    ;CARTONS
8732;8732;CAFE GRAIN SAPHIR 250G;100% ARABICA FAIBLE EN CAFEINE;85;1;CAFE                          ;0;;0;;    ;;143;TNT CAFE                                                    ;5.95;0;3;1;3;100;0;1;0;     ;
8733;8733;AVIATEUR FIRST FLIGHT 44CL;PALE ALE;20;25;BIERE 33/44/50 CL CANETTE     ;0;;264;BRASSERIE AVIATEUR;FR  ;FRANCE                                  ;478;BRASSERIE AVIATEUR                                          ;2.761;0.10152;2;12;19;44;5.6;1;0;3    ;CARTONS
8734;8734;FUET CEPES 100G A EMPORTER;A EMPORTER;87;11;TERRINE - BOCAUX - SAUCIS-FROM;0;;0;;    ;;402;J VILA EMBOTITS ARTESANS                                    ;1.4875;0;3;1;0;100;0;1;0;     ;
8735;8735;FUET PIQUANT 100G A EMPORTER;A EMPORTER;87;11;TERRINE - BOCAUX - SAUCIS-FROM;0;;0;;    ;;402;J VILA EMBOTITS ARTESANS                                    ;1.4875;0;3;1;9;100;0;1;0;     ;
8736;8736;GRIS BLANC 150 CL MAGNUM;GERARD BERTRAND;11;5;OC                            ;21;VIN ROSE;262;GERARD BERTRAND;    ;;559;GERARD BERTRAND                                             ;16.5;0;2;6;0;15000;13;1;0;     ;
8737;8737;SIROP DE BATTERIE MOYSAN 50CL;;70;0;SIROP                         ;0;;0;;    ;;257;DUGAS                                                       ;11.62;0;3;6;9;50;0;1;0;     ;
8740;8740;CHANT DU CYGNE ABSINTHE 50CL;60°;1;29;ABSINTHES                     ;0;;554;DISTILLERIE DU CHANT DU CYGNE;    ;;554;DISTILLERIE DU CHANT DU CYGNE                               ;37.1112;0;2;1;1;50;60;1;0;     ;
8741;8741;EDV CHANT DU CYGNE ORIGIN 50CL;EAU DE VIE 41.5%;1;35;EAU DE VIE                    ;0;;554;DISTILLERIE DU CHANT DU CYGNE;    ;;554;DISTILLERIE DU CHANT DU CYGNE                               ;26.1449;0;2;1;0;50;41.5;1;0;     ;
8742;8742;VODKA BBV1 BIO 10L BIDON;;1;50;VODKA                         ;0;;0;;    ;;501;BEARS BROTHERS DISTILLERIE                                  ;172.3536;0;2;1;0;1000;40;1;0;     ;
8743;8743;GIN BB6 BIO 10L BIDON;;1;38;GIN                           ;0;;0;;    ;;501;BEARS BROTHERS DISTILLERIE                                  ;177.2496;0;2;1;0;1000;40;1;0;     ;
8744;8744;VODKA BBV1 BIO 70CL;;1;50;VODKA                         ;0;;0;;    ;;501;BEARS BROTHERS DISTILLERIE                                  ;14.7751;0;2;1;0;70;40;1;0;     ;
8747;8747;CRISTALINE PETILLANTE 150CL;EAU GAZEUSE;60;1;EAUX PET                      ;0;;0;;    ;;414;ST MEDARD SOURCE - VALS                                     ;0.48;0;3;6;1007;150;0;1;0;     ;
8748;8748;HERITAGE TERRASSE LARZAC 75CL;;10;73;AOC LANGUEDOC                 ;21;VIN ROSE;262;GERARD BERTRAND;FR  ;FRANCE                                  ;559;GERARD BERTRAND                                             ;9.7335;0;2;6;0;75;13.5;1;0;3    ;CARTONS
8750;8750;PATE CAMPAGNE TERR RONDE 2.5KG;;87;11;TERRINE - BOCAUX - SAUCIS-FROM;0;;0;;FR  ;FRANCE                                  ;388;FRANCE FRAIS OCCITANIE                                      ;27.304;0;3;1;0;100;0;1;0;3    ;CARTONS
8751;8751;BIB CAMAS SYRAH ROSÉ 5L;IGP OC / ANNE DE JOYEUSE;10;5;IGP OC                        ;21;VIN ROSE;0;;    ;;519;ANNE DE JOYEUSE                                             ;12.3525;0;2;1;0;500;13;1;0;4    ;BIB
8752;8752;VERRE AVIERO KROMBACHER 25CL;A PIED REF 5299;87;26;VERRERIE                      ;0;;86;KROMBACHER;    ;;395;KROMBACHER BRAUEREI GMBH & CO                               ;2.415;0;2;6;96;100;0;0;0;3    ;CARTONS
8753;8753;VERRE AVIERO KROMBACHER 50CL;A PIED REF 5300;87;26;VERRERIE                      ;0;;86;KROMBACHER;    ;;395;KROMBACHER BRAUEREI GMBH & CO                               ;2.4725;0;2;6;228;100;0;0;0;3    ;CARTONS
8754;8754;CHAISE DE PLAGE;REF 7609;87;6;ART. PUB.                     ;0;;86;KROMBACHER;    ;;395;KROMBACHER BRAUEREI GMBH & CO                               ;26.64;0;2;1;5;100;0;1;0;3    ;CARTONS
8755;8755;PLAID KROMBACHER;REF 7696;89;6;MATERIEL VENTE                ;0;;86;KROMBACHER;    ;;395;KROMBACHER BRAUEREI GMBH & CO                               ;20.88;0;2;1;0;100;0;0;0;     ;
8756;8756;T SHIRT 1803 UNISEX;;87;6;ART. PUB.                     ;0;;86;KROMBACHER;    ;;395;KROMBACHER BRAUEREI GMBH & CO                               ;13.225;0;2;1;0;100;0;1;0;     ;
8764;8764;LA SUPERBE FLAMME AMBER 33CL;AMBER ALE;20;10;BIERE 20/25/33/35CL VP        ;4;AMBREE / ROUSSE / RED ALE;242;LA SUPERBE;FR  ;FRANCE                                  ;411;LA SUPERBE                                                  ;1.8556;0.08701;2;24;2;33;6.4;1;0;3    ;CARTONS
8765;8765;LA SUPERBE MAREA IPA 33CL X24;IPA;20;10;BIERE 20/25/33/35CL VP        ;1;IPA;242;LA SUPERBE;FR  ;FRANCE                                  ;411;LA SUPERBE                                                  ;1.9718;0.0707;2;24;145;33;5.2;1;0;3    ;CARTONS
8766;8766;LA SUPERBE MUXU GOSE 33CL;GOSE;20;10;BIERE 20/25/33/35CL VP        ;9;GOSE;242;LA SUPERBE;FR  ;FRANCE                                  ;411;LA SUPERBE                                                  ;2.1786;0.0775;2;24;144;33;5.7;1;0;3    ;CARTONS
8767;8767;CARTOUCHE CO2 5KG;NATURCO;80;1;GAZ PLEIN                     ;0;;0;;    ;;69;L2PI                                                        ;17;0;2;1;4;100;0;1;85;     ;
8768;8768;BASQUELAND GILDA 33CL;IPA;20;25;BIERE 33/44/50 CL CANETTE     ;0;;133;BASQUELAND BREWING PROJECT;ES  ;ESPAGNE                                 ;314;BASQUELAND BREWING PROJECT                                  ;2.187;0.08294;2;24;24;33;6.1;1;0;3    ;CARTONS
8769;8769;BASQUELAND SANTA CLARA 33CL;BASQUE LAGER;20;25;BIERE 33/44/50 CL CANETTE     ;7;LAGER / PILS / ALE / BLONDE;133;BASQUELAND BREWING PROJECT;ES  ;ESPAGNE                                 ;314;BASQUELAND BREWING PROJECT                                  ;1.6063;0.06526;2;24;209;33;4.8;1;0;3    ;CARTONS
8773;8773;BASQUELAND HERO TOSTADA 33CL;SANS ALCOOL;20;25;BIERE 33/44/50 CL CANETTE     ;0;;133;BASQUELAND BREWING PROJECT;FR  ;FRANCE                                  ;314;BASQUELAND BREWING PROJECT                                  ;1.8495;0.0136;3;24;46;33;0.37;1;0;3    ;CARTONS
8774;8774;ROHOZEC FESTIVAL 30L;PILS;20;1;BIERE FUT 30L                 ;7;LAGER / PILS / ALE / BLONDE;595;BRASSERIE ROHOZEC;CS  ;TCHECOSLOVAQUIE                         ;563;LES BIERES TCHEQUES                                         ;2.12;0.1854;2;30;12180;100;4.5;1;40;1    ;FUT INOX
8775;8775;OGEU GAZEUSE 50CL PET X24;PFL110744 GAZ PLASTIQUE;60;1;EAUX PET                      ;0;;0;;    ;;100000;OGEU DIFFUSION                                              ;0.597;0;3;24;792;50;0;1;0;     ;
8776;8776;FLORIS KRIEK 30L;BRASSERIE HUYGHE;20;1;BIERE FUT 30L                 ;14;FRUITEE;40;BRASSERIE HUYGHE;BE  ;BELGIQUE                                ;13;VANUXEEM BROUWERIJ SA/NV                                    ;3.9007;0.29664;2;30;150;100;3.6;1;30;1    ;FUT INOX
8778;8778;FLORIS CACTUS 20L;;20;2;BIERE FUT 20L                 ;14;FRUITEE;40;BRASSERIE HUYGHE;BE  ;BELGIQUE                                ;13;VANUXEEM BROUWERIJ SA/NV                                    ;4.45;0.34608;2;20;0;100;4.2;1;60;1    ;FUT INOX
8781;8781;DOSKIWIS SUNNY NELSON 44CL;PALE ALE;20;25;BIERE 33/44/50 CL CANETTE     ;8;PALE ALE;259;DOSKIWIS;ES  ;ESPAGNE                                 ;504;DOSKIWIS BREWING                                            ;3.243;0.08158;2;12;74;44;4.5;1;0;3    ;CARTONS
8785;8785;DOSKIWIS HEARTBREAKER 44CL;SOUR ALE FRAISE FRAMBOISE;20;25;BIERE 33/44/50 CL CANETTE     ;2;SOUR;259;DOSKIWIS;ES  ;ESPAGNE                                 ;504;DOSKIWIS BREWING                                            ;3.2016;0.08158;2;12;75;44;4.5;1;0;3    ;CARTONS
8787;8787;UBY SANS ALCOOL BLANC 75CL;MAISON VOISIN;11;0;VINS PERMANENTS               ;0;;0;;    ;;351;MAISON VOISIN SARL COLLIVET                                 ;5.805;0;3;6;6;75;0;1;0;3    ;CARTONS
8788;8788;UBY SANS ALCOOL ROSE 75CL;MAISON VOISIN;11;0;VINS PERMANENTS               ;0;;0;;    ;;351;MAISON VOISIN SARL COLLIVET                                 ;5.805;0;3;6;15;75;0;1;0;3    ;CARTONS
8789;8789;COCA COLA CHERRY 33CL CANETTE;CARTON DE 24 CANETTES;40;21;BOISSONS SUCREES BTE          ;0;;0;;    ;;4;METRO                                                       ;0.775;0.1176;3;24;120;33;0;1;0;     ;
8790;8790;HAPPY DAY MANGUE 100CL BRIQUE;NECTAR MANGUE;50;1;JUS DE FRUITS BRIQUES         ;0;;240;RAUCH;    ;;416;RAUCH                                                       ;2.0116;0.3563;3;6;0;100;0;1;0;     ;
8791;8791;HAPPY DAY ABRICOT 100CL BRIQUE;NECTAR ABRICOT;50;1;JUS DE FRUITS BRIQUES         ;0;;240;RAUCH;    ;;416;RAUCH                                                       ;1.9912;0.3563;3;6;0;100;0;1;0;     ;
8794;8794;STIGBERGETS TOP DAWG 20L;CITRA SINGLE HOP;20;2;BIERE FUT 20L                 ;1;IPA;258;STIGBERGETS BRYGGERI;SE  ;SUEDE                                   ;466;STIGBERGETS BRYGGERI                                        ;5.504;0.33784;2;20;0;100;8.2;1;0;5    ;FUT KEYKEG
8796;8796;STIG THREE HEADED COD 2025 44C;COLLAB CROSBY HOPS;20;25;BIERE 33/44/50 CL CANETTE     ;1;IPA;258;STIGBERGETS BRYGGERI;SE  ;SUEDE                                   ;466;STIGBERGETS BRYGGERI                                        ;3.8047;0.13596;2;24;4;44;7.5;1;0;3    ;CARTONS
8799;8799;STIGBERGETS LJUS 33CL;PILS;20;25;BIERE 33/44/50 CL CANETTE     ;7;LAGER / PILS / ALE / BLONDE;258;STIGBERGETS BRYGGERI;SE  ;SUEDE                                   ;466;STIGBERGETS BRYGGERI                                        ;2.1735;0.06798;2;24;44;33;5;1;0;3    ;CARTONS
8802;8802;LUPULUS HAZY SESSION 20L;SESSION IPA 4,5°;20;2;BIERE FUT 20L                 ;1;IPA;10;BRASSERIE LUPULUS;BE  ;BELGIQUE                                ;13;VANUXEEM BROUWERIJ SA/NV                                    ;4.34;0.1854;2;20;220;100;4.5;1;30;1    ;FUT INOX
8803;8803;ROTHAUS TANNENZAPFLE 33CL VP;REF CARTON VERRE PERDU;20;10;BIERE 20/25/33/35CL VP        ;7;LAGER / PILS / ALE / BLONDE;51;BRASSERIE ROTHAUS;DE  ;ALLEMAGNE                               ;577;ROTHAUS                                                     ;1.1034;0.13868;2;24;295;33;5.1;1;0;3    ;CARTONS
8804;8804;ROTHAU NATUR RADLER CITRON33CL;50% LIMONADE 50% BIERE;20;13;BIERE 50/60/66 CL VP          ;7;LAGER / PILS / ALE / BLONDE;51;BRASSERIE ROTHAUS;DE  ;ALLEMAGNE                               ;577;ROTHAUS                                                     ;0.8823;0.0571;2;24;134;33;2.1;1;0;3    ;CARTONS
8805;8805;ROTHAUS TANEN SANS ALCOOL 33CL;TANNENZAPFLE SANS ALCOOL;20;10;BIERE 20/25/33/35CL VP        ;7;LAGER / PILS / ALE / BLONDE;51;BRASSERIE ROTHAUS;FR  ;FRANCE                                  ;577;ROTHAUS                                                     ;1.0989;0.0136;3;24;217;33;0.5;1;0;3    ;CARTONS
8806;8806;ROTHAUS WEIZEN 50CL VP;REFERENCE EN CARTON;20;13;BIERE 50/60/66 CL VP          ;3;BLANCHE;51;BRASSERIE ROTHAUS;DE  ;ALLEMAGNE                               ;577;ROTHAUS                                                     ;1.381;0.22248;2;20;438;50;5.4;1;0;3    ;CARTONS
8807;8807;ROTHAUS PILS 50CL VP;REFÉRENCE CARTON;20;13;BIERE 50/60/66 CL VP          ;7;LAGER / PILS / ALE / BLONDE;51;BRASSERIE ROTHAUS;DE  ;ALLEMAGNE                               ;577;ROTHAUS                                                     ;1.381;0.21012;2;20;27;50;5.1;1;0;3    ;CARTONS
8808;8808;FEVER TREE MEDITERRANEAN 50VP;PREMIUM 100% NATUREL;40;16;BOISSONS SUCREES VP           ;0;;0;;    ;;430;SOLINEST / FEVER TREE                                       ;2.7458;0.1069;3;8;0;50;0;1;0;     ;
8809;8809;CAFE GRAIN HONDURA BIO 1KG;;85;1;CAFE                          ;0;;0;;    ;;143;TNT CAFE                                                    ;25.9;0;3;1;0;100;0;1;0;     ;
8810;8810;SIROP SUCRE CANNE GIFFARD 1L;GIFFARD SUCRE DE CANNE;70;0;SIROP                         ;0;;243;GIFFARD;    ;;274;GIFFARD                                                     ;4.9;0;3;6;-1;100;0;1;0;     ;
8816;8816;JEVER PILS 30L;;20;1;BIERE FUT 30L                 ;7;LAGER / PILS / ALE / BLONDE;87;BRASSERIE JEVER;DE  ;ALLEMAGNE                               ;0;;2.8545;0.40376;2;30;0;100;4.9;1;30;1    ;FUT INOX
8817;8817;GIFFARD SPRITZ 70CL;;1;41;LIQUEURS CREMES               ;0;;243;GIFFARD;    ;;274;GIFFARD                                                     ;9.455;0;2;6;23;70;16;1;0;     ;
8818;8818;RHUM PERE LABAT TATANKA 70CL;RHUM VIEUX 5 ANS;1;5;RHUMS DOMS                    ;0;;0;;GP  ;GUADELOUPE                              ;544;DISTILLERIES PEUREUX MASSENEZ                               ;113.1165;0;2;6;1;70;42;0;0;3    ;CARTONS
8819;8819;RHUM J.BALLY 7 ANS 70CL;RHUM HORS D'AGE 7 ANS PYRAMIDE;1;5;RHUMS DOMS                    ;0;;0;;MQ  ;MARTINIQUE                              ;544;DISTILLERIES PEUREUX MASSENEZ                               ;42;0;2;6;2;70;45;0;0;3    ;CARTONS
8820;8820;RHUM SWELL 6 EASY PEASY 50CL;RHUM BLANC AGRICOLE BIELLE;1;5;RHUMS DOMS                    ;0;;0;;GP  ;GUADELOUPE                              ;544;DISTILLERIES PEUREUX MASSENEZ                               ;33.6625;0;2;6;0;50;59.9;0;0;3    ;CARTONS
8822;8822;GAYREL VIN BLANC FRAI 20L;FUT DE VIN CONSIGNÉ 30€;11;4;VIN DE FRANCE                 ;26;VIN PETILLANT;0;;    ;;270;LES VIGNOBLES GAYREL S.A.S                                  ;4.34;0;2;20;0;100;9;1;30;1    ;FUT INOX
8823;8823;LES CREISSES 2003 75CL;IGO OC ROUGE;10;0;VINS                          ;20;VIN ROUGE;0;;FR  ;FRANCE                                  ;540;BONS PLANTS VINS                                            ;13.77;0;2;12;0;75;14.5;1;0;3    ;CARTONS
8824;8824;LES BRUNES 2022 75CL;DOMMAINE LES CREISSES;10;0;VINS                          ;20;VIN ROUGE;0;;FR  ;FRANCE                                  ;540;BONS PLANTS VINS                                            ;26.325;0;2;6;0;75;14.5;1;0;3    ;CARTONS
8830;8830;DEBAUCHE NEIPA 30L INOX;NEIPA;20;1;BIERE FUT 30L                 ;1;IPA;191;LA DEBAUCHE;FR  ;FRANCE                                  ;356;BRASSERIE LA DEBAUCHE                                       ;3.95;0.2472;2;30;60;100;6;1;30;1    ;FUT INOX
8836;8836;BASQUELAND PINK FLAMINGO 33CL;FRUITED SOUR;20;25;BIERE 33/44/50 CL CANETTE     ;2;SOUR;133;BASQUELAND BREWING PROJECT;ES  ;ESPAGNE                                 ;314;BASQUELAND BREWING PROJECT                                  ;1.8084;0.1414;2;24;2;33;5.2;1;0;3    ;CARTONS
8842;8842;MONT SALEVE BIERE DE GARDE 75C;BIERE AMBREE;20;15;BIERE 75VP                    ;4;AMBREE / ROUSSE / RED ALE;233;BRASSERIE DU MONT SALEVE;FR  ;FRANCE                                  ;400;BRASSERIE DU MONT SALEVE                                    ;3.9794;0.1854;2;6;3;75;6;1;0;3    ;CARTONS
8845;8845;MT SALEVE NOUVEAU MONDE 30L;HOUBLONS NZ;20;1;BIERE FUT 30L                 ;1;IPA;233;BRASSERIE DU MONT SALEVE;FR  ;FRANCE                                  ;400;BRASSERIE DU MONT SALEVE                                    ;4.7354;0.3296;2;30;90;100;8;1;0;5    ;FUT KEYKEG
8846;8846;MT SALEVE PILS POIL 30L;PILS HOUBLONS US;20;1;BIERE FUT 30L                 ;7;LAGER / PILS / ALE / BLONDE;233;BRASSERIE DU MONT SALEVE;FR  ;FRANCE                                  ;400;BRASSERIE DU MONT SALEVE                                    ;4.1567;0.206;2;30;60;100;5;1;0;5    ;FUT KEYKEG
8850;8850;DOSKIWIS KEEP ON 44CL;WEST COAST PILS;20;25;BIERE 33/44/50 CL CANETTE     ;1;IPA;259;DOSKIWIS;ES  ;ESPAGNE                                 ;504;DOSKIWIS BREWING                                            ;2.916;0.09789;2;12;10;44;5.4;1;0;3    ;CARTONS
8858;8858;LIMONCE APERITIVO ALLA 70CL;APERITIVO ALLA SICILIANA 14.8°;1;41;LIQUEURS CREMES               ;0;;0;;    ;;257;DUGAS                                                       ;11.1;0;2;3;0;70;14.8;1;0;     ;
8859;8859;FENTIMANS PREMIUM TONIC W 20CL;PREMIUM TONIC WATER;40;16;BOISSONS SUCREES VP           ;0;;0;;GB  ;ROYAUME UNI                             ;257;DUGAS                                                       ;1.15;0.0428;3;24;24;20;0;1;0;     ;
8861;8861;ROUGET GRIOTTINES 20L;;20;1;BIERE FUT 30L                 ;14;FRUITEE;594;BRASSERIE LA ROUGET;FR  ;FRANCE                                  ;537;BRASSERIE LA ROUGET                                         ;4.4375;0.206;2;20;380;100;5;1;30;1    ;FUT INOX
8863;8863;GARAGE  4° SOUP-ITA 4°   44CL;SESSION NEIPA;20;25;BIERE 33/44/50 CL CANETTE     ;1;IPA;156;GARAGE BREWING;ES  ;ESPAGNE                                 ;133;CERVECEROS GARAGE SL                                        ;3.2332;0.07251;2;16;4;44;4;1;0;3    ;CARTONS
8864;8864;GARAGE ALL VAPED 44CL;NEIPA;20;25;BIERE 33/44/50 CL CANETTE     ;1;IPA;156;GARAGE BREWING;ES  ;ESPAGNE                                 ;133;CERVECEROS GARAGE SL                                        ;3.6585;0.10877;2;16;7;44;6;1;0;3    ;CARTONS
8867;8867;GARAGE 4° SOUP ITA 4°  30L  KK;SESSION NEIPA;20;1;BIERE FUT 30L                 ;1;IPA;156;GARAGE BREWING;ES  ;ESPAGNE                                 ;133;CERVECEROS GARAGE SL                                        ;4.8682;0.1648;2;30;0;100;4;1;0;5    ;FUT KEYKEG
8870;8870;MEANTIME CUTTY HAZE IPA 30L;ANGLETERRE;20;1;BIERE FUT 30L                 ;1;IPA;180;ASAHI;    ;;272;RHONE BOISSONS                                              ;4.2;0.3296;2;30;420;100;4;1;30;1    ;FUT INOX
8875;8875;HOPPY ROAD OO DE LALLY 33CL;OUD BRUIN;20;10;BIERE 20/25/33/35CL VP        ;12;BRUNE;200;BRASSERIE HOPPY ROAD;FR  ;FRANCE                                  ;357;HOPPY ROAD SAS                                              ;2.3715;0.16315;2;12;36;33;12;1;0;3    ;CARTONS
8877;8877;CHOPE 1L STANBERGER AVEC ANSE;REF 2052;87;6;ART. PUB.                     ;0;;86;KROMBACHER;    ;;395;KROMBACHER BRAUEREI GMBH & CO                               ;2.4;0;2;6;0;100;0;1;0;     ;
8878;8878;CHOPE 50CL STANBERGER STONE;REF 2053;87;6;ART. PUB.                     ;0;;86;KROMBACHER;    ;;395;KROMBACHER BRAUEREI GMBH & CO                               ;5.7416;0;2;6;0;100;0;1;0;     ;
8879;8879;CHOPE 50CL STANBERGER ISAR;AVEC ANSE REF 2055;87;6;ART. PUB.                     ;0;;86;KROMBACHER;    ;;395;KROMBACHER BRAUEREI GMBH & CO                               ;1.7767;0;2;6;0;100;0;1;0;     ;
8880;8880;OUVRE BOUTEILLE STARNBERGER;REF 5368;87;6;ART. PUB.                     ;0;;86;KROMBACHER;    ;;395;KROMBACHER BRAUEREI GMBH & CO                               ;2.34;0;2;1;0;100;0;1;0;     ;
8881;8881;TABLIER STARNBERGER;REF 5370;87;6;ART. PUB.                     ;0;;86;KROMBACHER;    ;;395;KROMBACHER BRAUEREI GMBH & CO                               ;11.05;0;2;1;4;100;0;1;0;     ;
8882;8882;T SHIRT POLO STARNBERGER M;REF 5374;87;6;ART. PUB.                     ;0;;86;KROMBACHER;    ;;395;KROMBACHER BRAUEREI GMBH & CO                               ;13.65;0;2;1;4;100;0;1;0;     ;
8883;8883;T SHIRT POLO STARNBERGER L;REF 5375;87;6;ART. PUB.                     ;0;;86;KROMBACHER;    ;;395;KROMBACHER BRAUEREI GMBH & CO                               ;13.65;0;2;1;2;100;0;1;0;     ;
8884;8884;T SHIRT POLO STARNBERGER XL;REF 5376;87;6;ART. PUB.                     ;0;;86;KROMBACHER;    ;;395;KROMBACHER BRAUEREI GMBH & CO                               ;13.65;0;2;1;0;100;0;1;0;     ;
8885;8885;LA ROUGET DE LISLE BLONDE 33CL;PILS FRANÇAISE;20;10;BIERE 20/25/33/35CL VP        ;7;LAGER / PILS / ALE / BLONDE;594;BRASSERIE LA ROUGET;FR  ;FRANCE                                  ;537;BRASSERIE LA ROUGET                                         ;1.9344;0.06798;2;24;94;33;5;1;0;3    ;CARTONS
8886;8886;TABLEAU STARNBERGER;REF 5378;87;6;ART. PUB.                     ;0;;86;KROMBACHER;    ;;395;KROMBACHER BRAUEREI GMBH & CO                               ;25.09;0;2;1;1;100;0;0;0;     ;
8887;8887;PLATEAU STARNBERGER;REF 5379;87;6;ART. PUB.                     ;0;;86;KROMBACHER;    ;;395;KROMBACHER BRAUEREI GMBH & CO                               ;8.45;0;2;1;0;100;0;0;0;     ;
8888;8888;NAPPE PAPIER STARNBERGER;REF 7043;87;6;ART. PUB.                     ;0;;86;KROMBACHER;    ;;395;KROMBACHER BRAUEREI GMBH & CO                               ;29.367;0;2;1;0;100;0;0;0;     ;
8889;8889;CHAINE BANNIERE STARNBERGER;REF 7044;87;6;ART. PUB.                     ;0;;86;KROMBACHER;    ;;395;KROMBACHER BRAUEREI GMBH & CO                               ;6.747;0;2;1;0;100;0;0;0;     ;
8891;8891;SUPERBE MONA LISA 44CL;NEIPA;20;25;BIERE 33/44/50 CL CANETTE     ;1;IPA;242;LA SUPERBE;FR  ;FRANCE                                  ;411;LA SUPERBE                                                  ;3.4418;0.11239;2;24;16;44;6.2;1;0;3    ;CARTONS
8894;8894;VALISETTE BUFFALO 6 B 33CL;ATTENTION FORMAT;87;16;CORBEILLES - COFFRETS- CARTONS;0;;0;;    ;;310;CAV'SERVICE OPLEZIO                                         ;1.1875;0;2;1;52;100;0;1;0;     ;
8895;8895;SAC ESP ECO PAPIER KRAFT CABAS;35X14X36CM REF 4574;87;16;CORBEILLES - COFFRETS- CARTONS;0;;0;;    ;;310;CAV'SERVICE OPLEZIO                                         ;0.546;0;2;1;0;100;0;1;0;     ;
8896;8896;DEBAUCHE KAIROS 44CL;IMPERIAL STOUT;20;25;BIERE 33/44/50 CL CANETTE     ;5;STOUT / PORTER;191;LA DEBAUCHE;FR  ;FRANCE                                  ;356;BRASSERIE LA DEBAUCHE                                       ;4.5765;0.23566;2;12;1;44;13;1;0;3    ;CARTONS
8897;8897;DEBAUCHE KNOTTY BIRD 44CL;IMPERIAL STOUT;20;25;BIERE 33/44/50 CL CANETTE     ;5;STOUT / PORTER;191;LA DEBAUCHE;FR  ;FRANCE                                  ;356;BRASSERIE LA DEBAUCHE                                       ;4.5765;0.23566;2;12;0;44;13;1;0;3    ;CARTONS
8898;8898;SPUNKY POMME CASSIS 25CL;SOFT LA DEBAUCHE;60;12;EAUX BOITE AROMATISEES        ;32;SANS ALCOOL;191;LA DEBAUCHE;FR  ;FRANCE                                  ;356;BRASSERIE LA DEBAUCHE                                       ;1.56;0;3;12;81;25;0;1;0;3    ;CARTONS
8899;8899;PERRIN RESERVE ROUGE 75CL;COTES DU RHONE ROUGE 13.5°;10;46;COTES DU RHONE                ;20;VIN ROUGE;578;FAMILLE PERRIN;FR  ;FRANCE                                  ;578;FAMILLE PERRIN                                              ;6.6825;0;2;6;47;75;13.5;1;0;3    ;CARTONS
8900;8900;PERRIN RESERVE BLANC 75CL;COTES DU RHONE BLANC 13°;10;46;COTES DU RHONE                ;22;VIN BLANC SEC;578;FAMILLE PERRIN;FR  ;FRANCE                                  ;578;FAMILLE PERRIN                                              ;6.6825;0;2;6;0;75;13;1;0;3    ;CARTONS
8901;8901;PERRIN RESERVE ROSE 75CL;COTES DU RHONE ROSE 12.5°;10;46;COTES DU RHONE                ;21;VIN ROSE;578;FAMILLE PERRIN;FR  ;FRANCE                                  ;578;FAMILLE PERRIN                                              ;6.6825;0;2;6;0;75;12.5;1;0;3    ;CARTONS
8910;8910;BRUXELLES ROSÉ 15L;BLANCHE ROSÉ;20;3;BIERE FUT 10L/15L             ;1;IPA;34;BRASSERIE LICORNE;    ;;22;KARLSBRAU                                                   ;4.1207;0.3708;2;15;0;100;4.5;1;2.7;1    ;FUT INOX
8911;8911;SANITATION 3/4 TIRAGES EXT;SANITATION CHEZ LE CLIENT;91;16;SERVICES TECHNIQUES           ;0;;0;;    ;;0;;108.333;0;2;1;0;100;0;1;0;     ;
8912;8912;GARAGE AFFOGATO TEARS 44CL;IMPERIAL STOUT DOUBLE COFFEE;20;25;BIERE 33/44/50 CL CANETTE     ;5;STOUT / PORTER;156;GARAGE BREWING;ES  ;ESPAGNE                                 ;133;CERVECEROS GARAGE SL                                        ;4.316;0.19941;2;16;92;44;11;1;0;3    ;CARTONS
8914;8914;ACRA DE MORUE 1KG;;87;11;TERRINE - BOCAUX - SAUCIS-FROM;0;;0;;FR  ;FRANCE                                  ;415;AVIDOC                                                      ;19.7;0;3;1;0;100;0;1;0;3    ;CARTONS
8915;8915;CHORIZOS AU CIDRE 110G X15;;87;11;TERRINE - BOCAUX - SAUCIS-FROM;0;;0;;FR  ;FRANCE                                  ;415;AVIDOC                                                      ;19.7;0;3;15;0;100;0;1;0;3    ;CARTONS
8916;8916;KROMBACHER HELL 30L;LAGER BLONDE;20;1;BIERE FUT 30L                 ;7;LAGER / PILS / ALE / BLONDE;86;KROMBACHER;DE  ;ALLEMAGNE                               ;395;KROMBACHER BRAUEREI GMBH & CO                               ;2.8308;0.412;2;30;150;100;5;1;30;1    ;FUT INOX
8917;8917;CACOLAC 25CL BTE S/PLACE;COMPTOIR;40;21;BOISSONS SUCREES BTE          ;0;;0;;    ;;4;METRO                                                       ;2.7084;0.0534;4;1;0;25;0;1;0;     ;
8919;8919;TEMPO CHORIZO;CHORIZO AU CIDRE;99;1;PLANCHES                      ;0;;0;;FR  ;FRANCE                                  ;0;;7.2727;0;4;1;0;100;0;1;0;3    ;CARTONS
8920;8920;LA ROUGET GRIOTTINES 33CL;;20;10;BIERE 20/25/33/35CL VP        ;14;FRUITEE;594;BRASSERIE LA ROUGET;FR  ;FRANCE                                  ;537;BRASSERIE LA ROUGET                                         ;1.1461;0.06798;2;24;24;33;5;1;0;3    ;CARTONS
8921;8921;BASQUELAND POZALAGUA 44CL;COLLAB OSO DDH IPA;20;25;BIERE 33/44/50 CL CANETTE     ;1;IPA;133;BASQUELAND BREWING PROJECT;ES  ;ESPAGNE                                 ;314;BASQUELAND BREWING PROJECT                                  ;3.4816;0.11421;2;16;16;44;6.3;1;0;3    ;CARTONS
8923;8923;BASQUELAND OMNIVORE 44CL;VEGAN OAT CREAM IPA;20;25;BIERE 33/44/50 CL CANETTE     ;1;IPA;133;BASQUELAND BREWING PROJECT;ES  ;ESPAGNE                                 ;314;BASQUELAND BREWING PROJECT                                  ;3.1625;0.11239;2;16;16;44;6.2;1;0;3    ;CARTONS
8924;8924;BASQUE SALTO DEL NERVION 44CL;COLLAN PRIZM NZ DIPA;20;25;BIERE 33/44/50 CL CANETTE     ;1;IPA;133;BASQUELAND BREWING PROJECT;ES  ;ESPAGNE                                 ;314;BASQUELAND BREWING PROJECT                                  ;3.513;0.14502;2;16;0;44;8;1;0;3    ;CARTONS
8925;8925;TERRES BASSES BLANC 75CL;BLANC SEC UGNO GROS MANSENG;10;4;COTES DE GASCOGNE             ;22;VIN BLANC SEC;0;;    ;;582;FAMILLE LAUDET                                              ;4.401;0;2;6;0;75;11.5;1;0;     ;
8926;8926;TERRES BASSES ROUGE 75CL;CABERNET MERLOT TANNAT;10;4;COTES DE GASCOGNE             ;20;VIN ROUGE;0;;    ;;582;FAMILLE LAUDET                                              ;4.401;0;2;6;0;75;12.5;1;0;     ;
8927;8927;LABALLE DEMOISELLES 75CL;DOUX GROS MANSENG;10;4;COTES DE GASCOGNE             ;24;VIN BLANC MOELLEUX;0;;    ;;582;FAMILLE LAUDET                                              ;6.0885;0;2;6;20;75;11.5;1;0;     ;
8928;8928;LALALANDES BIO 75CL;BLANC SEC CHARDONNAY;10;41;IGP LANDES                    ;22;VIN BLANC SEC;0;;    ;;582;FAMILLE LAUDET                                              ;8.45;0;2;6;0;75;13.5;1;0;     ;
8929;8929;SABLE FAUVES BLC SEC 75CL;IGP LANDES;10;41;IGP LANDES                    ;22;VIN BLANC SEC;0;;    ;;582;FAMILLE LAUDET                                              ;5.264;0;2;6;12;75;12;1;0;     ;
8930;8930;PIEDS DANS LE SABLE RGE 75CL;CAERNET MARSELAN;10;41;IGP LANDES                    ;20;VIN ROUGE;0;;    ;;582;FAMILLE LAUDET                                              ;6.6367;0;2;6;0;75;10.5;1;0;     ;
8931;8931;PIEDS DANS LE SABLE BLANC 75CL;GROS MANSENG SAUVIGNON CHENIN;10;41;IGP LANDES                    ;22;VIN BLANC SEC;0;;    ;;582;FAMILLE LAUDET                                              ;6.804;0;2;6;113;75;11.5;1;0;     ;
8932;8932;L'ENFANT DES BOIS 75CL;100% GROS MANSENG;10;6;VIN DE FRANCE                 ;23;VIN BLANC DEMI SEC;0;;    ;;582;FAMILLE LAUDET                                              ;6.9215;0;2;6;0;75;12;1;0;     ;
8933;8933;L'ENFANT DU LAC CHENIN 75CL;CHENIN BIO;10;6;VIN DE FRANCE                 ;22;VIN BLANC SEC;0;;    ;;582;FAMILLE LAUDET                                              ;7.425;0;2;6;11;75;11;1;0;     ;
8934;8934;L'ENFANT DE LA BERGERIE 75CL;100% CHARDONNAY BIO;10;6;VIN DE FRANCE                 ;22;VIN BLANC SEC;0;;    ;;582;FAMILLE LAUDET                                              ;7.425;0;2;6;12;75;11;1;0;     ;
8935;8935;BASQUELAND CHIN MUSIC 44CL;HAZY IPA;20;25;BIERE 33/44/50 CL CANETTE     ;1;IPA;133;BASQUELAND BREWING PROJECT;ES  ;ESPAGNE                                 ;314;BASQUELAND BREWING PROJECT                                  ;3.38;0.10514;2;16;1;44;5.8;1;0;3    ;CARTONS
8936;8936;ARMAGNAC DELORD ARIANE 70CL;;1;23;ARMAGNAC                      ;0;;0;;    ;;56;DELORD FRERES                                               ;69.2167;0;2;6;0;70;40;1;0;     ;
8937;8937;WHISKY ICHIROS MALT GRAIN 70CL;BLENDED WHISKY;1;2;RHUMS TIERS                   ;0;;0;;JP  ;JAPON                                   ;333;LMDW DISTRIBUTION                                           ;41.3663;0;2;6;0;70;46.5;1;0;     ;
8938;8938;WH KILCHOMAN MACHIR BAY 70CL;SINGLE MALT WHISKY;1;62;WHISKY                        ;0;;0;;SF  ;ECOSSE                                  ;333;LMDW DISTRIBUTION                                           ;35.8497;0;2;6;5;70;46;1;0;     ;
8939;8939;MEZCAL VIDA DEL MAGUEY 70CL;MEZCAL;1;56;TEQUILA                       ;0;;0;;MX  ;MEXIQUE                                 ;333;LMDW DISTRIBUTION                                           ;37.6956;0;2;6;3;70;42;1;0;     ;
8940;8940;RHUM NEISSON PROFIL 105 70CL;RHUM AGRICOLE;1;5;RHUMS DOMS                    ;0;;0;;MQ  ;MARTINIQUE                              ;333;LMDW DISTRIBUTION                                           ;34.9947;0;2;6;5;70;54.2;1;0;     ;
8941;8941;WHISKY ARDBEG AN OA 70CL;SINGLE MALT WHISKY;1;62;WHISKY                        ;0;;0;;SF  ;ECOSSE                                  ;333;LMDW DISTRIBUTION                                           ;47.6784;0;2;6;3;70;46.6;1;0;     ;
8942;8942;MEZCAL REYCAMPERO ESPADIN 70CL;MEZCAL;1;56;TEQUILA                       ;0;;0;;MX  ;MEXIQUE                                 ;333;LMDW DISTRIBUTION                                           ;29.7495;0;2;6;0;70;48.4;1;0;     ;
8943;8943;WHISKY ARRAN 10 ANS 70CL;SINGLE MALT WHISKY;1;62;WHISKY                        ;0;;0;;SF  ;ECOSSE                                  ;333;LMDW DISTRIBUTION                                           ;33.7347;0;2;6;0;70;46;1;0;     ;
8944;8944;WHISKY CAOL ILA 10ANS 70CL;2010 COLLECTIVE SINGLE MALT;1;63;WHISKY ECOSSAIS               ;0;;0;;SF  ;ECOSSE                                  ;333;LMDW DISTRIBUTION                                           ;81.6425;0;2;3;1;70;48;1;0;3    ;CARTONS
8945;8945;RHUM PAPA ROUYO 3 ANS 70CL;RH AGRICOLE COLONNE JENERASYON;1;5;RHUMS DOMS                    ;0;;0;;GP  ;GUADELOUPE                              ;333;LMDW DISTRIBUTION                                           ;40.9797;0;2;6;3;70;46;1;0;     ;
8946;8946;RHUM PAPALIN 5 ANS 70CL;JAMAICA HIGH ESTER RHUM;1;2;RHUMS TIERS                   ;0;;0;;JM  ;JAMAIQUE                                ;333;LMDW DISTRIBUTION                                           ;35.2765;0;2;6;3;70;57;1;0;     ;
8947;8947;MEZCAL KOCH ELEMENTAL 70CL;MEZCAL;1;56;TEQUILA                       ;0;;0;;MX  ;MEXIQUE                                 ;333;LMDW DISTRIBUTION                                           ;23.5267;0;2;6;3;70;40;1;0;     ;
8948;8948;MEZCAL KOCH ESPADIN 70CL;MEZCAL;1;56;TEQUILA                       ;0;;0;;MX  ;MEXIQUE                                 ;333;LMDW DISTRIBUTION                                           ;30.4468;0;2;6;4;70;47;1;0;     ;
8949;8949;RH NEISSON PROF EQUILIBRE 70CL;PROFIL EQUILIBRE CAROLE AURORE;1;5;RHUMS DOMS                    ;0;;0;;MQ  ;MARTINIQUE                              ;333;LMDW DISTRIBUTION                                           ;44.1994;0;2;6;3;70;49;1;0;     ;
8956;8956;DOSKIWIS CLOUD DRIFT 44CL;HAZY IPA;20;25;BIERE 33/44/50 CL CANETTE     ;1;IPA;259;DOSKIWIS;ES  ;ESPAGNE                                 ;504;DOSKIWIS BREWING                                            ;3.8304;0.11783;2;12;1;44;6.5;1;0;3    ;CARTONS
8957;8957;DOSKIWIS ONIRIC 44CL;RIS CACAO COFE CARAMEL;20;25;BIERE 33/44/50 CL CANETTE     ;5;STOUT / PORTER;259;DOSKIWIS;ES  ;ESPAGNE                                 ;504;DOSKIWIS BREWING                                            ;4.836;0.17222;2;12;55;44;9.5;1;0;3    ;CARTONS
8959;8959;HOPPY ROAD SUNDOWNER 44CL;HAZY IPA;20;25;BIERE 33/44/50 CL CANETTE     ;1;IPA;200;BRASSERIE HOPPY ROAD;FR  ;FRANCE                                  ;357;HOPPY ROAD SAS                                              ;3.0483;0.11421;2;24;1;44;6.3;1;0;3    ;CARTONS
8965;8965;PIGGY BLACK JAIA 33CL;RIS BA BOURBON;20;10;BIERE 20/25/33/35CL VP        ;6;BARREL AGED;137;THE PIGGY BREWING COMPAGNY;FR  ;FRANCE                                  ;125;THE PIGGY BREWING COMPANY                                   ;4.6593;0.16315;2;12;27;33;12;1;0;3    ;CARTONS
8966;8966;RHUM OPTHIMUS CUM LAUDE 70CL;RHUM 15 ANS;1;2;RHUMS TIERS                   ;0;;0;;DOM ;REPUBLIQUE DOMINICAINE                  ;257;DUGAS                                                       ;42.25;0;2;1;0;70;41.3;1;0;     ;
8967;8967;RH N°2 ANANAS CITRON VERT 70CL;RH ANANAS VICTORIA CITRON VERT;1;2;RHUMS TIERS                   ;0;;0;;    ;;257;DUGAS                                                       ;21.95;0;2;1;0;70;32;1;0;3    ;CARTONS
8968;8968;RHUM N°9 MANGUE PASSION 70CL;RHUM MANGUE KENT FRUIT PASSION;1;2;RHUMS TIERS                   ;0;;0;;    ;;257;DUGAS                                                       ;21.95;0;2;1;0;70;32;1;0;3    ;CARTONS
8970;8970;RHUM NAGAMI GINGER 70CL;RHUM KUMQUAT & GINGEMBRE;1;2;RHUMS TIERS                   ;0;;0;;    ;;257;DUGAS                                                       ;21.95;0;2;6;0;70;32;1;0;3    ;CARTONS
8971;8971;WHISKY KILKERRAN 12 ANS 70CL;SINGLE MALT SCOTCH WHISKY;1;63;WHISKY ECOSSAIS               ;0;;0;;SF  ;ECOSSE                                  ;257;DUGAS                                                       ;43.5;0;2;1;3;70;46;1;0;3    ;CARTONS
8972;8972;WHISKY KILKERRAN 16 ANS 70CL;SINGLE MALT SCOTCH WHISKY;1;63;WHISKY ECOSSAIS               ;0;;0;;SF  ;ECOSSE                                  ;257;DUGAS                                                       ;57.95;0;2;1;0;70;46;1;0;3    ;CARTONS
8977;8977;PETIT BOULBA 33CL VC;BIERE 2,8°;20;9;BIERE 33CL VC                 ;8;PALE ALE;7;BRASSERIE DE LA SENNE;BE  ;BELGIQUE                                ;13;VANUXEEM BROUWERIJ SA/NV                                    ;1.554;0.03807;2;24;43;33;2.8;1;7;2    ;CAISSE
8978;8978;PERRIN GIGONDAS 2023 75CL;GIGONDAS ROUGE / LA GILLE;10;46;COTES DU RHONE                ;20;VIN ROUGE;578;FAMILLE PERRIN;FR  ;FRANCE                                  ;578;FAMILLE PERRIN                                              ;15.8;0;2;6;3;75;14.5;1;0;3    ;CARTONS
8979;8979;PERRIN CROZES-HERMITAGE  75CL;2023 ROUGE;10;46;COTES DU RHONE                ;20;VIN ROUGE;578;FAMILLE PERRIN;FR  ;FRANCE                                  ;578;FAMILLE PERRIN                                              ;13.2625;0;2;6;13;75;13;1;0;3    ;CARTONS
8980;8980;PERRIN VACQUEYRAS 75CL;VACQUEYRAS 2023;10;46;COTES DU RHONE                ;20;VIN ROUGE;578;FAMILLE PERRIN;FR  ;FRANCE                                  ;578;FAMILLE PERRIN                                              ;11.95;0;2;6;3;75;14.5;1;0;3    ;CARTONS
8981;8981;PERRIN SINARDS 2022 75CL;CHATEAUNEUF ROUGE;10;43;CHATEAUNEUF DU PAPE           ;20;VIN ROUGE;578;FAMILLE PERRIN;FR  ;FRANCE                                  ;578;FAMILLE PERRIN                                              ;24.65;0;2;6;12;75;14.5;1;0;3    ;CARTONS
8984;8984;STIGBERGE AFTER LAUGHTERS 33CL;COMES BEERS;20;25;BIERE 33/44/50 CL CANETTE     ;1;IPA;258;STIGBERGETS BRYGGERI;SE  ;SUEDE                                   ;466;STIGBERGETS BRYGGERI                                        ;2.5475;0.08837;2;24;0;33;6.5;1;0;3    ;CARTONS
8985;8985;RINGU BAKUNIN MATATA 33CL;IMPERIAL STOUT;20;25;BIERE 33/44/50 CL CANETTE     ;5;STOUT / PORTER;258;STIGBERGETS BRYGGERI;SE  ;SUEDE                                   ;466;STIGBERGETS BRYGGERI                                        ;2.6617;0.13596;2;24;0;33;10;1;0;3    ;CARTONS
8986;8986;STIGBERGEST BIGGER BOLDER 44CL;NZ DIPA;20;25;BIERE 33/44/50 CL CANETTE     ;1;IPA;258;STIGBERGETS BRYGGERI;SE  ;SUEDE                                   ;466;STIGBERGETS BRYGGERI                                        ;3.4108;0.15409;2;24;0;44;8.5;1;0;3    ;CARTONS
8993;8993;META BEE BEER CLARA 30L;SAISON;20;2;BIERE FUT 20L                 ;0;;255;META ;ES  ;ESPAGNE                                 ;435;META EDABEAK SL                                             ;4.48;0.21012;2;30;60;100;5.1;1;0;5    ;FUT KEYKEG
8994;8994;META PIROCLASTO 75CL;SAISON SEIGLE PIMENT;20;15;BIERE 75VP                    ;0;;255;META ;ES  ;ESPAGNE                                 ;435;META EDABEAK SL                                             ;5.395;0.1545;2;6;18;75;5;1;0;3    ;CARTONS
8995;8995;META EQUACION 75CL;BLEND FRUITED SOUR GRISETTE;20;15;BIERE 75VP                    ;0;;255;META ;ES  ;ESPAGNE                                 ;435;META EDABEAK SL                                             ;6.89;0.14214;2;6;18;75;4.6;1;0;3    ;CARTONS
8996;8996;META BARRE 33CL;SAISON DRY HOPPED;20;15;BIERE 75VP                    ;11;SAISON;255;META ;ES  ;ESPAGNE                                 ;435;META EDABEAK SL                                             ;2.43;0.08158;2;12;23;33;6;1;0;3    ;CARTONS
8997;8997;META 3X4  33CL;GRISETTE;20;15;BIERE 75VP                    ;11;SAISON;255;META ;ES  ;ESPAGNE                                 ;435;META EDABEAK SL                                             ;2.295;0.05438;2;12;0;33;4;1;0;3    ;CARTONS
9025;9025;GARAGE WINTER IPA 44CL;IDAHO AMARILLO EL DORADO;20;25;BIERE 33/44/50 CL CANETTE     ;1;IPA;156;GARAGE BREWING;ES  ;ESPAGNE                                 ;133;CERVECEROS GARAGE SL                                        ;3.275;0.10877;2;16;-16;44;6;1;0;3    ;CARTONS
9027;9027;GARAGE DOUBLE WINTER 44CL;HOUBLON HBC 630;20;25;BIERE 33/44/50 CL CANETTE     ;1;IPA;156;GARAGE BREWING;ES  ;ESPAGNE                                 ;133;CERVECEROS GARAGE SL                                        ;3.5484;0.15409;2;16;19;44;8.5;1;0;3    ;CARTONS
9043;9043;MONT SALEVE TRAD BLANCHE 75CL;WITBIER TRADITION BLANCHE;20;15;BIERE 75VP                    ;3;BLANCHE;233;BRASSERIE DU MONT SALEVE;FR  ;FRANCE                                  ;400;BRASSERIE DU MONT SALEVE                                    ;4.2188;0.1545;2;6;3;75;5;1;0;3    ;CARTONS
9044;9044;GIN BB9 41° BIO  10L   BLEUE;;1;38;GIN                           ;0;;0;;    ;;501;BEARS BROTHERS DISTILLERIE                                  ;203.2843;0;2;1;2;1000;41;1;0;     ;
9046;9046;RATZ NOEL 75CL;AMBREE;20;22;BIERE NOEL/HIVER 25/33        ;18;HIVER / NOEL;27;BRASSERIE RATZ;FR  ;FRANCE                                  ;57;RATZ BRASSERIE ARTISANALE                                   ;3.0052;0.1854;2;6;0;75;6;1;0;3    ;CARTONS
9047;9047;LIQUEUR CHARTREUSE VERT 70CL;LIQUEUR 55°;1;41;LIQUEURS CREMES               ;0;;0;;    ;;4;METRO                                                       ;42.9;0;2;6;1;70;55;1;0;     ;
9048;9048;LUPULUS DRY HOP KRUSH 2026 20L;TRIPLE EDITION LIMITÉE;20;2;BIERE FUT 20L                 ;10;TRIPLE;10;BRASSERIE LUPULUS;BE  ;BELGIQUE                                ;13;VANUXEEM BROUWERIJ SA/NV                                    ;4.45;0.3502;2;20;60;100;8.5;1;30;1    ;FUT INOX
9049;9049;CHAPEAU DE FEUTRE STARNBERGER;REF 7415;87;6;ART. PUB.                     ;0;;86;KROMBACHER;    ;;395;KROMBACHER BRAUEREI GMBH & CO                               ;6.24;0;2;1;0;100;0;1;0;     ;
9054;9054;GARAGE SOUNDSCAPES 20L;DIPA COLLAB FINBACK;20;2;BIERE FUT 20L                 ;1;IPA;156;GARAGE BREWING;ES  ;ESPAGNE                                 ;133;CERVECEROS GARAGE SL                                        ;6.414;0.3502;2;20;40;100;8.5;1;0;5    ;FUT KEYKEG
9057;9057;GARAGE MORPHEME 44CL;CREAM IPA COLLAB OLOGY USA;20;25;BIERE 33/44/50 CL CANETTE     ;1;IPA;156;GARAGE BREWING;ES  ;ESPAGNE                                 ;133;CERVECEROS GARAGE SL                                        ;3.5505;0.1269;2;16;16;44;7;1;0;3    ;CARTONS
9058;9058;GARAGE SOUNDSCAPES 44CL;DIPA COLLAB FINBACK;20;25;BIERE 33/44/50 CL CANETTE     ;1;IPA;156;GARAGE BREWING;ES  ;ESPAGNE                                 ;133;CERVECEROS GARAGE SL                                        ;3.834;0.15409;2;16;1;44;8.5;1;0;3    ;CARTONS
9075;9075;DOSKIWIS ORIOLE 30L;HAZY IPA;20;1;BIERE FUT 30L                 ;1;IPA;259;DOSKIWIS;ES  ;ESPAGNE                                 ;504;DOSKIWIS BREWING                                            ;5.312;0.2884;2;30;0;100;7;0;0;5    ;FUT KEYKEG
9076;9076;CAFE OUGANDA GRAIN 1KG;;85;1;CAFE                          ;0;;0;;    ;;143;TNT CAFE                                                    ;25;0;3;1;6;100;0;1;0;     ;
9077;9077;CAFE OUGANDA GRAIN 250G;;85;1;CAFE                          ;0;;0;;    ;;143;TNT CAFE                                                    ;6.45;0;3;1;7;25;0;1;0;     ;
9121;9121;CHAMP JEEPER GA BRUT 75CL;GRAND ASSEMBLAGE 1ER CRU;11;81;CHAMPAGNE                     ;34;BRUT;591;CHAMPAGNE JEEPER;    ;;591;CHAMPAGNE JEEPER                                            ;29;0;2;6;0;75;12;1;0;     ;
9122;9122;CHAMP JEEPER BLC BLANCS 75CL;GRDE RESERVE EIQUETTE JAUNE;11;81;CHAMPAGNE                     ;36;BLANC DE BLANCS;591;CHAMPAGNE JEEPER;    ;;591;CHAMPAGNE JEEPER                                            ;36.8125;0;2;6;0;75;12.5;1;0;     ;
9123;9123;CHAMP JEEPER BLC BLANCS 150CL;GRDE RESERVE ETIQ JAUNE MAGNUM;11;81;CHAMPAGNE                     ;36;BLANC DE BLANCS;591;CHAMPAGNE JEEPER;    ;;591;CHAMPAGNE JEEPER                                            ;72.48;0;2;1;0;150;12.5;1;0;     ;
9124;9124;CHAMP JEEPER BLANC NOIRS 75CL;BLANC NOIRS BRUT ETIQ VIOLETTE;11;81;CHAMPAGNE                     ;37;BLANC DE NOIRS;591;CHAMPAGNE JEEPER;    ;;591;CHAMPAGNE JEEPER                                            ;33.25;0;2;6;0;75;12;1;0;     ;
9125;9125;BASQUELAND FLYSCH 44CL;PALE ALE;20;25;BIERE 33/44/50 CL CANETTE     ;1;IPA;133;BASQUELAND BREWING PROJECT;ES  ;ESPAGNE                                 ;314;BASQUELAND BREWING PROJECT                                  ;2.852;0.09064;2;16;46;44;5;1;0;3    ;CARTONS
9126;9126;BASQUELAND OMAKO BASOA 44CL;IS PASTRY COLLAB FINDBACK;20;25;BIERE 33/44/50 CL CANETTE     ;5;STOUT / PORTER;133;BASQUELAND BREWING PROJECT;ES  ;ESPAGNE                                 ;314;BASQUELAND BREWING PROJECT                                  ;3.6125;0.31724;2;16;0;44;17.5;1;0;3    ;CARTONS
9127;9127;BASQUELAND SALINAS DE ANANA 44;SOUR MANGUE FRAISE;20;25;BIERE 33/44/50 CL CANETTE     ;2;SOUR;133;BASQUELAND BREWING PROJECT;ES  ;ESPAGNE                                 ;314;BASQUELAND BREWING PROJECT                                  ;3.8787;0.12146;2;16;3;44;6.7;1;0;3    ;CARTONS
9128;9128;BASQUELAND PEÑAS DE AIA 44CL;DIPA COLLAB VERDANT;20;25;BIERE 33/44/50 CL CANETTE     ;1;IPA;133;BASQUELAND BREWING PROJECT;ES  ;ESPAGNE                                 ;314;BASQUELAND BREWING PROJECT                                  ;3.7537;0.14865;2;16;0;44;8.2;1;0;3    ;CARTONS
9129;9129;BASQUELAND ZUGARRAMURDI 66CL;BA 24 MOIS BOURBON MAKER'S;20;13;BIERE 50/60/66 CL VP          ;6;BARREL AGED;133;BASQUELAND BREWING PROJECT;ES  ;ESPAGNE                                 ;314;BASQUELAND BREWING PROJECT                                  ;8.71;0.38069;2;6;39;66;14;1;0;3    ;CARTONS
9131;9131;BASQUELAND FLYSCH 30L;PALE ALE;20;1;BIERE FUT 30L                 ;7;LAGER / PILS / ALE / BLONDE;133;BASQUELAND BREWING PROJECT;ES  ;ESPAGNE                                 ;314;BASQUELAND BREWING PROJECT                                  ;4.8466;0.206;2;30;30;100;5;1;0;5    ;FUT KEYKEG
9133;9133;BASQ SALTO DEL NERVION 20L;DIPA COLLAB PRIZM;20;1;BIERE FUT 30L                 ;1;IPA;133;BASQUELAND BREWING PROJECT;ES  ;ESPAGNE                                 ;314;BASQUELAND BREWING PROJECT                                  ;6.2537;0.3296;2;20;20;100;8;1;0;5    ;FUT KEYKEG
9134;9134;OGEU PLATE 50CL PET X24;PFL120743 PLASTIQUE PLATE;60;1;EAUX PET                      ;0;;0;;    ;;100000;OGEU DIFFUSION                                              ;0.3926;0;3;24;1080;50;0;1;0;     ;
9135;9135;OGEU PLATE 150CL PET;BOUTEILLE PLASTIQUE;60;1;EAUX PET                      ;0;;0;;    ;;100000;OGEU DIFFUSION                                              ;0.4003;0;3;6;6;150;0;1;0;     ;
9136;9136;WALDHAUS DIPLOM PILS 50VP;;20;13;BIERE 50/60/66 CL VP          ;7;LAGER / PILS / ALE / BLONDE;0;;DE  ;ALLEMAGNE                               ;592;WALDHAUS                                                    ;1.4111;0.20188;2;20;189;50;4.9;1;0;3    ;CARTONS
9137;9137;MARCEL LAPIERR MORGON AOC 75CL;DOMAINE MARCEL LAPIERRE MORGON;10;68;BEAUJOLAIS                    ;20;VIN ROUGE;0;;    ;;593;CAZOTTES LIQUIDES                                           ;23.35;0;2;6;1;75;12.5;1;0;     ;
9138;9138;MARCEL LAPIERR BEAUJOLAIS 75CL;DOMAINE MARCEL LAPIERRE;10;68;BEAUJOLAIS                    ;20;VIN ROUGE;0;;    ;;593;CAZOTTES LIQUIDES                                           ;18.75;0;2;6;2;75;12.5;1;0;     ;
9139;9139;ARBOIS CHARDONN PATCHWORK 75CL;DOMAINE BENEDICTE STEPHANE TIS;10;10;AOP LIMOUX                    ;22;VIN BLANC SEC;0;;    ;;593;CAZOTTES LIQUIDES                                           ;23.35;0;2;6;0;75;13.5;1;0;     ;
9140;9140;LA NINE AOC MINERVOIS 75CL;DOMAINE JEAN BAPTISTE SENAT;10;75;MINERVOIS                     ;20;VIN ROUGE;0;;    ;;593;CAZOTTES LIQUIDES                                           ;13.75;0;2;6;0;75;13;1;0;     ;
9141;9141;ORTHOGNEISS BLANC VDF 75CL;DOMAINE DE L'ECU;10;6;VIN DE FRANCE                 ;22;VIN BLANC SEC;0;;    ;;593;CAZOTTES LIQUIDES                                           ;13.7496;0;2;6;6;75;12;1;0;     ;
9142;9142;COTES CATALANES ROUGE 75CL;DOMAINE MAJAS;10;92;COTES CATALANES               ;20;VIN ROUGE;0;;    ;;593;CAZOTTES LIQUIDES                                           ;11.2497;0;2;6;3;75;12;1;0;     ;
9143;9143;MAS DEL PERIE LES AGUDES 75CL;BLANC;10;6;VIN DE FRANCE                 ;22;VIN BLANC SEC;0;;    ;;593;CAZOTTES LIQUIDES                                           ;10;0;2;6;0;75;12.5;1;0;     ;
9144;9144;LES ESCURES MALBEC 75CL;MAS DEL PERIE ROUGE;10;60;CAHORS                        ;20;VIN ROUGE;0;;    ;;593;CAZOTTES LIQUIDES                                           ;12.5005;0;2;6;2;75;11.5;1;0;     ;
9145;9145;SESTI GRANGIOVESE 75CL;ROUGE;10;0;VINS                          ;20;VIN ROUGE;0;;    ;;593;CAZOTTES LIQUIDES                                           ;16.25;0;2;6;1;75;14;1;0;     ;
9147;9147;AUX AMIS DE MA SOEUR 75CL;DOMAINE JEAN BAPTISTE SENAT;10;6;VIN DE FRANCE                 ;22;VIN BLANC SEC;0;;    ;;593;CAZOTTES LIQUIDES                                           ;15;0;2;6;0;75;13;1;0;     ;
9148;9148;GDM LABELLE FRENCH DIPA 20L;FUT INOX DOUBLE IPA;20;1;BIERE FUT 30L                 ;1;IPA;48;BRASSERIE GUE DES MOINES;FR  ;FRANCE                                  ;282;SAS PAILLE FREYBURGER                                       ;4.2;0.3296;2;20;160;100;8;1;0;1    ;FUT INOX
9149;9149;VERY LIMOUX ROUGE 75CL;AOP LIMOUX ROUGE;10;10;AOP LIMOUX                    ;20;VIN ROUGE;0;;    ;;519;ANNE DE JOYEUSE                                             ;5.859;0;2;6;17;75;13.5;0;0;     ;
9151;9151;FIVE DOLLAR SUB 44CL;IPA NECTARON & VIC SECRET;20;25;BIERE 33/44/50 CL CANETTE     ;1;IPA;156;GARAGE BREWING;ES  ;ESPAGNE                                 ;133;CERVECEROS GARAGE SL                                        ;3.406;0.10877;2;16;0;44;6;1;0;3    ;CARTONS
9152;9152;GARAGE PALOMAR 44CL;PALE ALE SANS GLUTEN;20;25;BIERE 33/44/50 CL CANETTE     ;8;PALE ALE;156;GARAGE BREWING;ES  ;ESPAGNE                                 ;133;CERVECEROS GARAGE SL                                        ;2.653;0.08701;2;16;1;44;4.8;1;0;3    ;CARTONS
9153;9153;GARAGE PALOMAR 30L KK;PALE ALE SANS GLUTEN;20;1;BIERE FUT 30L                 ;8;PALE ALE;156;GARAGE BREWING;ES  ;ESPAGNE                                 ;133;CERVECEROS GARAGE SL                                        ;4.2795;0.19776;2;30;60;100;4.8;0;0;5    ;FUT KEYKEG
9154;9154;GARAGE COLD KILLER TROUT 20L;IPA NELSON SAUVIN & GALAXY;20;2;BIERE FUT 20L                 ;1;IPA;156;GARAGE BREWING;ES  ;ESPAGNE                                 ;133;CERVECEROS GARAGE SL                                        ;5.983;0.2884;2;20;0;100;7;1;0;5    ;FUT KEYKEG
9156;9156;WALDHAUS SPEZIAL GOLD 50VP;;20;13;BIERE 50/60/66 CL VP          ;7;LAGER / PILS / ALE / BLONDE;0;;DE  ;ALLEMAGNE                               ;592;WALDHAUS                                                    ;1.4111;0.23072;2;20;252;50;5.6;1;0;3    ;CARTONS
9157;9157;WALDHAUS DUNKEL 33VP;;20;10;BIERE 20/25/33/35CL VP        ;4;AMBREE / ROUSSE / RED ALE;0;;DE  ;ALLEMAGNE                               ;592;WALDHAUS                                                    ;1.0744;0.15228;2;24;475;33;5.6;1;0;3    ;CARTONS
9158;9158;WALDHAUS EXTRA HERB 33VP;PILS HOUBLONNÉ;20;10;BIERE 20/25/33/35CL VP        ;7;LAGER / PILS / ALE / BLONDE;0;;DE  ;ALLEMAGNE                               ;592;WALDHAUS                                                    ;1.0744;0.13324;2;24;384;33;4.9;1;0;3    ;CARTONS
9162;9162;WALDHAUS HEFE WEIZEN 50VP;BLANCHE;20;13;BIERE 50/60/66 CL VP          ;3;BLANCHE;0;;DE  ;ALLEMAGNE                               ;592;WALDHAUS                                                    ;1.4111;0.23072;2;20;712;50;5.6;1;0;3    ;CARTONS
9164;9164;WALDHAUS WEIZEN SANS ALCO 50VP;BLANCHE ATTENTION SANS ALCOOL;20;13;BIERE 50/60/66 CL VP          ;3;BLANCHE;0;;DE  ;ALLEMAGNE                               ;592;WALDHAUS                                                    ;1.4111;0.0206;3;20;120;50;0.5;1;0;3    ;CARTONS
9166;9166;HOPPY ROAD HAZY RIDER 75CL;NEIPA;20;15;BIERE 75VP                    ;1;IPA;200;BRASSERIE HOPPY ROAD;FR  ;FRANCE                                  ;357;HOPPY ROAD SAS                                              ;4.1785;0.19776;2;6;99;75;6.4;1;0;3    ;CARTONS
9168;9168;HOPPY ROAD MAZOUT BOURBON 33CL;IMP STOUT BARREL AGED;20;10;BIERE 20/25/33/35CL VP        ;5;STOUT / PORTER;200;BRASSERIE HOPPY ROAD;FR  ;FRANCE                                  ;357;HOPPY ROAD SAS                                              ;4.2179;0.21074;2;12;-1;33;15.5;1;0;3    ;CARTONS
9172;9172;HOPPY ROAD MINAS MORGUL 30L KK;TRIPLE NEIPA;20;1;BIERE FUT 30L                 ;1;IPA;200;BRASSERIE HOPPY ROAD;FR  ;FRANCE                                  ;357;HOPPY ROAD SAS                                              ;5.2476;0.412;2;30;0;100;10;1;0;5    ;FUT KEYKEG
9176;9176;DOMAINE GEORGE CHABLIS 75CL;BOURGOGNE;10;38;BOURGOGNE BLANC               ;22;VIN BLANC SEC;0;;FR  ;FRANCE                                  ;540;BONS PLANTS VINS                                            ;12.96;0;2;6;27;75;13;1;0;3    ;CARTONS
9177;9177;JERRYCAN RHUM BLANC 20L;RHUM AGRICOLE CANNE A SUCRE;1;5;RHUMS DOMS                    ;0;;0;;GP  ;GUADELOUPE                              ;0;;291;0;2;1;0;2000;40;1;0;     ;
9178;9178;JERRYCAN WHISKY 20L;BLENDED SCOTCH WHISKY;1;62;WHISKY                        ;0;;0;;    ;;0;;304;0;2;1;0;2000;40;1;0;     ;
9179;9179;JERRYCAN RHUM BRUN 20L;RHUM AGRICOLE CANNE A SUCRE;1;5;RHUMS DOMS                    ;0;;0;;GP  ;GUADELOUPE                              ;0;;291;0;2;1;0;2000;40;1;0;     ;
9180;9180;JERRYCAN MENTHE 20L;;1;41;LIQUEURS CREMES               ;0;;0;;    ;;0;;200;0;2;1;0;2000;18;1;0;     ;
9181;9181;UBY CUB BLANC SEC BIB 3L;;10;4;COTES DE GASCOGNE             ;24;VIN BLANC MOELLEUX;0;;    ;;351;MAISON VOISIN SARL COLLIVET                                 ;18.75;0;2;1;-4;300;11.5;1;0;4    ;BIB
9182;9182;DBM RHUM VIEUX VSOP 70CL;;1;5;RHUMS DOMS                    ;0;;0;;GP  ;GUADELOUPE                              ;544;DISTILLERIES PEUREUX MASSENEZ                               ;27.552;0;2;6;5;70;43;0;0;3    ;CARTONS
9183;9183;GENEROUS GIN ORIGINAL 70CL;;1;38;GIN                           ;0;;0;;FR  ;FRANCE                                  ;544;DISTILLERIES PEUREUX MASSENEZ                               ;23.73;0;2;6;4;70;44;1;0;     ;
9184;9184;WHISKY SWELL 12 FLASHBACK 50CL;;1;63;WHISKY ECOSSAIS               ;0;;0;;GP  ;GUADELOUPE                              ;544;DISTILLERIES PEUREUX MASSENEZ                               ;96.936;0;2;6;1;50;54.2;0;0;3    ;CARTONS
9185;9185;BIERES TCHEQUES REBEL IPA 30L;INDIAN PALE ALE;20;1;BIERE FUT 30L                 ;1;IPA;0;;CS  ;TCHECOSLOVAQUIE                         ;563;LES BIERES TCHEQUES                                         ;2.871;0.25956;2;30;480;100;6.3;1;40;1    ;FUT INOX
9186;9186;DELIRIUM NOEL 75VC;;20;14;BIERE 75VC                    ;0;;40;BRASSERIE HUYGHE;BE  ;BELGIQUE                                ;13;VANUXEEM BROUWERIJ SA/NV                                    ;4.6198;0.618;2;12;54;75;10;1;4.5;2    ;CAISSE
9187;9187;DELIRIUM NOEL 33VC;;20;9;BIERE 33CL VC                 ;0;;40;BRASSERIE HUYGHE;BE  ;BELGIQUE                                ;13;VANUXEEM BROUWERIJ SA/NV                                    ;1.5506;0.27192;2;24;114;33;10;1;11.8;2    ;CAISSE
9188;9188;LUPULUS HIBERNATUS 33VC;;20;9;BIERE 33CL VC                 ;12;BRUNE;10;BRASSERIE LUPULUS;BE  ;BELGIQUE                                ;13;VANUXEEM BROUWERIJ SA/NV                                    ;1.4575;0.12916;2;24;123;33;9.5;1;4.5;2    ;CAISSE
9189;9189;SCHIEVE XMAS 33CL CAISSE 7€;CAISSE 7€ !;20;9;BIERE 33CL VC                 ;4;AMBREE / ROUSSE / RED ALE;7;BRASSERIE DE LA SENNE;BE  ;BELGIQUE                                ;13;VANUXEEM BROUWERIJ SA/NV                                    ;1.8679;0.10877;2;24;104;33;8;1;7;2    ;CAISSE
9191;9191;DOSKIWIS LIMINALITY 30L;HAZY PALE ALE;20;1;BIERE FUT 30L                 ;1;IPA;259;DOSKIWIS;ES  ;ESPAGNE                                 ;504;DOSKIWIS BREWING                                            ;5.312;0.22248;2;30;60;100;5.4;1;0;5    ;FUT KEYKEG
9195;9195;DOSKIWIS DOUBLE DIP 44CL;DIPA NECTARON MOSAIC;20;25;BIERE 33/44/50 CL CANETTE     ;1;IPA;259;DOSKIWIS;ES  ;ESPAGNE                                 ;504;DOSKIWIS BREWING                                            ;3.7625;0.14502;2;12;0;44;8;1;0;3    ;CARTONS
9200;9200;AVIATEUR SUPER NOVA 33BTE;AMBREE;20;25;BIERE 33/44/50 CL CANETTE     ;4;AMBREE / ROUSSE / RED ALE;264;BRASSERIE AVIATEUR;FR  ;FRANCE                                  ;478;BRASSERIE AVIATEUR                                          ;1.8225;0.06798;2;24;73;33;5;1;0;3    ;CARTONS
9202;9202;AVITEUR WING WALKER 44BTE;IPA AVIATEUR & GEKKO;20;25;BIERE 33/44/50 CL CANETTE     ;1;IPA;264;BRASSERIE AVIATEUR;FR  ;FRANCE                                  ;478;BRASSERIE AVIATEUR                                          ;3.0027;0.11783;2;12;0;44;6.5;1;0;3    ;CARTONS
9203;9203;BLANCHE DE WATOU 25VC;;20;9;BIERE 33CL VC                 ;3;BLANCHE;13;BRASSERIE VAN EECKE;BE  ;BELGIQUE                                ;290;BRASSERIE KAPITTEL SA                                       ;1.05;0.04944;2;24;19;25;4.8;1;4.5;2    ;CAISSE
9204;9204;MONT SALEVE MONDEUSE 150VP;SOUR MAGNUM;20;16;BIERE 150 CL/200CL            ;2;SOUR;233;BRASSERIE DU MONT SALEVE;FR  ;FRANCE                                  ;400;BRASSERIE DU MONT SALEVE                                    ;18.3404;0.3708;2;6;5;150;6;1;0;3    ;CARTONS
9206;9206;BARO METHODE ANCESTRALE 75CL;AOP GAILLAC BLANC BRUT;11;61;GAILLAC                       ;22;VIN BLANC SEC;227;DOMAINE BARREAU;    ;;355;EARL BARREAU IC ET FILS                                     ;8.019;0;2;6;6;75;10;1;0;     ;
9207;9207;DOMAINE MORTIER GRAVIERS 75CL;AOC SAINT NICOLAS DE BOURGUEIL;10;20;VINS DE LOIRE                 ;20;VIN ROUGE;0;;    ;;593;CAZOTTES LIQUIDES                                           ;12.5829;0;2;6;0;75;13.44;1;0;     ;
9208;9208;VALLI UNITE GAITU 75CL;VIN ROUGE ITALIEN;10;0;VINS                          ;20;VIN ROUGE;0;;    ;;593;CAZOTTES LIQUIDES                                           ;9.9998;0;2;6;1;75;12.5;1;0;     ;
9209;9209;DOMAINE MATASA OLLA BLANC 75CL;VINS DU ROUSSILLON BLANC SEC;10;94;COTES DU ROUSSILLON           ;22;VIN BLANC SEC;0;;    ;;593;CAZOTTES LIQUIDES                                           ;17.5005;0;2;6;6;75;10;1;0;     ;
9210;9210;CAZOTTES GOUTTE DE POIRE 50CL;EAU DE VIE DE POIRE WILLIAMS;1;35;EAU DE VIE                    ;0;;0;;    ;;593;CAZOTTES LIQUIDES                                           ;50.8731;0;2;6;0;50;45;1;0;     ;
9211;9211;CAZOTTES GOUTTE DE REINE 50CL;GOUTTE DE REINE CLAUDE DORÉE;1;35;EAU DE VIE                    ;0;;0;;    ;;593;CAZOTTES LIQUIDES                                           ;63.5368;0;2;6;0;50;45;1;0;     ;
9212;9212;ARBALETE ET COQUELICOT 75CL;DOMAINE JEAN BAPTISTE SENAT;10;75;MINERVOIS                     ;20;VIN ROUGE;0;;    ;;593;CAZOTTES LIQUIDES                                           ;10.4163;0;2;6;0;75;13;1;0;     ;
9214;9214;AVIATEUR SPACE ODDITY 20L;WHEAT ALE FRUITÉE SOUR;20;2;BIERE FUT 20L                 ;2;SOUR;0;;FR  ;FRANCE                                  ;478;BRASSERIE AVIATEUR                                          ;3.9013;0.2266;2;20;0;100;5.5;1;30;1    ;FUT INOX
9216;9216;KUPELA CIDRE DEMI SEC 75VP;ARTISANAL BASQUE;30;5;CIDRE BLLE                    ;28;CIDRE/  CIDER;206;SAS EGARRI EDARIAK;FR  ;FRANCE                                  ;128;SAS EGARRI EDARIAK                                          ;2.6062;0;2;12;6;75;4;1;0;3    ;CARTONS
9217;9217;ARIMA THÉ VERT MENTHE BIO 33CL;THÉ GLACÉ BIO ARIMA MENTHE;40;16;BOISSONS SUCREES VP           ;32;SANS ALCOOL;206;SAS EGARRI EDARIAK;FR  ;FRANCE                                  ;128;SAS EGARRI EDARIAK                                          ;1.5795;0.0134;3;12;8;33;0;1;0;3    ;CARTONS
9218;9218;ARIMA THÉ NOIR PECHE BIO 33CL;THÉ GLACÉ BIO ARIMA PECHE;40;16;BOISSONS SUCREES VP           ;32;SANS ALCOOL;206;SAS EGARRI EDARIAK;FR  ;FRANCE                                  ;128;SAS EGARRI EDARIAK                                          ;2.1509;0.0134;3;12;118;33;0;1;0;3    ;CARTONS
9219;9219;ARIMA THÉ ENERGIA BIO 33CL;THÉ GLACÉ ARIMA BIO ENERGIA;40;16;BOISSONS SUCREES VP           ;32;SANS ALCOOL;206;SAS EGARRI EDARIAK;FR  ;FRANCE                                  ;128;SAS EGARRI EDARIAK                                          ;1.7145;0.0134;3;12;0;33;0;1;0;3    ;CARTONS
9222;9222;GIN GENIEVRE INFUSION NAT 70CL;CAZOTTE GIN INFUSION NATURELLE;1;38;GIN                           ;0;;0;;FR  ;FRANCE                                  ;593;CAZOTTES LIQUIDES                                           ;26.0146;0;2;6;0;70;44;1;0;     ;
9223;9223;PIGGY DRIVER 0% 33CL;;20;10;BIERE 20/25/33/35CL VP        ;7;LAGER / PILS / ALE / BLONDE;137;THE PIGGY BREWING COMPAGNY;FR  ;FRANCE                                  ;125;THE PIGGY BREWING COMPANY                                   ;2.0424;0;3;24;1;33;0;1;0;3    ;CARTONS
9231;9231;OASIS TROPICAL S/PLACE 33CL;COMPTOIR;99;0;COMPTOIR TERRASSE             ;0;;0;;    ;;4;METRO                                                       ;2.7084;0.0534;4;1;0;25;0;1;0;     ;
9232;9232;FROZEN POND DE LUXE 33BTE;SOUR FRUITED GOSE DUCKPOND;20;25;BIERE 33/44/50 CL CANETTE     ;9;GOSE;197;BRASSERIE DUCKPOND;SE  ;SUEDE                                   ;350;MIKROFONBRYBRYGGERIET AB DUCKP                              ;4.2563;0.12236;2;24;145;33;9;1;0;3    ;CARTONS
9233;9233;DUCKPOND DOUBLE DOWN 33BTE;SOUR FRUITED GOSE;20;25;BIERE 33/44/50 CL CANETTE     ;9;GOSE;197;BRASSERIE DUCKPOND;SE  ;SUEDE                                   ;350;MIKROFONBRYBRYGGERIET AB DUCKP                              ;4.2563;0.12236;2;24;160;33;9;1;0;3    ;CARTONS
9234;9234;DUCKPOND DARKWING 33BTE;SOUR FRUITED GOSE;20;25;BIERE 33/44/50 CL CANETTE     ;9;GOSE;197;BRASSERIE DUCKPOND;SE  ;SUEDE                                   ;350;MIKROFONBRYBRYGGERIET AB DUCKP                              ;3.5014;0.08158;2;24;116;33;6;1;0;3    ;CARTONS
9235;9235;DUCKPOND LUCKY DUCK 33BTE;SOUR FRUITED GOSE;20;25;BIERE 33/44/50 CL CANETTE     ;9;GOSE;197;BRASSERIE DUCKPOND;SE  ;SUEDE                                   ;350;MIKROFONBRYBRYGGERIET AB DUCKP                              ;3.5014;0.08158;2;24;28;33;6;1;0;3    ;CARTONS
9236;9236;DUCKPOND SCOOPER 33BTE;SOUR FRUITED GOSE;20;25;BIERE 33/44/50 CL CANETTE     ;9;GOSE;197;BRASSERIE DUCKPOND;SE  ;SUEDE                                   ;350;MIKROFONBRYBRYGGERIET AB DUCKP                              ;3.5014;0.08158;2;24;0;33;6;1;0;3    ;CARTONS
9237;9237;DURAS ROUGE CANTO PERLIC 75CL;MONO CEPAGE DURAS;10;13;GAILLAC                       ;20;VIN ROUGE;0;;    ;;597;DOMAINE DE CANTO PERLIC                                     ;5.148;0;2;6;56;75;13;1;0;     ;
9238;9238;ÉCLAIRÉ CHEMIN SAUVIGNON 75CL;CANTO PERLIC;10;13;GAILLAC                       ;22;VIN BLANC SEC;0;;    ;;597;DOMAINE DE CANTO PERLIC                                     ;6.292;0;2;6;27;75;12;1;0;     ;
9239;9239;ALLIANCE TISSÉE DEMI-SEC 75CL;CANTO PERLIC;10;7;COTES DU TARN                 ;22;VIN BLANC SEC;0;;    ;;597;DOMAINE DE CANTO PERLIC                                     ;4.3492;0;2;6;0;75;12;1;0;     ;
9240;9240;PREMIERES COTES BLANC 75CL;BLANC FÛT DE CHENE;10;61;GAILLAC                       ;20;VIN ROUGE;0;;    ;;597;DOMAINE DE CANTO PERLIC                                     ;5.832;0;2;6;0;75;13;1;0;     ;
9241;9241;LE REGARD LUMINEUX 75CL;;11;61;GAILLAC                       ;20;VIN ROUGE;0;;    ;;597;DOMAINE DE CANTO PERLIC                                     ;4.752;0;2;6;0;75;12.5;1;0;     ;
9243;9243;SAISON DUPONT BIOLOGIQUE 33VC;SAISON BIO 5,5°;20;9;BIERE 33CL VC                 ;11;SAISON;88;BRASSERIE DUPONT;BE  ;BELGIQUE                                ;13;VANUXEEM BROUWERIJ SA/NV                                    ;1.3536;0.07478;2;24;48;33;5.5;1;4.5;2    ;CAISSE
9244;9244;DUPONT BIOLEGERE 33CL VC X24;BLONDE 3,5°;20;9;BIERE 33CL VC                 ;11;SAISON;88;BRASSERIE DUPONT;BE  ;BELGIQUE                                ;13;VANUXEEM BROUWERIJ SA/NV                                    ;0.8974;0.04759;2;24;0;33;3.5;1;4.5;2    ;CAISSE
9245;9245;ALEXANDRINS CROZES BLANC 75CL;ALEXANDRINS HERMITAGE 2024;10;46;COTES DU RHONE                ;22;VIN BLANC SEC;578;FAMILLE PERRIN;FR  ;FRANCE                                  ;578;FAMILLE PERRIN                                              ;15.39;0;2;6;6;75;13;1;0;3    ;CARTONS
9246;9246;ALEXANDRINS CRAIE BLANCHE 75CL;COLLINES RHODANIENNES;10;46;COTES DU RHONE                ;22;VIN BLANC SEC;578;FAMILLE PERRIN;FR  ;FRANCE                                  ;578;FAMILLE PERRIN                                              ;9.1;0;2;6;6;75;13;1;0;3    ;CARTONS
9247;9247;PERLES CÉLESTES CANTO PERLIC;100% MAUZAC;10;7;COTES DU TARN                 ;26;VIN PETILLANT;0;;    ;;597;DOMAINE DE CANTO PERLIC                                     ;8.4056;0;2;6;0;75;12;1;0;     ;
9248;9248;KRONENBOURG FUT 30L;FUT INOX KRONENBOURG;20;1;BIERE FUT 30L                 ;7;LAGER / PILS / ALE / BLONDE;116;BRASSERIE KRONENBOURG;    ;;272;RHONE BOISSONS                                              ;3.1689;0.34608;2;30;450;100;4.2;0;30;1    ;FUT INOX
9249;9249;KRONENBOURG TIGRE BOCK 30L;FLEURON KRONENBOURG;20;1;BIERE FUT 30L                 ;7;LAGER / PILS / ALE / BLONDE;116;BRASSERIE KRONENBOURG;    ;;272;RHONE BOISSONS                                              ;3.5763;0.412;2;30;30;100;5;1;30;1    ;FUT INOX
9250;9250;PAULANER BLONDE DE MUNICH 30L;;20;1;BIERE FUT 30L                 ;7;LAGER / PILS / ALE / BLONDE;54;BRASSERIE PAULANER;    ;;272;RHONE BOISSONS                                              ;3.1112;0.40376;2;30;0;100;4.9;1;30;1    ;FUT INOX
9251;9251;JONQUIÈRES RESPECT ROUGE 75CL;TERRASSE DU LARZAC AOP;10;0;VINS                          ;20;VIN ROUGE;0;;    ;;530;DOMAINE CALMEL & JOSEPH                                     ;7.228;0;2;6;0;75;13.5;1;0;     ;
9252;9252;ABRACADABRA ROUGE 75CL;LANGUEDOC ROUGE;11;72;PIC ST LOUP                   ;20;VIN ROUGE;0;;    ;;0;;7.2875;0;2;6;0;75;13.5;1;0;     ;
9253;9253;UNE ILE 2023 VDF ROUGE 75CL;VIN DE FRANCE ROUGE;10;6;VIN DE FRANCE                 ;20;VIN ROUGE;260;SAS CLOS DU GRAVILLAS;FR  ;FRANCE                                  ;505;CLOS DU GRAVILLAS                                           ;11.5;0;2;6;36;75;14;1;0;3    ;CARTONS
9254;9254;GATSBY LE MAGNIFIQUE RGE 75CL;AOC MINERVOIS ROUGE;10;75;MINERVOIS                     ;20;VIN ROUGE;260;SAS CLOS DU GRAVILLAS;FR  ;FRANCE                                  ;505;CLOS DU GRAVILLAS                                           ;15.81;0;2;6;5;75;14;1;0;3    ;CARTONS
9257;9257;GARAGE ZIPLOCKED 26 44CL;COLLAB DOUBLE R HOP RANCHES;20;25;BIERE 33/44/50 CL CANETTE     ;1;IPA;156;GARAGE BREWING;ES  ;ESPAGNE                                 ;133;CERVECEROS GARAGE SL                                        ;3.5505;0.11783;2;16;3;44;6.5;1;0;3    ;CARTONS
9258;9258;GARAGE UNZIPPED 44CL;WEST COAST IPA;20;25;BIERE 33/44/50 CL CANETTE     ;1;IPA;156;GARAGE BREWING;ES  ;ESPAGNE                                 ;133;CERVECEROS GARAGE SL                                        ;3.402;0.11783;2;16;1;44;6.5;1;0;3    ;CARTONS
9259;9259;GARAGE ADRENALINA 33CL X24;BIERE SANS ALCOOOL;20;25;BIERE 33/44/50 CL CANETTE     ;1;IPA;156;GARAGE BREWING;FR  ;FRANCE                                  ;133;CERVECEROS GARAGE SL                                        ;2.132;0.0136;3;24;330;33;0.5;1;0;3    ;CARTONS
9260;9260;LE MIGNON ROSÉ 75CL;OC PINOT NOIR GEWURZTRAMINER;11;5;OC                            ;21;VIN ROSE;0;;    ;;519;ANNE DE JOYEUSE                                             ;4.995;0;2;6;72;75;12;0;0;     ;
9261;9261;LONGUEROCHE C RESERVE RG 150CL;MAGNUM CUVEE RESERVE ROUGE;11;69;CORBIERES                     ;20;VIN ROUGE;226;DOMAINE LONGUEROCHE;    ;;47;DOMAINE DE LONGUEROCHE                                      ;19;0;2;6;1;150;13;1;0;     ;
9262;9262;LAUGAR DREAMTHIEF 33VP;IMPERIAL STOUT BARREL;20;10;BIERE 20/25/33/35CL VP        ;5;STOUT / PORTER;192;BRASSERIE LAUGAR;ES  ;ESPAGNE                                 ;334;LAUGAR BREWERY S.L.                                         ;3.876;0.16302;2;24;32;33;11.99;1;0;3    ;CARTONS
9263;9263;CD LE FRUIT BLANC 2024 75CL;VDF BLANC SEC;10;6;VIN DE FRANCE                 ;22;VIN BLANC SEC;0;;    ;;593;CAZOTTES LIQUIDES                                           ;5.5;0;2;6;4;75;12;1;0;     ;
9264;9264;CD LE FRUIT ROUGE NM 75CL;VDF ROUGE;10;6;VIN DE FRANCE                 ;20;VIN ROUGE;0;;    ;;593;CAZOTTES LIQUIDES                                           ;5.5;0;2;6;9;75;12.5;1;0;     ;
9265;9265;GRAMENON POIGNEE RAISINS 75CL;AOP ROUGE DOMAINE GRAMENON;10;46;COTES DU RHONE                ;20;VIN ROUGE;0;;    ;;593;CAZOTTES LIQUIDES                                           ;16.6664;0;2;6;4;75;14;1;0;     ;
9266;9266;PLAISANCE LE ROUGE 75CL;AOP FRONTON BIO;10;58;AOP FRONTON                   ;20;VIN ROUGE;592;DOMAINE PLAISANCE PENAVAYRE;    ;;600;PLAISANCE PENAVAYRE                                         ;6.47;0;2;6;43;75;12.5;1;0;     ;
9267;9267;PLAISANCE CRUCHINET 75CL;VDF BLANC CHENIN;10;6;VIN DE FRANCE                 ;22;VIN BLANC SEC;592;DOMAINE PLAISANCE PENAVAYRE;    ;;600;PLAISANCE PENAVAYRE                                         ;8.21;0;2;6;4;75;13;1;0;     ;
9268;9268;PLAISANCE COSMOPOTE BLANC 75CL;VDF BLANC BIO;10;6;VIN DE FRANCE                 ;22;VIN BLANC SEC;592;DOMAINE PLAISANCE PENAVAYRE;    ;;600;PLAISANCE PENAVAYRE                                         ;6.266;0;2;6;150;75;11.5;1;0;     ;
9269;9269;PLAISANCE PET NAT 75CL;MUSCAT DE HAMBOURG, CHENIN;10;78;VIN MOUSSEUX DE QUALITE       ;26;VIN PETILLANT;592;DOMAINE PLAISANCE PENAVAYRE;    ;;600;PLAISANCE PENAVAYRE                                         ;8.81;0;2;6;6;75;11;1;0;     ;
9270;9270;ALTA ROSÉ 75CL;IGP PAYS D'OC ROSÉ;10;5;IGP OC                        ;21;VIN ROSE;0;;    ;;519;ANNE DE JOYEUSE                                             ;5.86;0;2;6;145;75;12;0;0;     ;
9271;9271;RATZ NON FILTREE BLONDE 30L;;20;1;BIERE FUT 30L                 ;7;LAGER / PILS / ALE / BLONDE;27;BRASSERIE RATZ;FR  ;FRANCE                                  ;57;RATZ BRASSERIE ARTISANALE                                   ;3.0514;0.2266;2;30;180;100;5.5;1;30;1    ;FUT INOX
9272;9272;SIROP BASILIC GIFFARD 100CL;;70;0;SIROP                         ;0;;243;GIFFARD;    ;;274;GIFFARD                                                     ;6.1178;0;3;6;7;100;0;1;0;     ;
9273;9273;GIFFARD MENTHE PASTILLE 100CL;;1;41;LIQUEURS CREMES               ;0;;0;;    ;;274;GIFFARD                                                     ;16.055;0;2;6;6;100;24;1;0;     ;
9274;9274;ON TAP COCKTAILS MOJITO 20L;FUT KEYKEG;1;59;COCKTAIL                      ;0;;0;;FR  ;FRANCE                                  ;601;ON TAP COCKTAIL                                             ;279.3;0;2;1;0;2000;12.5;1;0;5    ;FUT KEYKEG
9275;9275;SEX ON THE BEACH 20L;FUT KEYKEG ON TAP COCKTAILS;1;59;COCKTAIL                      ;0;;0;;FR  ;FRANCE                                  ;601;ON TAP COCKTAIL                                             ;279.3;0;2;1;0;2000;12.5;1;0;5    ;FUT KEYKEG
9276;9276;SPRINGBANK 30 ANS 70CL;SINGLE MALT;1;63;WHISKY ECOSSAIS               ;0;;0;;SF  ;ECOSSE                                  ;257;DUGAS                                                       ;868.416;0;2;1;0;70;46;1;0;     ;
9278;9278;BAS-ARMAGNAC EXODE XIV 70CL;100% UGNI BLANC;1;23;ARMAGNAC                      ;0;;0;;    ;;582;FAMILLE LAUDET                                              ;23.5203;0;2;6;5;70;43;1;0;     ;
9279;9279;BAS-ARMAGNAC RESISTANCE 70CL;MONO CEPAGE 100% BACO;1;23;ARMAGNAC                      ;0;;0;;    ;;582;FAMILLE LAUDET                                              ;29.8453;0;2;6;4;70;43;1;0;     ;
9280;9280;LABALLE BAS-ARMA 10 ANS 70CL;HORS D’ÂGE 10 ANS;1;23;ARMAGNAC                      ;0;;0;;    ;;582;FAMILLE LAUDET                                              ;31.9399;0;2;6;0;70;43;1;0;     ;
9281;9281;LABALLE ARMAGNAC 2011 70CL;BAS-ARMAGNAC 2011;1;23;ARMAGNAC                      ;0;;0;;    ;;582;FAMILLE LAUDET                                              ;58.3992;0;2;6;0;70;43;1;0;     ;
9282;9282;ST NICOLAS BOURGUEIL MABILEAU;DOMAINE LAURENT MABILEAU 70CL;10;38;BOURGOGNE BLANC               ;22;VIN BLANC SEC;0;;FR  ;FRANCE                                  ;540;BONS PLANTS VINS                                            ;7.9;0;2;6;6;75;12.5;1;0;3    ;CARTONS
9283;9283;RETOUR VERS LE FUTUR 44BTE;AVIATEUR WEST COAST IPA;20;25;BIERE 33/44/50 CL CANETTE     ;1;IPA;0;;FR  ;FRANCE                                  ;478;BRASSERIE AVIATEUR                                          ;2.9619;0.0997;2;12;20;44;5.5;1;0;3    ;CARTONS
9284;9284;AVIATEUR SUPER BLEN2R 44BTE;NEW ENGLAND IPA;20;25;BIERE 33/44/50 CL CANETTE     ;1;IPA;0;;FR  ;FRANCE                                  ;478;BRASSERIE AVIATEUR                                          ;3.2579;0.11783;2;12;2;44;6.5;1;0;3    ;CARTONS
9285;9285;PLAISANCE COSMOPOTES RGE 75CL;VDF ROUGE;10;6;VIN DE FRANCE                 ;20;VIN ROUGE;592;DOMAINE PLAISANCE PENAVAYRE;    ;;600;PLAISANCE PENAVAYRE                                         ;6.266;0;2;6;81;75;12;1;0;     ;
9286;9286;CHIPS 60G DIVERS SUR/PLACE;;99;0;COMPTOIR TERRASSE             ;0;;0;;FR  ;FRANCE                                  ;376;SARL LES CHIPS DE L'AVEYRON                                 ;1.3;0;4;1;-10;100;0;1;0;3    ;CARTONS
9287;9287;BIB CAMAS SYRAH ROUGE 10L;IGP OC / ANNE DE JOYEUSE;10;5;IGP OC                        ;20;VIN ROUGE;0;;    ;;519;ANNE DE JOYEUSE                                             ;21.2625;0;2;1;10;1000;13;1;0;     ;
9290;9290;RHUM HSE BLANC 75CL;CUVEE CHRISTIAN MONTAGUERE;1;5;RHUMS DOMS                    ;0;;0;;MQ  ;MARTINIQUE                              ;257;DUGAS                                                       ;29.8104;0;2;6;5;70;55;1;0;     ;
9291;9291;WH ROZELIEURES ROUGE COTE 70CL;WHISKY PARCELLAIRE ROUGE COTE;1;62;WHISKY                        ;31;LEGEREMENT TOURBE;0;;FR  ;FRANCE                                  ;257;DUGAS                                                       ;36.2;0;2;6;3;70;43;1;0;     ;
9292;9292;WH DALWHINNIE WINTER GOLD 70CL;HIGHLAND SINGLE MALT;1;63;WHISKY ECOSSAIS               ;0;;0;;SF  ;ECOSSE                                  ;257;DUGAS                                                       ;40.5;0;2;6;2;70;43;1;0;     ;
9293;9293;SPRINGBANK LOCAL BARLEY 75CL;SPRINGBANK LOCAL BARLEY 10 ANS;1;63;WHISKY ECOSSAIS               ;0;;0;;SF  ;ECOSSE                                  ;257;DUGAS                                                       ;80.5;0;2;1;0;70;55.2;1;0;     ;
9294;9294;WHISKY SPRINGBANK 21 ANS 75CL;;1;63;WHISKY ECOSSAIS               ;0;;0;;SF  ;ECOSSE                                  ;257;DUGAS                                                       ;267.5269;0;2;1;0;70;46;1;0;     ;
9295;9295;SPRINGBANK FINO 10 ANS 70CL;SINGLE MALT;1;63;WHISKY ECOSSAIS               ;0;;0;;SF  ;ECOSSE                                  ;257;DUGAS                                                       ;82.25;0;2;1;0;70;55;1;0;     ;
9296;9296;KUPELA CIDRE DEMI SEC 30L;;30;1;CIDRE FUT                     ;0;;206;SAS EGARRI EDARIAK;FR  ;FRANCE                                  ;128;SAS EGARRI EDARIAK                                          ;3.892;0;2;30;600;100;4;1;30;1    ;FUT INOX
9297;9297;DAB EXPORT 30L;;20;1;BIERE FUT 30L                 ;7;LAGER / PILS / ALE / BLONDE;87;BRASSERIE JEVER;DE  ;ALLEMAGNE                               ;0;;2.1201;0.412;2;30;0;100;5;1;30;1    ;FUT INOX
9298;9298;FUET TRUFFE 100G A EMPORTER;A EMPORTER;87;11;TERRINE - BOCAUX - SAUCIS-FROM;0;;0;;    ;;402;J VILA EMBOTITS ARTESANS                                    ;1.61;0;3;1;21;100;0;1;0;     ;
9300;9300;SANIT +NETTOYAGE EN PROFONDEUR;1/2 TIRAGE PRESSION CHEZ OB;91;16;SERVICES TECHNIQUES           ;0;;0;;    ;;0;;104.166;0;2;1;0;100;0;1;0;     ;
9301;9301;DEBAUCHE PILSNER 30L INOX;PILS INOX;20;1;BIERE FUT 30L                 ;7;LAGER / PILS / ALE / BLONDE;191;LA DEBAUCHE;FR  ;FRANCE                                  ;356;BRASSERIE LA DEBAUCHE                                       ;2.3;0.19776;2;30;0;100;4.8;1;30;1    ;FUT INOX
9302;9302;AVIATEUR LAMA SANS ALCOOL 33CL;MATE PETILLANT;40;21;BOISSONS SUCREES BTE          ;0;;0;;    ;;478;BRASSERIE AVIATEUR                                          ;1.3829;0.1176;3;24;120;33;0;1;0;     ;
9303;9303;AVIATEUR MONKY SA 33CL;GINGER ALE;40;21;BOISSONS SUCREES BTE          ;0;;0;;    ;;478;BRASSERIE AVIATEUR                                          ;1.4377;0.1176;3;24;133;33;0;1;0;     ;
9304;9304;GUINNESS SPECIAL EXPORT 33VC;;20;9;BIERE 33CL VC                 ;5;STOUT / PORTER;65;BRASSERIE GUINESS;    ;;13;VANUXEEM BROUWERIJ SA/NV                                    ;1.9972;0.21754;2;24;168;33;8;1;4.5;2    ;CAISSE
9305;9305;ON TAP COCKTAILS PORN STAR 20L;FUT KEYKEG;1;59;COCKTAIL                      ;0;;0;;FR  ;FRANCE                                  ;601;ON TAP COCKTAIL                                             ;348.6;0;2;1;0;2000;12.5;1;0;5    ;FUT KEYKEG
9306;9306;FLORIS CACTUS 33VC;;20;9;BIERE 33CL VC                 ;14;FRUITEE;40;BRASSERIE HUYGHE;BE  ;BELGIQUE                                ;13;VANUXEEM BROUWERIJ SA/NV                                    ;2.0062;0.11421;2;24;94;33;4.2;1;7;2    ;CAISSE
9307;9307;LA BUTINÈRE BLANC 75CL;CHARDONNAY AOP LIMOUX;10;10;AOP LIMOUX                    ;20;VIN ROUGE;0;;    ;;519;ANNE DE JOYEUSE                                             ;8.5;0;2;6;0;75;13.5;0;0;     ;
9308;9308;GOBELET CARTON 12CL X50;V54N4OZK;87;1;JETABLES                      ;0;;0;;    ;;16;ISAP                                                        ;1.2;0;2;20;32;100;0;1;0;     ;
9309;9309;GOB 20CL CARTON X100;V54NH7OZK;87;1;JETABLES                      ;0;;0;;    ;;16;ISAP                                                        ;2.7;0;2;30;15;100;0;1;0;     ;
9310;9310;POP CORN MUSICAL;;99;0;COMPTOIR TERRASSE             ;0;;0;;FR  ;FRANCE                                  ;0;;2.6364;0;4;1;0;100;0;1;0;3    ;CARTONS
9311;9311;DUO CHORIZO MIEL;6 TARTINES;99;1;PLANCHES                      ;0;;0;;FR  ;FRANCE                                  ;0;;4.0909;0;4;1;0;100;0;1;0;3    ;CARTONS
9312;9312;PIEDBOEUF BLONDE 12X75VC;BIERE 1,1%;20;14;BIERE 75VC                    ;7;LAGER / PILS / ALE / BLONDE;0;;BE  ;BELGIQUE                                ;13;VANUXEEM BROUWERIJ SA/NV                                    ;2.3992;0.03399;2;12;36;75;1.1;1;4.5;2    ;CAISSE
9313;9313;PLAISANCE ALABETS ROUGE 75CL;AOC ROUGE FRONTON;10;58;AOP FRONTON                   ;20;VIN ROUGE;592;DOMAINE PLAISANCE PENAVAYRE;    ;;600;PLAISANCE PENAVAYRE                                         ;8.883;0;2;6;4;75;11.5;1;0;3    ;CARTONS
9314;9314;GROOVES DOG;PUR BOEUF PAIN BRIOCHE;99;0;COMPTOIR TERRASSE             ;0;;0;;FR  ;FRANCE                                  ;606;RELAIS D'OR                                                 ;6.8182;0;4;1;224;100;0;1;0;3    ;CARTONS
9316;9316;DUO GROOVE DOG & NACHO VIBES;PUR BOEUF PAIN BRIOCHE;99;0;COMPTOIR TERRASSE             ;0;;0;;FR  ;FRANCE                                  ;0;;7.7274;0;4;1;0;100;0;1;0;3    ;CARTONS
9317;9317;SAUCE GUACAMOLE 0.50€;;99;0;COMPTOIR TERRASSE             ;0;;0;;    ;;0;;0.5;0;4;1;0;100;0;1;0;     ;
9318;9318;SAUCE SALSA 0.50€;;99;0;COMPTOIR TERRASSE             ;0;;0;;    ;;0;;0.5;0;4;1;0;100;0;1;0;     ;
9320;9320;SAUCE CHEDDAR 0.50€;;99;0;COMPTOIR TERRASSE             ;0;;0;;    ;;0;;0.5;0;4;1;0;100;0;1;0;     ;
9321;9321;SAUCE KETCHUP 0.50€;;99;0;COMPTOIR TERRASSE             ;0;;0;;    ;;0;;0.5;0;4;1;0;100;0;1;0;     ;
9322;9322;SAUCE MAYONNAISE 0.50€;;99;0;COMPTOIR TERRASSE             ;0;;0;;    ;;0;;0.5;0;4;1;0;100;0;1;0;     ;
9323;9323;NACHO VIBES 100G;;99;0;COMPTOIR TERRASSE             ;0;;0;;FR  ;FRANCE                                  ;606;RELAIS D'OR                                                 ;2.7273;0;4;1;0;100;0;1;0;3    ;CARTONS
9324;9324;SAUCE MUSTARD 0.50€;;99;0;COMPTOIR TERRASSE             ;0;;0;;    ;;0;;0.5;0;4;1;0;100;0;1;0;     ;
9325;9325;COOKIES CACAO NOISETTE 80G;SUR PLACE SUR PLACE;99;0;COMPTOIR TERRASSE             ;0;;0;;    ;;606;RELAIS D'OR                                                 ;2.6363;0;4;1;39;100;0;1;0;     ;
9326;9326;MUFFIN 3 CHOCOLAT 85G  S/PLACE;SUR PLACE;99;0;COMPTOIR TERRASSE             ;0;;0;;    ;;606;RELAIS D'OR                                                 ;2.6363;0;4;1;-2;100;0;1;0;     ;
9330;9330;AVIATEUR EXO PLANET 44BTE;NEW ENGLAND IPA;20;25;BIERE 33/44/50 CL CANETTE     ;1;IPA;0;;FR  ;FRANCE                                  ;478;BRASSERIE AVIATEUR                                          ;3.2579;0.11783;2;12;32;44;6.5;1;0;3    ;CARTONS
9331;9331;AVIATEUR SHOOT THEM UP 44BTE;DOUBLE NEIPA;20;25;BIERE 33/44/50 CL CANETTE     ;1;IPA;0;;FR  ;FRANCE                                  ;478;BRASSERIE AVIATEUR                                          ;3.4465;0.13596;2;12;6;44;7.5;1;0;3    ;CARTONS
9332;9332;RIESLING BLANC 23/24 75CL;VIN BLANC ALSACE DOMAINE GOEPP;10;65;ALSACE                        ;22;VIN BLANC SEC;0;;    ;;605;DAME JANE                                                   ;10.5;0;2;6;8;75;12;1;0;     ;
9333;9333;LE FAROUCHE ROUGE 2024 75CL;VIN AOC ALSACE DOMAINE GOEPP;10;65;ALSACE                        ;20;VIN ROUGE;0;;    ;;605;DAME JANE                                                   ;11.1375;0;2;6;10;75;12;1;0;     ;
9334;9334;IMPATIENT BLANC 2024 75CL;VIN DE FRANCE DOMAINE GOEPP;10;6;VIN DE FRANCE                 ;22;VIN BLANC SEC;0;;    ;;605;DAME JANE                                                   ;12.4875;0;2;6;5;75;12.5;1;0;     ;
9335;9335;PEPIN BLANC 75CL;VIN DE FRANCE BLANC PEPIN;10;6;VIN DE FRANCE                 ;22;VIN BLANC SEC;0;;    ;;605;DAME JANE                                                   ;11.8125;0;2;6;2;75;14;1;0;     ;
9336;9336;GAMAY COTE BASALTIQUE 24 75CL;;10;0;VINS                          ;20;VIN ROUGE;0;;    ;;605;DAME JANE                                                   ;10.7325;0;2;6;12;75;12;1;0;     ;
9337;9337;TERRE DE FEU ROUGE 2022 75CL;VIN DE FRANCE LES FOULARDS RGE;10;6;VIN DE FRANCE                 ;20;VIN ROUGE;0;;    ;;605;DAME JANE                                                   ;12.0825;0;2;6;4;75;13;1;0;     ;
9338;9338;SOIF DU MAL ROUGE 2025 75CL;VIN DE FRANCE LES FOULARDS RGE;10;6;VIN DE FRANCE                 ;20;VIN ROUGE;0;;    ;;605;DAME JANE                                                   ;17.6175;0;2;6;12;75;13;1;0;     ;
9339;9339;RADICALEMENT GRIS 2024 75CL;VIN DE FRANCE VIGNES FRESCHE;10;6;VIN DE FRANCE                 ;22;VIN BLANC SEC;0;;    ;;605;DAME JANE                                                   ;9.7875;0;2;6;11;75;11.5;1;0;     ;
9340;9340;RADICALEMENT ROUGE 2023 75CL;IGP VAL DE LOIRE VIGNES FRESCH;10;0;VINS                          ;20;VIN ROUGE;0;;    ;;605;DAME JANE                                                   ;8.9775;0;2;6;8;75;12.5;1;0;     ;
9341;9341;RADICALEMENT BLANC 2024 75CL;AOC ANJOU VIGNES DU FRESCHE;10;50;ANJOU                         ;22;VIN BLANC SEC;0;;    ;;605;DAME JANE                                                   ;10.3275;0;2;6;11;75;12;1;0;     ;
9342;9342;GARAGE KNUDSEN 44CL;WEST COAST IPA;20;25;BIERE 33/44/50 CL CANETTE     ;1;IPA;156;GARAGE BREWING;ES  ;ESPAGNE                                 ;133;CERVECEROS GARAGE SL                                        ;3.4524;0.0997;2;16;3;44;5.5;1;0;3    ;CARTONS
9343;9343;WALLPAPERS FOR MIRRORS 44CL;PASTRY SOUR;20;25;BIERE 33/44/50 CL CANETTE     ;2;SOUR;156;GARAGE BREWING;ES  ;ESPAGNE                                 ;133;CERVECEROS GARAGE SL                                        ;3.8892;0.10877;2;16;45;44;6;1;0;3    ;CARTONS
9344;9344;RATZ LAGER  30L;NOUVEAU DEGRE BLONDE;20;1;BIERE FUT 30L                 ;7;LAGER / PILS / ALE / BLONDE;27;BRASSERIE RATZ;FR  ;FRANCE                                  ;57;RATZ BRASSERIE ARTISANALE                                   ;2.75;0.15656;2;30;840;100;3.8;1;30;1    ;FUT INOX
9345;9345;SOUS VERRE;REF 3000;87;6;ART. PUB.                     ;0;;86;KROMBACHER;    ;;395;KROMBACHER BRAUEREI GMBH & CO                               ;7.245;0;2;1;17;100;0;1;0;     ;
9346;9346;TAPIS DE BAR KROMBACHER 50X20;REF 7611;87;6;ART. PUB.                     ;0;;86;KROMBACHER;    ;;395;KROMBACHER BRAUEREI GMBH & CO                               ;6.12;0;2;1;11;100;0;1;0;     ;
9347;9347;TERRINE DE CANARD STOUT 130G;TERRINE DEBAUCHE;87;11;TERRINE - BOCAUX - SAUCIS-FROM;0;;0;;FR  ;FRANCE                                  ;356;BRASSERIE LA DEBAUCHE                                       ;3.978;0;3;12;60;100;0;1;0;3    ;CARTONS
9348;9348;VESTE POLAIRE SOFTSHELL HOMME;REF 7697 7698 7700 7701;87;6;ART. PUB.                     ;0;;86;KROMBACHER;    ;;395;KROMBACHER BRAUEREI GMBH & CO                               ;37.5;0;2;1;1;100;0;1;0;     ;
9349;9349;POLO DAMES NOIR KROMBACHER;REF 8835 8836;87;6;ART. PUB.                     ;0;;86;KROMBACHER;    ;;395;KROMBACHER BRAUEREI GMBH & CO                               ;9.875;0;2;1;8;100;0;1;0;3    ;CARTONS
9350;9350;PIED DE BOEUF BRUNE 75VC;BIERE 1.1%;20;14;BIERE 75VC                    ;7;LAGER / PILS / ALE / BLONDE;0;;BE  ;BELGIQUE                                ;13;VANUXEEM BROUWERIJ SA/NV                                    ;2.4849;0.03399;2;12;120;75;1.1;1;4.5;2    ;CAISSE
9351;9351;DEBAUCHE AMBER ALE 30L;;20;1;BIERE FUT 30L                 ;4;AMBREE / ROUSSE / RED ALE;191;LA DEBAUCHE;FR  ;FRANCE                                  ;356;BRASSERIE LA DEBAUCHE                                       ;3.3833;0.2678;2;30;120;100;6.5;1;30;1    ;FUT INOX
9352;9352;DEBAUCHE OAK CHRONICLE 3  33CL;EDITION N°3;20;10;BIERE 20/25/33/35CL VP        ;6;BARREL AGED;191;LA DEBAUCHE;FR  ;FRANCE                                  ;356;BRASSERIE LA DEBAUCHE                                       ;3.9825;0.16587;2;12;0;33;12.2;1;0;3    ;CARTONS
9353;9353;DEBAUCHE OAK CHRONICLE 4  33CL;IS AMARENA CALAVADOS;20;10;BIERE 20/25/33/35CL VP        ;6;BARREL AGED;191;LA DEBAUCHE;FR  ;FRANCE                                  ;356;BRASSERIE LA DEBAUCHE                                       ;4.4685;0.21074;2;12;22;33;15.5;1;0;3    ;CARTONS
9354;9354;DEBAUCHE BABY HAZY 33CL;SOUR PASSION;20;25;BIERE 33/44/50 CL CANETTE     ;2;SOUR;191;LA DEBAUCHE;FR  ;FRANCE                                  ;356;BRASSERIE LA DEBAUCHE                                       ;1.998;0.0136;3;12;3;33;0.5;1;0;3    ;CARTONS
9355;9355;JUPILER BLIK 33BTE;;20;25;BIERE 33/44/50 CL CANETTE     ;0;;109;BRASSERIE JUPILER;    ;;13;VANUXEEM BROUWERIJ SA/NV                                    ;1.2934;0.1414;2;24;0;33;5.2;1;0;3    ;CARTONS
9356;9356;DEBAUCHE PILS 33CL;;20;25;BIERE 33/44/50 CL CANETTE     ;7;LAGER / PILS / ALE / BLONDE;191;LA DEBAUCHE;FR  ;FRANCE                                  ;356;BRASSERIE LA DEBAUCHE                                       ;1.485;0.06526;2;12;24;33;4.8;1;0;3    ;CARTONS
9359;9359;SUPERBE BUMP'S 44CL X24;NEIPA NELSON MOSAIC GALAXY;20;25;BIERE 33/44/50 CL CANETTE     ;1;IPA;242;LA SUPERBE;FR  ;FRANCE                                  ;411;LA SUPERBE                                                  ;3.555;0.12508;2;24;13;44;6.9;1;0;3    ;CARTONS
9360;9360;SUPERBE SOLE E MARE 44CL;PASTRY GOSE ABRICOT CLEMENTINE;20;25;BIERE 33/44/50 CL CANETTE     ;2;SOUR;242;LA SUPERBE;FR  ;FRANCE                                  ;411;LA SUPERBE                                                  ;4.2126;0.14502;2;24;114;44;8;1;0;3    ;CARTONS
9361;9361;SUPERBE KROOKED KARMA 44CL;NEIPA STRATA IDAHO 7 MOSAIC;20;25;BIERE 33/44/50 CL CANETTE     ;1;IPA;242;LA SUPERBE;FR  ;FRANCE                                  ;411;LA SUPERBE                                                  ;3.5101;0.11783;2;24;1;44;6.5;1;0;3    ;CARTONS
9362;9362;SUPERBE EXTRA GROOVY 44CL;DDH IPA EL DORADO CITRA;20;25;BIERE 33/44/50 CL CANETTE     ;1;IPA;242;LA SUPERBE;FR  ;FRANCE                                  ;411;LA SUPERBE                                                  ;3.5051;0.12146;2;24;17;44;6.7;1;0;3    ;CARTONS
9363;9363;SUPERBE MOLASSES BARIK N°5 33C;RUM BARREL AGED IS;20;10;BIERE 20/25/33/35CL VP        ;6;BARREL AGED;242;LA SUPERBE;FR  ;FRANCE                                  ;411;LA SUPERBE                                                  ;4.9599;0.14956;2;12;51;33;11;1;0;3    ;CARTONS
9364;9364;SUPERBE CALYPSO 33CL X24;WHEAT ALE;20;10;BIERE 20/25/33/35CL VP        ;3;BLANCHE;242;LA SUPERBE;FR  ;FRANCE                                  ;411;LA SUPERBE                                                  ;1.8811;0.06526;2;24;135;33;4.8;1;0;3    ;CARTONS
9365;9365;SUPERBE HEATWAVE N°1 44CL;HEATSERIES MANGUE PIMENT CURRY;20;25;BIERE 33/44/50 CL CANETTE     ;2;SOUR;242;LA SUPERBE;FR  ;FRANCE                                  ;411;LA SUPERBE                                                  ;4.1814;0.11783;2;24;14;44;6.5;1;0;3    ;CARTONS
9366;9366;SUPERBE HOT CORE LEVEL 2 44CL;HEAT SERIES STOUT CHIPOTLE;20;25;BIERE 33/44/50 CL CANETTE     ;2;SOUR;242;LA SUPERBE;FR  ;FRANCE                                  ;411;LA SUPERBE                                                  ;4.6425;0.18128;2;16;0;44;10;1;0;3    ;CARTONS
9367;9367;SUPERBE BLOODY HELL LEVEL3 44C;GOSE BLOODY MARY TABASCO;20;25;BIERE 33/44/50 CL CANETTE     ;9;GOSE;242;LA SUPERBE;FR  ;FRANCE                                  ;411;LA SUPERBE                                                  ;4.2811;0.14502;2;24;0;44;8;1;0;3    ;CARTONS
9368;9368;BASQUELAND MAX DRIFT 30L K;MOSAIC OATCREAM IPA;20;1;BIERE FUT 30L                 ;1;IPA;133;BASQUELAND BREWING PROJECT;ES  ;ESPAGNE                                 ;314;BASQUELAND BREWING PROJECT                                  ;4.25;0.5356;2;30;150;100;6.5;1;0;5    ;FUT KEYKEG
9369;9369;BASQUELAND FIRE HORSE 44CL;DDH IPA;20;25;BIERE 33/44/50 CL CANETTE     ;1;IPA;133;BASQUELAND BREWING PROJECT;ES  ;ESPAGNE                                 ;314;BASQUELAND BREWING PROJECT                                  ;3.5612;0.24654;2;16;6;44;6.8;1;0;3    ;CARTONS
9370;9370;BASQUELAND ONDA RIBELLE 33BTE;WEST COAST IPA;20;25;BIERE 33/44/50 CL CANETTE     ;1;IPA;133;BASQUELAND BREWING PROJECT;ES  ;ESPAGNE                                 ;314;BASQUELAND BREWING PROJECT                                  ;2.2526;0.18491;2;24;24;33;6.8;1;0;3    ;CARTONS
9371;9371;BASQUELAND MAREA ALTA 44CL;DOUBLE IPA;20;25;BIERE 33/44/50 CL CANETTE     ;1;IPA;133;BASQUELAND BREWING PROJECT;ES  ;ESPAGNE                                 ;314;BASQUELAND BREWING PROJECT                                  ;3.9696;0.29005;2;16;78;44;8;1;0;3    ;CARTONS
9372;9372;BASQUELAND WAVY GRAVY 44CL;HAZY IPA;20;25;BIERE 33/44/50 CL CANETTE     ;1;IPA;133;BASQUELAND BREWING PROJECT;ES  ;ESPAGNE                                 ;314;BASQUELAND BREWING PROJECT                                  ;3.4071;0.22116;2;16;17;44;6.1;1;0;3    ;CARTONS
9374;9374;GAYREL VIN BLANC FRAI 20LKK;ATTENTION KEYKEG !;11;4;VIN DE FRANCE                 ;26;VIN PETILLANT;0;;    ;;270;LES VIGNOBLES GAYREL S.A.S                                  ;4.53;0;2;20;280;100;9;1;0;5    ;FUT KEYKEG
9375;9375;AVIATEUR BOARDING PASS 44BTE;SOUR;20;25;BIERE 33/44/50 CL CANETTE     ;2;SOUR;0;;FR  ;FRANCE                                  ;478;BRASSERIE AVIATEUR                                          ;3.0567;0.10877;2;12;6;44;6;1;0;3    ;CARTONS
9376;9376;AVIATEUR BOARDING PASS 20L;SOUR;20;2;BIERE FUT 20L                 ;2;SOUR;0;;FR  ;FRANCE                                  ;478;BRASSERIE AVIATEUR                                          ;4.75;0.2472;2;20;20;100;6;1;30;1    ;FUT INOX
9377;9377;STIGBERGETS CLANDESTINO 44CL;IPA;20;25;BIERE 33/44/50 CL CANETTE     ;1;IPA;258;STIGBERGETS BRYGGERI;SE  ;SUEDE                                   ;466;STIGBERGETS BRYGGERI                                        ;3.2948;0.10333;2;24;1;44;5.7;1;0;3    ;CARTONS
9378;9378;STIGBERGETS TALK THE TALK 44CL;NEIPA;20;25;BIERE 33/44/50 CL CANETTE     ;1;IPA;258;STIGBERGETS BRYGGERI;SE  ;SUEDE                                   ;466;STIGBERGETS BRYGGERI                                        ;3.5231;0.11421;2;24;7;44;6.3;1;0;3    ;CARTONS
9379;9379;STIGB PACIFIC NORTHWEST 44CL;HAZY IPA COLLAB YAKIMA;20;25;BIERE 33/44/50 CL CANETTE     ;1;IPA;258;STIGBERGETS BRYGGERI;SE  ;SUEDE                                   ;466;STIGBERGETS BRYGGERI                                        ;3.7515;0.13052;2;24;-5;44;7.2;1;0;3    ;CARTONS
9380;9380;STIG EASTER EVERYWHERE 44CL;HAZY IPA;20;25;BIERE 33/44/50 CL CANETTE     ;1;IPA;258;STIGBERGETS BRYGGERI;SE  ;SUEDE                                   ;466;STIGBERGETS BRYGGERI                                        ;3.7515;0.1269;2;24;120;44;7;1;0;3    ;CARTONS
9381;9381;STIGBERGETS KILLER PALE 44CL;;20;25;BIERE 33/44/50 CL CANETTE     ;7;LAGER / PILS / ALE / BLONDE;258;STIGBERGETS BRYGGERI;SE  ;SUEDE                                   ;466;STIGBERGETS BRYGGERI                                        ;3.1806;0.0997;2;24;1;44;5.5;1;0;3    ;CARTONS
9382;9382;STIGBERGETS SOURPUSS 44CL;SOUR COLLAB ARPUS;20;25;BIERE 33/44/50 CL CANETTE     ;2;SOUR;258;STIGBERGETS BRYGGERI;SE  ;SUEDE                                   ;466;STIGBERGETS BRYGGERI                                        ;3.8086;0.11783;2;24;2;44;6.5;1;0;3    ;CARTONS
9383;9383;STIGBERGETS BEST OF BITTER 44C;BITTER BIRRIFICIO ITALIANO;20;25;BIERE 33/44/50 CL CANETTE     ;2;SOUR;258;STIGBERGETS BRYGGERI;SE  ;SUEDE                                   ;466;STIGBERGETS BRYGGERI                                        ;2.6098;0.08158;2;24;-17;44;4.5;1;0;3    ;CARTONS
9384;9384;RATZ PEPITA 33VP;;20;10;BIERE 20/25/33/35CL VP        ;0;;27;BRASSERIE RATZ;FR  ;FRANCE                                  ;57;RATZ BRASSERIE ARTISANALE                                   ;1.5344;0.06798;2;12;12;33;5;1;0;3    ;CARTONS
9385;9385;CAMPLAZENS CREMANT LIMOUX 75CL;RESERVE BULLES AOC CREMANT;10;80;CREMANT                       ;26;VIN PETILLANT;0;;FR  ;FRANCE                                  ;300;CHATEAU CAMPLAZENS                                          ;8.4375;0;2;6;25;75;12.5;1;0;3    ;CARTONS
9386;9386;OGEU GAZEUSE 100CL VC;REF 111364;60;6;EAUX VC/VP                    ;0;;0;;    ;;100000;OGEU DIFFUSION                                              ;0.85;0;3;12;119;100;0;1;6;2    ;CAISSE
9387;9387;OGEU EAU PLATE 100CLVC;REF 121363;60;6;EAUX VC/VP                    ;0;;0;;    ;;100000;OGEU DIFFUSION                                              ;0.775;0;3;12;192;100;0;1;6;2    ;CAISSE
9388;9388;GARAGE DOLCITA SOUP 44CL;IPA HBC 1019;20;25;BIERE 33/44/50 CL CANETTE     ;1;IPA;156;GARAGE BREWING;ES  ;ESPAGNE                                 ;133;CERVECEROS GARAGE SL                                        ;3.7949;0.1269;2;16;3;44;7;1;0;3    ;CARTONS
9389;9389;GARAGE NECTARON SOUP 44CL;GARAGE;20;25;BIERE 33/44/50 CL CANETTE     ;1;IPA;156;GARAGE BREWING;ES  ;ESPAGNE                                 ;133;CERVECEROS GARAGE SL                                        ;3.7949;0.1269;2;16;7;44;7;1;0;3    ;CARTONS
9390;9390;GARAGE SOUP DIPA 44CL;;20;25;BIERE 33/44/50 CL CANETTE     ;1;IPA;156;GARAGE BREWING;ES  ;ESPAGNE                                 ;133;CERVECEROS GARAGE SL                                        ;4.023;0.15409;2;16;18;44;8.5;1;0;3    ;CARTONS
9393;9393;OGEU GAZEUSE 50CL VC;PFL111335 CAISSE VC;60;6;EAUX VC/VP                    ;0;;0;;    ;;100000;OGEU DIFFUSION                                              ;0.7;0;3;20;0;50;0;1;8.8;2    ;CAISSE
9394;9394;OGEU PLATE 50CL VC;PFL121336 CAISSE VC;60;6;EAUX VC/VP                    ;0;;0;;    ;;100000;OGEU DIFFUSION                                              ;0.63;0;3;20;0;50;0;1;8.8;2    ;CAISSE
9395;9395;LA ROUGET DE LISLE NEIPA 6°30L;HAZY;20;1;BIERE FUT 30L                 ;1;IPA;594;BRASSERIE LA ROUGET;FR  ;FRANCE                                  ;537;BRASSERIE LA ROUGET                                         ;4.6;0.2472;2;30;60;100;6;1;30;1    ;FUT INOX
9396;9396;WH BM SIGNATURE N°12  44° 70CL;SINGLE MALT ARTISANAL FRANCAIS;1;62;WHISKY                        ;0;;263;BM SIGNATURE;FR  ;FRANCE                                  ;537;BRASSERIE LA ROUGET                                         ;32.7829;0;2;6;5;70;44;1;0;     ;
9397;9397;WH BM SIGNATURE N°15  46° 70CL;SINGLE MALT ARTISANAL FRANCAIS;1;62;WHISKY                        ;0;;263;BM SIGNATURE;FR  ;FRANCE                                  ;537;BRASSERIE LA ROUGET                                         ;36.9324;0;2;1;3;70;46;1;0;     ;
9398;9398;WH BM SIGNATURE N°19 57°3 70CL;SINGLE MALT ARTISANAL FRANCAIS;1;62;WHISKY                        ;0;;263;BM SIGNATURE;FR  ;FRANCE                                  ;537;BRASSERIE LA ROUGET                                         ;93.6811;0;2;1;1;70;57.38;1;0;     ;
9399;9399;GENEPI 70CL;LES ASSEMBLEURS FRANCAIS;1;41;LIQUEURS CREMES               ;0;;0;;FR  ;FRANCE                                  ;537;BRASSERIE LA ROUGET                                         ;24.8014;0;2;1;2;70;43;1;0;     ;
9400;9400;UBY CUB ROSE BIB 5L;COTES DE GASCOGNE;10;4;COTES DE GASCOGNE             ;21;VIN ROSE;0;;    ;;351;MAISON VOISIN SARL COLLIVET                                 ;18.75;0;2;1;0;500;11.5;1;0;4    ;BIB
9401;9401;MONT SALEVE CRYO CITRA 75VP;SERIE NEIPA NELSON SAUVIN;20;15;BIERE 75VP                    ;1;IPA;233;BRASSERIE DU MONT SALEVE;FR  ;FRANCE                                  ;400;BRASSERIE DU MONT SALEVE                                    ;4.8995;0.1854;2;6;0;75;6;0;0;3    ;CARTONS
9402;9402;SOMMELIER ADJ ALL BLACK;ANNE DE JOYEUSE;87;15;ARTICLES DE CAVE / BIERE & VIN;0;;0;;    ;;519;ANNE DE JOYEUSE                                             ;3.9;0;2;1;12;100;0;1;0;     ;
9403;9403;TRANSAT LE MIGNON;ANNE DE JOYEUSE;87;6;ART. PUB.                     ;0;;0;;    ;;519;ANNE DE JOYEUSE                                             ;60;0;2;1;8;100;0;1;0;     ;
9404;9404;BIB 3L SANGRIA ROUGE BIGALLET;INFUSION MAISON FRUITS +EPICES;12;0;SANGRIA                       ;0;;0;;    ;;274;GIFFARD                                                     ;12.87;0;2;1;0;300;11;1;0;     ;
9405;9405;BIB 3L SANGRIA BLCHE BIGALLET;INFUSION MAISON FRUITS +EPICES;12;0;SANGRIA                       ;0;;0;;    ;;274;GIFFARD                                                     ;12.698;0;2;1;20;300;10;1;0;     ;
9406;9406;CREME CERISE GIFFARD 70CL;;1;41;LIQUEURS CREMES               ;0;;0;;    ;;274;GIFFARD                                                     ;10.0084;0;2;6;6;70;16;1;0;     ;
9407;9407;LIQUEUR MANDARINE GIFFARD 70CL;;1;41;LIQUEURS CREMES               ;0;;0;;    ;;274;GIFFARD                                                     ;13.1;0;2;6;6;70;35;1;0;     ;
9410;9410;PERONI NASTRO AZZURO 16L;;20;6;BIERE FUT 16L/19,5L           ;7;LAGER / PILS / ALE / BLONDE;180;ASAHI;    ;;272;RHONE BOISSONS                                              ;3.536;0.412;2;16;-272;100;5;1;30;1    ;FUT INOX
9411;9411;CROQUETTE JAMBON IBERIQUE 35G;PANKO / 5 POCHES AU CARTON;87;11;TERRINE - BOCAUX - SAUCIS-FROM;0;;0;;FR  ;FRANCE                                  ;606;RELAIS D'OR                                                 ;1.04;0;3;1;4;100;0;1;0;3    ;CARTONS
9412;9412;FAUVE REJAILLIR LE FEU 20L;NEIPA MOSAIC SIMCOE SABRO;20;2;BIERE FUT 20L                 ;1;IPA;593;FAUVE CRAFT BIERE;FR  ;FRANCE                                  ;614;FAUVE CRAFT BIERE                                           ;4.4685;0.25544;2;20;0;100;6.2;1;30;1    ;FUT INOX
9413;9413;FAUVE OCEAN INDIEN 20L INOX;IPA;20;2;BIERE FUT 20L                 ;1;IPA;593;FAUVE CRAFT BIERE;FR  ;FRANCE                                  ;614;FAUVE CRAFT BIERE                                           ;4.1985;0.2472;2;20;0;100;6;1;30;1    ;FUT INOX
9414;9414;FAUVE PIC FLAMBOYANT 20L INOX;SOUR MANGUE GINGEMBRE CITRON;20;2;BIERE FUT 20L                 ;2;SOUR;593;FAUVE CRAFT BIERE;FR  ;FRANCE                                  ;614;FAUVE CRAFT BIERE                                           ;4.6683;0.206;2;20;320;100;5;1;30;1    ;FUT INOX
9415;9415;FAUVE OCÉAN INDIEN 33CL BTE;IPA;20;25;BIERE 33/44/50 CL CANETTE     ;1;IPA;593;FAUVE CRAFT BIERE;FR  ;FRANCE                                  ;614;FAUVE CRAFT BIERE                                           ;1.932;0.08158;2;24;21;33;6;1;0;3    ;CARTONS
9416;9416;FAUVE REJAILLIR LE FEU 33CL BT;NEIPA SIMCOE SABRO;20;25;BIERE 33/44/50 CL CANETTE     ;1;IPA;593;FAUVE CRAFT BIERE;FR  ;FRANCE                                  ;614;FAUVE CRAFT BIERE                                           ;2.0424;0.0843;2;24;15;33;6.2;1;0;3    ;CARTONS
9417;9417;FAUVE MARIAGE À VEGAS 33CL BTE;DIPA;20;25;BIERE 33/44/50 CL CANETTE     ;1;IPA;593;FAUVE CRAFT BIERE;FR  ;FRANCE                                  ;614;FAUVE CRAFT BIERE                                           ;2.1528;0.10877;2;24;21;33;8;1;0;3    ;CARTONS
9418;9418;CHATEAU ARTON LA RESERVE 70CL;HAUT ARMAGNAC;1;23;ARMAGNAC                      ;0;;0;;    ;;615;CHATEAU ARTON                                               ;51.6546;0;2;6;6;70;45;1;0;     ;
9419;9419;CHATEAU ARTON LA FLAMME 70CL;HAUT ARMAGNAC;1;23;ARMAGNAC                      ;0;;0;;    ;;615;CHATEAU ARTON                                               ;85.4318;0;2;6;1;70;47.6;1;0;     ;
9420;9420;FAUVE DOUCE FRANCE 33CL BTE;LAGER BLONDE;20;25;BIERE 33/44/50 CL CANETTE     ;7;LAGER / PILS / ALE / BLONDE;593;FAUVE CRAFT BIERE;FR  ;FRANCE                                  ;614;FAUVE CRAFT BIERE                                           ;1.7112;0.06798;2;24;144;33;5;1;0;3    ;CARTONS
9421;9421;FAUVE AVALANCHE NOIR 33CL BTE;IRISH STOUT;20;25;BIERE 33/44/50 CL CANETTE     ;5;STOUT / PORTER;593;FAUVE CRAFT BIERE;FR  ;FRANCE                                  ;614;FAUVE CRAFT BIERE                                           ;1.8768;0.05846;2;24;61;33;4.3;1;0;3    ;CARTONS
9422;9422;SELECTION 20 ANS LENCANTA 50CL;CASK 194 ARMAGNAC;1;23;ARMAGNAC                      ;0;;0;;    ;;616;L'ENCANTADA                                                 ;42.6428;0;2;6;5;50;47.2;1;0;     ;
9423;9423;FAUVE PIC FLAMBOYANT 33CL BTE;SOUR FRUITS TROPICAUX GINGEMBR;20;25;BIERE 33/44/50 CL CANETTE     ;2;SOUR;593;FAUVE CRAFT BIERE;FR  ;FRANCE                                  ;614;FAUVE CRAFT BIERE                                           ;2.07;0.06798;2;24;200;33;5;1;0;3    ;CARTONS
9424;9424;FAUVE FÈVE & VERGER 44CL BTE;PASTRY SOUR POIRE RHUBARBE;20;25;BIERE 33/44/50 CL CANETTE     ;2;SOUR;593;FAUVE CRAFT BIERE;FR  ;FRANCE                                  ;614;FAUVE CRAFT BIERE                                           ;3.536;0.1414;2;24;86;44;7.8;1;0;3    ;CARTONS
9425;9425;SELECTION 25 ANS LENCANTA 50CL;CASK 196 ARMAGNAC;1;23;ARMAGNAC                      ;0;;0;;    ;;616;L'ENCANTADA                                                 ;46.7861;0;2;6;1;50;45.5;1;0;     ;
9426;9426;FAUVE ILLUSION PANETTONE 44CL;PASTRY SOUR ORANGE CACAO;20;25;BIERE 33/44/50 CL CANETTE     ;2;SOUR;593;FAUVE CRAFT BIERE;FR  ;FRANCE                                  ;614;FAUVE CRAFT BIERE                                           ;3.536;0.1414;2;24;138;44;7.8;1;0;3    ;CARTONS
9427;9427;DOMAINE CUTXAN 1999 50CL;BAS ARMAGNAC;1;23;ARMAGNAC                      ;0;;0;;    ;;616;L'ENCANTADA                                                 ;72.8671;0;2;6;1;50;44.4;1;0;     ;
9428;9428;GIN SWELL 22 50CL;SWELL GIN LA VIGNE A L'OCEAN;1;38;GIN                           ;0;;0;;GP  ;GUADELOUPE                              ;544;DISTILLERIES PEUREUX MASSENEZ                               ;26.642;0;2;6;4;50;44;0;0;3    ;CARTONS
9429;9429;FAUVE QQ CHOSE QUI DANSE 44CL;DOUBLE NEIPA NECTARON SABRO;20;25;BIERE 33/44/50 CL CANETTE     ;1;IPA;593;FAUVE CRAFT BIERE;FR  ;FRANCE                                  ;614;FAUVE CRAFT BIERE                                           ;3.726;0.13959;2;24;3;44;7.7;1;0;3    ;CARTONS
9430;9430;FAUVE SECTEUR PAVÉ 44CL;NEIPA SMARAGD MOSAIC CITRA;20;25;BIERE 33/44/50 CL CANETTE     ;1;IPA;593;FAUVE CRAFT BIERE;FR  ;FRANCE                                  ;614;FAUVE CRAFT BIERE                                           ;3.45;0.11783;2;24;4;44;6.5;1;0;3    ;CARTONS
9431;9431;FAUVE L'APPEL DU LARGE 44CL;OAT CREAM NEIPA GALAXY DOLCITA;20;25;BIERE 33/44/50 CL CANETTE     ;1;IPA;593;FAUVE CRAFT BIERE;FR  ;FRANCE                                  ;614;FAUVE CRAFT BIERE                                           ;3.45;0.11421;2;24;43;44;6.3;1;0;3    ;CARTONS
9432;9432;FAUVE LUEUR DU PREMIER JOUR 44;NZ NEIPA;20;25;BIERE 33/44/50 CL CANETTE     ;1;IPA;593;FAUVE CRAFT BIERE;FR  ;FRANCE                                  ;614;FAUVE CRAFT BIERE                                           ;3.3948;0.11783;2;24;7;44;6.5;1;0;3    ;CARTONS
9433;9433;ARMAGNAC SWELL 10 50CL;;1;23;ARMAGNAC                      ;0;;0;;    ;;544;DISTILLERIES PEUREUX MASSENEZ                               ;38.3216;0;2;6;6;50;54.7;1;0;     ;
9434;9434;GIN ROSEMONT CONCOMBRE 70CL;GIN DE MONTREAL;1;38;GIN                           ;0;;0;;    ;;544;DISTILLERIES PEUREUX MASSENEZ                               ;24.7313;0;2;6;3;70;40;0;0;3    ;CARTONS
9435;9435;CLUB MATE ORIGINAL 33CL VC;STIMULANT PETILLANT;40;6;BOISSONS SUCREES VC           ;0;;0;;    ;;617;YM / CLUB MATE / ACCENT                                     ;1.9411;0.0134;3;20;0;33;0;1;7;2    ;CAISSE
9436;9436;CLUB MATE COLA 33CL VC;YERBA MATÉ ET NOIX DE COLA;40;6;BOISSONS SUCREES VC           ;0;;0;;    ;;617;YM / CLUB MATE / ACCENT                                     ;1.9077;0.1176;3;20;0;33;0;1;7;2    ;CAISSE
9437;9437;CLUB MATE CLASSIQUE 50CL VC;STIMULANT NATUREL;40;6;BOISSONS SUCREES VC           ;0;;0;;    ;;617;YM / CLUB MATE / ACCENT                                     ;2.0972;0.0203;3;20;0;50;0;1;7;2    ;CAISSE
9438;9438;ACCENT GINGER 33CL VC;FRANCE BIO;40;6;BOISSONS SUCREES VC           ;0;;0;;    ;;617;YM / CLUB MATE / ACCENT                                     ;2.0239;0.0134;3;24;0;33;0;1;8.8;2    ;CAISSE
9439;9439;FAUVE RAMENEZ LA COUPE 20L;NEIPA WORLD CUP;20;2;BIERE FUT 20L                 ;1;IPA;593;FAUVE CRAFT BIERE;FR  ;FRANCE                                  ;614;FAUVE CRAFT BIERE                                           ;4.201;0.23896;2;20;0;100;5.8;1;30;1    ;FUT INOX
9440;9440;DUPONT FOMO 33VC;BIO SANS GLUTEN;20;9;BIERE 33CL VC                 ;11;SAISON;88;BRASSERIE DUPONT;BE  ;BELGIQUE                                ;13;VANUXEEM BROUWERIJ SA/NV                                    ;1.6432;0.09109;2;24;48;33;6.7;1;4.5;2    ;CAISSE
9442;9442;VITRINE REFRIGEREE RAUCH PF;PETIT FORMAT COMPTOIR CMV 100;89;6;MATERIEL VENTE                ;0;;240;RAUCH;    ;;416;RAUCH                                                       ;468;0;6;1;0;100;0;1;0;     ;
9443;9443;PARASOL KROMBACHER 300/8;REF 4038;89;6;MATERIEL VENTE                ;0;;86;KROMBACHER;    ;;395;KROMBACHER BRAUEREI GMBH & CO                               ;312.5;0;2;1;7;100;0;1;0;     ;
9444;9444;VERRE STARNBERGER WILLI C 50CL;REF 2057;87;6;ART. PUB.                     ;0;;86;KROMBACHER;    ;;395;KROMBACHER BRAUEREI GMBH & CO                               ;1.302;0;2;12;60;100;0;0;0;     ;
9445;9445;VERRE STARNBERGER WILLI C 25CL;REF 2065;87;6;ART. PUB.                     ;0;;86;KROMBACHER;    ;;395;KROMBACHER BRAUEREI GMBH & CO                               ;1.125;0;2;12;60;100;0;0;0;     ;
9446;9446;POIGNEE TAP HANDLE HELL;REF 4044 CERAMIQUE;87;6;ART. PUB.                     ;0;;86;KROMBACHER;    ;;395;KROMBACHER BRAUEREI GMBH & CO                               ;15;0;2;1;1;100;0;1;0;     ;
9447;9447;POIGNEE ROBINET BOIS KROMB;REF 4063;87;6;ART. PUB.                     ;0;;86;KROMBACHER;    ;;395;KROMBACHER BRAUEREI GMBH & CO                               ;27.5;0;2;1;2;100;0;1;0;     ;
9448;9448;SOUS BOCK STARNBERGER HELLX500;REF 5390;87;6;ART. PUB.                     ;0;;86;KROMBACHER;    ;;395;KROMBACHER BRAUEREI GMBH & CO                               ;11.875;0;2;1;1;100;0;1;0;     ;
9449;9449;SANTA CLARA 30L KK;DROIT MAJORÉS;20;1;BIERE FUT 30L                 ;0;;133;BASQUELAND BREWING PROJECT;ES  ;ESPAGNE                                 ;314;BASQUELAND BREWING PROJECT                                  ;3.1588;0.39552;2;30;0;100;4.8;1;0;5    ;FUT KEYKEG
9450;9450;PIGGY PARALLEL JUICE 30L KEYKE;HAZY SESSION IPA;20;1;BIERE FUT 30L                 ;1;IPA;137;THE PIGGY BREWING COMPAGNY;FR  ;FRANCE                                  ;125;THE PIGGY BREWING COMPANY                                   ;4.002;0.1854;2;30;540;100;4.5;1;0;5    ;FUT KEYKEG
9451;9451;PIGGY SEPIA 33CL;WEST COAST IPA;20;10;BIERE 20/25/33/35CL VP        ;1;IPA;137;THE PIGGY BREWING COMPAGNY;FR  ;FRANCE                                  ;125;THE PIGGY BREWING COMPANY                                   ;1.7939;0.07614;2;24;96;33;5.6;1;0;3    ;CARTONS
9452;9452;PIGGY EXTRA LUCID 33CL;SANS ALCOOL NEIPA;20;10;BIERE 20/25/33/35CL VP        ;7;LAGER / PILS / ALE / BLONDE;137;THE PIGGY BREWING COMPAGNY;FR  ;FRANCE                                  ;125;THE PIGGY BREWING COMPANY                                   ;2.0976;0;3;24;160;33;0;1;0;3    ;CARTONS
9453;9453;PIGGY YERBA JUICE 44CL;NEIPA IDAHO 7 SABRO;20;10;BIERE 20/25/33/35CL VP        ;1;IPA;137;THE PIGGY BREWING COMPAGNY;FR  ;FRANCE                                  ;125;THE PIGGY BREWING COMPANY                                   ;3.3286;0.10877;2;24;45;44;6;1;0;3    ;CARTONS
9454;9454;PIGGY PARADISE PEPPERS 44CL;PALE ALE POIVRE;20;10;BIERE 20/25/33/35CL VP        ;7;LAGER / PILS / ALE / BLONDE;137;THE PIGGY BREWING COMPAGNY;FR  ;FRANCE                                  ;125;THE PIGGY BREWING COMPANY                                   ;3.0084;0.10152;2;24;139;44;5.6;1;0;3    ;CARTONS
9455;9455;PIGGY OASIS V3 44CL;NEIPA NECTARON RIWAKA;20;10;BIERE 20/25/33/35CL VP        ;1;IPA;137;THE PIGGY BREWING COMPAGNY;FR  ;FRANCE                                  ;125;THE PIGGY BREWING COMPANY                                   ;3.439;0.10877;2;24;92;44;6;1;0;3    ;CARTONS
9456;9456;PIGGY STRATA THERAPY 44CL;NEIPA STRATA;20;10;BIERE 20/25/33/35CL VP        ;1;IPA;137;THE PIGGY BREWING COMPAGNY;FR  ;FRANCE                                  ;125;THE PIGGY BREWING COMPANY                                   ;3.439;0.10877;2;24;37;44;6;1;0;3    ;CARTONS
9457;9457;PIGGY BLOCK PARTY 44CL;NEIPA MOTUEKA RIWAKA;20;10;BIERE 20/25/33/35CL VP        ;1;IPA;137;THE PIGGY BREWING COMPAGNY;FR  ;FRANCE                                  ;125;THE PIGGY BREWING COMPANY                                   ;3.3298;0.10877;2;24;116;44;6;1;0;3    ;CARTONS
9458;9458;DOSKIWIS DIMEBACK 44CL;WEST COAST IPA;20;25;BIERE 33/44/50 CL CANETTE     ;1;IPA;259;DOSKIWIS;ES  ;ESPAGNE                                 ;504;DOSKIWIS BREWING                                            ;3.913;0.15409;2;12;84;44;8.5;1;0;3    ;CARTONS
9459;9459;DOSKIWIS HINDSIGHT 20/20 44CL;WEST COAST IPA;20;25;BIERE 33/44/50 CL CANETTE     ;1;IPA;259;DOSKIWIS;ES  ;ESPAGNE                                 ;504;DOSKIWIS BREWING                                            ;3.913;0.15409;2;12;78;44;8.5;1;0;3    ;CARTONS
9460;9460;DOSKIWIS ALL ABOUR CITRA 44CL;HAZY IPA;20;25;BIERE 33/44/50 CL CANETTE     ;1;IPA;259;DOSKIWIS;ES  ;ESPAGNE                                 ;504;DOSKIWIS BREWING                                            ;3.861;0.1269;2;12;24;44;7;1;0;3    ;CARTONS
9461;9461;DOSKIWIS ALL ABOUT MOSAIC 44CL;HAZY IPA;20;25;BIERE 33/44/50 CL CANETTE     ;1;IPA;259;DOSKIWIS;ES  ;ESPAGNE                                 ;504;DOSKIWIS BREWING                                            ;3.861;0.1269;2;12;69;44;7;1;0;3    ;CARTONS
9462;9462;BUNDABERG BLOOD ORANGE 37.5VP;;40;16;BOISSONS SUCREES VP           ;0;;265;BUNDABERG AUSTRALIE;    ;;22;KARLSBRAU                                                   ;2.0073;0.1336;3;12;72;38;0;1;0;     ;
9463;9463;BUNDABERG LEMONADE 37.5VP;;40;16;BOISSONS SUCREES VP           ;0;;265;BUNDABERG AUSTRALIE;    ;;22;KARLSBRAU                                                   ;2.0073;0.1336;3;12;72;38;0;1;0;     ;
9464;9464;AVIA LOST IN TRANSLATION 44BTE;IPA;20;25;BIERE 33/44/50 CL CANETTE     ;1;IPA;0;;FR  ;FRANCE                                  ;478;BRASSERIE AVIATEUR                                          ;3.3131;0.11783;2;12;41;44;6.5;1;0;3    ;CARTONS
9465;9465;BUNDABERG PASSION FRUIT 37.5VP;;40;16;BOISSONS SUCREES VP           ;0;;265;BUNDABERG AUSTRALIE;    ;;22;KARLSBRAU                                                   ;2.0073;0.1336;3;12;72;38;0;1;0;     ;
9466;9466;TEMPO DUROC;JAMBON SERRANO 100% DUROC;99;1;PLANCHES                      ;0;;0;;    ;;388;FRANCE FRAIS OCCITANIE                                      ;8.9988;0;4;1;0;100;0;1;0;     ;
9467;9467;FUET OLIVES 100G A EMPORTER;A EMPORTER;87;11;TERRINE - BOCAUX - SAUCIS-FROM;0;;0;;    ;;402;J VILA EMBOTITS ARTESANS                                    ;1.61;0;3;1;60;100;0;1;0;     ;
9468;9468;LAUGAR POST MORTEM 44BTE;;20;25;BIERE 33/44/50 CL CANETTE     ;5;STOUT / PORTER;192;BRASSERIE LAUGAR;ES  ;ESPAGNE                                 ;334;LAUGAR BREWERY S.L.                                         ;4.8224;0.27573;2;16;95;44;15.21;1;0;3    ;CARTONS
9469;9469;LAUGAR DEEP WEB 44BTE;;20;25;BIERE 33/44/50 CL CANETTE     ;5;STOUT / PORTER;192;BRASSERIE LAUGAR;ES  ;ESPAGNE                                 ;334;LAUGAR BREWERY S.L.                                         ;2.9866;0.0997;2;16;75;44;5.5;1;0;3    ;CARTONS
9470;9470;LAUGAR EXODUS 33VP;IMPERIAL STOUT;20;10;BIERE 20/25/33/35CL VP        ;5;STOUT / PORTER;192;BRASSERIE LAUGAR;ES  ;ESPAGNE                                 ;334;LAUGAR BREWERY S.L.                                         ;3.4935;0.17104;2;24;116;33;12.58;1;0;3    ;CARTONS
9471;9471;LAUGAR DARK RITUAL 33VP;;20;10;BIERE 20/25/33/35CL VP        ;5;STOUT / PORTER;192;BRASSERIE LAUGAR;ES  ;ESPAGNE                                 ;334;LAUGAR BREWERY S.L.                                         ;3.3839;0.16546;2;24;93;33;12.17;1;0;3    ;CARTONS
9472;9472;LAUGAR WAR REQUIEM 33VP;IMPERIAL STOUT;20;10;BIERE 20/25/33/35CL VP        ;5;STOUT / PORTER;192;BRASSERIE LAUGAR;ES  ;ESPAGNE                                 ;334;LAUGAR BREWERY S.L.                                         ;4.1785;0.16302;2;24;111;33;11.99;1;0;3    ;CARTONS
9473;9473;LAUGAR AUPA TOVARISCH XI 33VP;ATTENTION XI !  IMPERIAL STOUT;20;10;BIERE 20/25/33/35CL VP        ;5;STOUT / PORTER;192;BRASSERIE LAUGAR;ES  ;ESPAGNE                                 ;334;LAUGAR BREWERY S.L.                                         ;4.2059;0.22352;2;24;111;33;16.44;1;0;3    ;CARTONS
9474;9474;GARAGE DRUMSTICKS 44BTE;DIPA;20;25;BIERE 33/44/50 CL CANETTE     ;1;IPA;156;GARAGE BREWING;ES  ;ESPAGNE                                 ;133;CERVECEROS GARAGE SL                                        ;3.949;0.14502;2;16;59;44;8;1;0;3    ;CARTONS
9475;9475;GARAGE LOLLIES 44BTE;SOUR;20;25;BIERE 33/44/50 CL CANETTE     ;2;SOUR;156;GARAGE BREWING;ES  ;ESPAGNE                                 ;133;CERVECEROS GARAGE SL                                        ;3.6579;0.09064;2;16;75;44;5;1;0;3    ;CARTONS
9476;9476;GARAGE OPALINE 44BTE;PALE ALE;20;25;BIERE 33/44/50 CL CANETTE     ;8;PALE ALE;156;GARAGE BREWING;ES  ;ESPAGNE                                 ;133;CERVECEROS GARAGE SL                                        ;3.0928;0.08339;2;16;54;44;4.6;1;0;3    ;CARTONS
9477;9477;GARAGE STEF 44BTE;WC PILS;20;25;BIERE 33/44/50 CL CANETTE     ;7;LAGER / PILS / ALE / BLONDE;156;GARAGE BREWING;ES  ;ESPAGNE                                 ;133;CERVECEROS GARAGE SL                                        ;3.3823;0.08701;2;16;92;44;4.8;0;0;3    ;CARTONS
9478;9478;CAZOTTES BRANDY DE MAUZAC 50CL;EAU DE VIE MAUZAC ROSE;1;35;EAU DE VIE                    ;0;;0;;    ;;593;CAZOTTES LIQUIDES                                           ;38.5732;0;2;6;2;50;47;1;0;     ;
9479;9479;RENTOILAGE STORE CLIENT;;89;6;MATERIEL VENTE                ;0;;0;;    ;;0;;1900;0;2;1;0;100;0;1;0;     ;
9480;9480;PUREE FRUIT NOIX DE COCO 100CL;;75;0;PUREE DE FRUITS               ;0;;243;GIFFARD;    ;;274;GIFFARD                                                     ;11.5331;0;3;6;10;100;0;1;0;     ;
9481;9481;GIFFARD SIROP CONCOMBRE 100CL;;70;0;SIROP                         ;0;;243;GIFFARD;    ;;274;GIFFARD                                                     ;6.0165;0;3;6;4;100;0;1;0;     ;
9482;9482;GIFFARD SIROP FIGUE 100CL;;70;0;SIROP                         ;0;;243;GIFFARD;    ;;274;GIFFARD                                                     ;6.219;0;3;6;5;100;0;1;0;     ;
9483;9483;GIFFARD SIROP LITCHI 100CL;;70;0;SIROP                         ;0;;243;GIFFARD;    ;;274;GIFFARD                                                     ;6.0165;0;3;6;5;100;0;1;0;     ;
9484;9484;GIFFARD SIROP MIEL 100CL;;70;0;SIROP                         ;0;;243;GIFFARD;    ;;274;GIFFARD                                                     ;6.0615;0;3;6;3;100;0;1;0;     ;
9485;9485;GIFFARD SIROP NOISETTE 100CL;;70;0;SIROP                         ;0;;243;GIFFARD;    ;;274;GIFFARD                                                     ;6.0165;0;3;6;4;100;0;1;0;     ;
9486;9486;GIFFARD SIROP ROMARIN 100CL;;70;0;SIROP                         ;0;;243;GIFFARD;    ;;274;GIFFARD                                                     ;6.0165;0;3;6;5;100;0;1;0;     ;
9487;9487;PIANOGRILLO DOCG ROUGE 75CL;CURVA MINORE CERASUOLO DI VITO;10;0;VINS                          ;20;VIN ROUGE;0;;    ;;593;CAZOTTES LIQUIDES                                           ;16.5;0;2;6;2;75;13;1;0;     ;
9488;9488;CAZOTTES ADELE 2024 75CL;;10;0;VINS                          ;22;VIN BLANC SEC;0;;    ;;593;CAZOTTES LIQUIDES                                           ;14.5;0;2;6;4;75;11;1;0;     ;
9489;9489;TOM SHOBBROOK GIALLO 2021 75CL;;10;0;VINS                          ;22;VIN BLANC SEC;0;;    ;;593;CAZOTTES LIQUIDES                                           ;17;0;2;6;4;75;13.9;1;0;     ;
9490;9490;HERO WEST COAST IPA 33CL;SANS ALCOOL BASQUELAND;20;25;BIERE 33/44/50 CL CANETTE     ;0;;133;BASQUELAND BREWING PROJECT;FR  ;FRANCE                                  ;314;BASQUELAND BREWING PROJECT                                  ;1.8906;0.0136;3;24;46;33;0.5;1;0;3    ;CARTONS
9491;9491;BASQUELAND HERO STOUT 33BTE;SANS ALCOOL;20;25;BIERE 33/44/50 CL CANETTE     ;0;;133;BASQUELAND BREWING PROJECT;FR  ;FRANCE                                  ;314;BASQUELAND BREWING PROJECT                                  ;1.8216;0.0136;3;24;72;33;0.5;1;0;3    ;CARTONS
9492;9492;BASQUELA MULLAGHMORE BIG 44BTE;;20;25;BIERE 33/44/50 CL CANETTE     ;1;IPA;133;BASQUELAND BREWING PROJECT;ES  ;ESPAGNE                                 ;314;BASQUELAND BREWING PROJECT                                  ;3.3413;0.19216;2;16;16;44;5.3;1;0;3    ;CARTONS
9493;9493;GIFFARD RHUM ANANAS 70CL;;1;2;RHUMS TIERS                   ;0;;0;;    ;;274;GIFFARD                                                     ;19.347;0;2;6;6;70;25;1;0;     ;
9494;9494;GIFFARD RHUM BANANE 70CL;;1;2;RHUMS TIERS                   ;0;;0;;    ;;274;GIFFARD                                                     ;19.347;0;2;6;6;70;25;1;0;     ;
9495;9495;RHUM CITRON VERT GINGEMBR 70CL;GIFFARD CITRON VERT GINGEMBRE;1;2;RHUMS TIERS                   ;0;;0;;    ;;274;GIFFARD                                                     ;19.347;0;2;6;6;70;25;1;0;     ;
9496;9496;GIFFARD RHUM PASSION 70CL;;1;2;RHUMS TIERS                   ;0;;0;;    ;;274;GIFFARD                                                     ;19.347;0;2;6;6;70;25;1;0;     ;
9497;9497;GIFFARD RHUM LITCHI 70CL;;1;2;RHUMS TIERS                   ;0;;0;;    ;;274;GIFFARD                                                     ;19.347;0;2;6;6;70;25;1;0;     ;
9498;9498;GIFFAR RHUM MANGUE PIMENT 70CL;;1;2;RHUMS TIERS                   ;0;;0;;    ;;274;GIFFARD                                                     ;19.347;0;2;6;6;70;25;1;0;     ;
9499;9499;GIFFARD RHUM COCO 70CL;;1;2;RHUMS TIERS                   ;0;;0;;    ;;274;GIFFARD                                                     ;19.347;0;2;6;6;70;25;1;0;     ;
9501;9501;GIFFARD RHUM VANILLE 70CL;;1;2;RHUMS TIERS                   ;0;;0;;    ;;274;GIFFARD                                                     ;19.347;0;2;6;6;70;25;1;0;     ;
9502;9502;CANTILLON ST LAMVINUS 75VP;;20;15;BIERE 75VP                    ;0;;103;BRASSERIE CANTILLON;BE  ;BELGIQUE                                ;13;VANUXEEM BROUWERIJ SA/NV                                    ;13.3497;0.23175;2;6;4;75;7.5;1;0;3    ;CARTONS
9503;9503;CANTILLON ROSE GAMBRINUS 37.5;;20;12;BIERE 37.5CL                  ;13;LAMBIC;103;BRASSERIE CANTILLON;BE  ;BELGIQUE                                ;13;VANUXEEM BROUWERIJ SA/NV                                    ;7.2698;0.07725;2;12;48;38;5;1;0;3    ;CARTONS
9504;9504;CANTILLON GEUZE 37.5VP;;20;12;BIERE 37.5CL                  ;0;;103;BRASSERIE CANTILLON;BE  ;BELGIQUE                                ;13;VANUXEEM BROUWERIJ SA/NV                                    ;5.2371;0.08498;2;12;12;38;5.5;1;0;3    ;CARTONS
9505;9505;CANTILLON VIGNERONNE 75VP;;20;15;BIERE 75VP                    ;0;;103;BRASSERIE CANTILLON;BE  ;BELGIQUE                                ;13;VANUXEEM BROUWERIJ SA/NV                                    ;12.1763;0.23175;2;6;4;75;7.5;1;0;3    ;CARTONS
9507;9507;BERLUE LA SWAF 20L INOX;BLONDE BIO GAILLAC;20;2;BIERE FUT 20L                 ;7;LAGER / PILS / ALE / BLONDE;596;BRASSERIE LA BERLUE;FR  ;FRANCE                                  ;622;LA BERLUE                                                   ;2.65;0.1648;2;20;0;100;4;1;30;1    ;FUT INOX
9508;9508;BERLUE DÉSINVOLTE 20L INOX;TP BLANCHE BIO;20;2;BIERE FUT 20L                 ;3;BLANCHE;596;BRASSERIE LA BERLUE;FR  ;FRANCE                                  ;622;LA BERLUE                                                   ;3.64;0.206;2;20;0;100;5;1;30;1    ;FUT INOX
9509;9509;BERLUE INSOUMISE IPA 20L INOX;TP IPA BIO;20;2;BIERE FUT 20L                 ;1;IPA;596;BRASSERIE LA BERLUE;FR  ;FRANCE                                  ;622;LA BERLUE                                                   ;3.64;0.206;2;20;0;100;5;1;30;1    ;FUT INOX
9510;9510;BERLUE GÉNÉREUSE TRIPLE 20L;INOX T.P;20;2;BIERE FUT 20L                 ;10;TRIPLE;596;BRASSERIE LA BERLUE;FR  ;FRANCE                                  ;622;LA BERLUE                                                   ;4.1175;0.309;2;20;0;100;7.5;1;30;1    ;FUT INOX
9511;9511;BERLUE INSOLENTE DIPA 20L INOX;T.P DIPA BIO;20;2;BIERE FUT 20L                 ;1;IPA;596;BRASSERIE LA BERLUE;FR  ;FRANCE                                  ;622;LA BERLUE                                                   ;4.209;0.3296;2;20;0;100;8;1;30;1    ;FUT INOX
9512;9512;BERLUE HELFEST BLCH 20L INOX;BLANCHE T.P;20;2;BIERE FUT 20L                 ;3;BLANCHE;596;BRASSERIE LA BERLUE;FR  ;FRANCE                                  ;622;LA BERLUE                                                   ;3.612;0.1648;2;20;0;100;4;1;30;1    ;FUT INOX
9513;9513;BERLUE WITBIER 33CL BOUTEILLE;BLANCHE 33CL X24;20;10;BIERE 20/25/33/35CL VP        ;3;BLANCHE;596;BRASSERIE LA BERLUE;FR  ;FRANCE                                  ;622;LA BERLUE                                                   ;1.781;0.06798;2;24;0;33;5;1;0;3    ;CARTONS
9514;9514;BERLUE GÉNÉREUSE  TRIPLE 33CL;24 X 33CL TRIPLE BIO;20;10;BIERE 20/25/33/35CL VP        ;10;TRIPLE;596;BRASSERIE LA BERLUE;FR  ;FRANCE                                  ;622;LA BERLUE                                                   ;1.8495;0.10197;2;24;0;33;7.5;1;0;3    ;CARTONS
9515;9515;BERLUE INSOUMISE IPA 33CL VP;IPA BIO;20;10;BIERE 20/25/33/35CL VP        ;1;IPA;596;BRASSERIE LA BERLUE;FR  ;FRANCE                                  ;622;LA BERLUE                                                   ;1.781;0.06798;2;24;0;33;5;1;0;3    ;CARTONS
9516;9516;BERLUE TAQUINE PALE ALE 33CL;PALE ALE BIO GAILLAC;20;10;BIERE 20/25/33/35CL VP        ;7;LAGER / PILS / ALE / BLONDE;596;BRASSERIE LA BERLUE;FR  ;FRANCE                                  ;622;LA BERLUE                                                   ;1.781;0.06798;2;24;0;33;5;1;0;3    ;CARTONS
9517;9517;BERLUE ESPIÈGLE SIPA 33CL VP;SESION IPA BIO GAILLAC;20;10;BIERE 20/25/33/35CL VP        ;1;IPA;596;BRASSERIE LA BERLUE;FR  ;FRANCE                                  ;622;LA BERLUE                                                   ;1.918;0.05438;2;24;0;33;4;1;0;3    ;CARTONS
9518;9518;BERLUE INSOUMISE IPA 75CL VP;12 X 75CL IPA BIO;20;15;BIERE 75VP                    ;1;IPA;596;BRASSERIE LA BERLUE;FR  ;FRANCE                                  ;622;LA BERLUE                                                   ;3.6442;0.1545;2;12;0;75;5;1;0;3    ;CARTONS
9519;9519;BERLUE TAQUINE 75CL VP;PALE ALE BIO;20;15;BIERE 75VP                    ;1;IPA;596;BRASSERIE LA BERLUE;FR  ;FRANCE                                  ;622;LA BERLUE                                                   ;3.6442;0.1545;2;12;0;75;5;1;0;3    ;CARTONS
9520;9520;BERLUE HELLFEST 75CL VP;BLANCHE 12 X 75CL;20;15;BIERE 75VP                    ;1;IPA;596;BRASSERIE LA BERLUE;FR  ;FRANCE                                  ;622;LA BERLUE                                                   ;3.1236;0.1236;2;12;0;75;4;1;0;3    ;CARTONS
9521;9521;BERLUE DOUBLE IPA 75CL VP;DIPA BIO GAILLAC;20;15;BIERE 75VP                    ;1;IPA;596;BRASSERIE LA BERLUE;FR  ;FRANCE                                  ;622;LA BERLUE                                                   ;3.7127;0.2472;2;12;0;75;8;1;0;3    ;CARTONS
9522;9522;BERLUE LIMONADE GINGEMBRE 33VP;CITRON VERT GINGEMBRE BIO;40;16;BOISSONS SUCREES VP           ;0;;596;BRASSERIE LA BERLUE;    ;;622;LA BERLUE                                                   ;1.233;0.0706;3;24;0;33;0;1;0;3    ;CARTONS
9523;9523;BERLUE LIMONADE FRAMBOISE 33VP;LIMONADE BIO 33CLX24;40;16;BOISSONS SUCREES VP           ;0;;596;BRASSERIE LA BERLUE;    ;;622;LA BERLUE                                                   ;1.233;0.0706;3;24;0;33;0;1;0;3    ;CARTONS
9524;9524;BERLUE THÉ GLACÉ BIO 33CL VP;GOÛT PECHE;40;16;BOISSONS SUCREES VP           ;0;;596;BRASSERIE LA BERLUE;    ;;622;LA BERLUE                                                   ;1.233;0.0706;3;24;0;33;0;1;0;3    ;CARTONS
9525;9525;BERLUE THÉ GLACÉ 75CL VP;GOÛT PÊCHE BIO 12X75CL;40;16;BOISSONS SUCREES VP           ;0;;596;BRASSERIE LA BERLUE;    ;;622;LA BERLUE                                                   ;2.5345;0.1603;3;12;0;75;0;1;0;3    ;CARTONS
9526;9526;BERLUE COLA BIO 75CL;COLA BIO X12;40;16;BOISSONS SUCREES VP           ;0;;596;BRASSERIE LA BERLUE;    ;;622;LA BERLUE                                                   ;2.5345;0.1603;3;12;0;75;0;1;0;3    ;CARTONS
9527;9527;BERLUE LIMONADE FRAMBOISE 75CL;CARTON 12X75CL BIO;40;16;BOISSONS SUCREES VP           ;0;;596;BRASSERIE LA BERLUE;    ;;622;LA BERLUE                                                   ;2.5345;0.1603;3;12;0;75;0;1;0;3    ;CARTONS
9528;9528;LIMONADE GINGEMBRE 75CL VP;CITRON GINGEMBRE BIO;40;16;BOISSONS SUCREES VP           ;0;;596;BRASSERIE LA BERLUE;    ;;622;LA BERLUE                                                   ;2.5345;0.1603;3;12;0;75;0;1;0;3    ;CARTONS
9529;9529;BERLUE ESPIÈGME SIPA 20L INOX;SESION IPA BIO;20;2;BIERE FUT 20L                 ;1;IPA;596;BRASSERIE LA BERLUE;FR  ;FRANCE                                  ;622;LA BERLUE                                                   ;3.8;0.1648;2;20;0;100;4;1;30;1    ;FUT INOX
9530;9530;HOPPY R ROI ET L OISEAU 75VP;WILD ALE BIERE BARRIQUÉ;20;15;BIERE 75VP                    ;2;SOUR;200;BRASSERIE HOPPY ROAD;FR  ;FRANCE                                  ;357;HOPPY ROAD SAS                                              ;5.5858;0.17613;2;6;16;75;5.7;1;0;3    ;CARTONS
9531;9531;HOPPY ROAD STOOKOLIE 33CL BTE;IS CARAMEL SALÉ NOIX PÉCAN;20;25;BIERE 33/44/50 CL CANETTE     ;5;STOUT / PORTER;200;BRASSERIE HOPPY ROAD;FR  ;FRANCE                                  ;357;HOPPY ROAD SAS                                              ;3.2935;0.13596;2;24;71;33;10;1;0;3    ;CARTONS
9532;9532;HOPPY ROAD PARANOID 44CL BTE;SESSION IPA 4,3°;20;25;BIERE 33/44/50 CL CANETTE     ;1;IPA;200;BRASSERIE HOPPY ROAD;FR  ;FRANCE                                  ;357;HOPPY ROAD SAS                                              ;3.0105;0.07795;2;24;71;44;4.3;1;0;3    ;CARTONS
9533;9533;BOON OUDE GEUZE 75CL !! X6 BTE;CARTON 6 BOUTEILLES;20;15;BIERE 75VP                    ;13;LAMBIC;41;BRASSERIE BOON ;BE  ;BELGIQUE                                ;13;VANUXEEM BROUWERIJ SA/NV                                    ;5.0458;0.2163;2;6;30;75;7;1;0;3    ;CARTONS
9534;9534;BOON MARIAGE PARFAIT 75CL VP;! ATTENTION FORMAT 75CL !;20;15;BIERE 75VP                    ;13;LAMBIC;41;BRASSERIE BOON ;BE  ;BELGIQUE                                ;13;VANUXEEM BROUWERIJ SA/NV                                    ;6.7695;0.2472;2;6;36;75;8;1;0;3    ;CARTONS
9535;9535;FAUVE HORIZON DES CIMES 44CL;SINGLE HOPS SIMCOE;20;25;BIERE 33/44/50 CL CANETTE     ;1;IPA;593;FAUVE CRAFT BIERE;FR  ;FRANCE                                  ;614;FAUVE CRAFT BIERE                                           ;3.2844;0.10877;2;24;141;44;6;1;0;3    ;CARTONS
9536;9536;FAUVE BALLET DES LIANES 44CL;SINGLE HOP MOSAIC;20;25;BIERE 33/44/50 CL CANETTE     ;1;IPA;593;FAUVE CRAFT BIERE;FR  ;FRANCE                                  ;614;FAUVE CRAFT BIERE                                           ;3.45;0.11602;2;24;93;44;6.4;1;0;3    ;CARTONS
9537;9537;FAUVE LES GRANGES DU RANCH 44C;SINGLE HOP CITRA;20;25;BIERE 33/44/50 CL CANETTE     ;1;IPA;593;FAUVE CRAFT BIERE;FR  ;FRANCE                                  ;614;FAUVE CRAFT BIERE                                           ;3.726;0.14502;2;24;165;44;8;1;0;3    ;CARTONS
9538;9538;FAUVE HORIZON EXPÉRIMENTAL 44C;NEIPA HOUBLON HBC1183;20;25;BIERE 33/44/50 CL CANETTE     ;1;IPA;593;FAUVE CRAFT BIERE;FR  ;FRANCE                                  ;614;FAUVE CRAFT BIERE                                           ;3.45;0.11783;2;24;138;44;6.5;1;0;3    ;CARTONS
9539;9539;GIFFARD SIROP SAKURA 100CL;FLEUR DE CERISIER;70;0;SIROP                         ;0;;243;GIFFARD;    ;;274;GIFFARD                                                     ;6.1178;0;3;6;5;100;0;1;0;     ;
9540;9540;UBY CUB BLANC SEC BIB 5L;;10;4;COTES DE GASCOGNE             ;24;VIN BLANC MOELLEUX;0;;    ;;351;MAISON VOISIN SARL COLLIVET                                 ;18.75;0;2;1;5;500;11.5;1;0;4    ;BIB
9541;9541;ADIOU MENTHE 100CL VP;CRÈME DE MENTHE;1;41;LIQUEURS CREMES               ;0;;0;;    ;;623;ADIOU HEDONISTERIE                                          ;12.05;0;2;6;42;100;15;1;0;     ;
9542;9542;ADIOU CITRON 100CL VP;CRÈME DE CITRON;1;41;LIQUEURS CREMES               ;0;;0;;    ;;623;ADIOU HEDONISTERIE                                          ;12.05;0;2;6;12;100;15;1;0;     ;
9543;9543;ADIOU PÊCHE 100CL VP;CRÈME DE PÊCHE;1;41;LIQUEURS CREMES               ;0;;0;;    ;;623;ADIOU HEDONISTERIE                                          ;12.05;0;2;6;36;100;15;1;0;     ;
9544;9544;ADIOU MANDARINE 100CL VP;CRÈME DE MANDARINE;1;41;LIQUEURS CREMES               ;0;;0;;    ;;623;ADIOU HEDONISTERIE                                          ;12.05;0;2;6;12;100;15;1;0;     ;
9545;9545;ADIOU MENTHE POIVRÉE 100CL VP;CRÈME DE MENTHE POIVRÉE;1;41;LIQUEURS CREMES               ;0;;0;;    ;;623;ADIOU HEDONISTERIE                                          ;12.05;0;2;6;12;100;15;1;0;     ;
9546;9546;ADIOU CERISE GRIOTTE 100CL VP;CRÈME DE CERISE;1;41;LIQUEURS CREMES               ;0;;0;;    ;;623;ADIOU HEDONISTERIE                                          ;12.05;0;2;6;12;100;15;1;0;     ;
9547;9547;STARNBERGER FESTBIER 30L TP;;20;1;BIERE FUT 30L                 ;7;LAGER / PILS / ALE / BLONDE;86;KROMBACHER;DE  ;ALLEMAGNE                               ;395;KROMBACHER BRAUEREI GMBH & CO                               ;2.7;0.47792;2;30;0;100;5.8;1;30;1    ;FUT INOX
9548;9548;GARAGE PIETINE 44BTE;IPA;20;25;BIERE 33/44/50 CL CANETTE     ;1;IPA;156;GARAGE BREWING;ES  ;ESPAGNE                                 ;133;CERVECEROS GARAGE SL                                        ;3.6305;0.10877;2;16;170;44;6;1;0;3    ;CARTONS
9549;9549;GARAGE NABULIO 44BTE;;20;25;BIERE 33/44/50 CL CANETTE     ;1;IPA;156;GARAGE BREWING;ES  ;ESPAGNE                                 ;133;CERVECEROS GARAGE SL                                        ;3.6579;0.11964;2;16;143;44;6.6;1;0;3    ;CARTONS
9550;9550;GARAGE BRONZE 44BTE;IPA;20;25;BIERE 33/44/50 CL CANETTE     ;1;IPA;156;GARAGE BREWING;ES  ;ESPAGNE                                 ;133;CERVECEROS GARAGE SL                                        ;3.8914;0.15409;2;16;190;44;8.5;1;0;3    ;CARTONS
9551;9551;PERRIN CHASSANGRE BLANC 75CL;IGP MEDITERRANEE;10;0;VINS                          ;22;VIN BLANC SEC;578;FAMILLE PERRIN;FR  ;FRANCE                                  ;578;FAMILLE PERRIN                                              ;5.7375;0;2;6;18;75;13;1;0;3    ;CARTONS
9552;9552;LA SUPERBE CALYPSO SUMMER 30LK;SUMMER ALE KEYKEG;20;1;BIERE FUT 30L                 ;3;BLANCHE;242;LA SUPERBE;FR  ;FRANCE                                  ;411;LA SUPERBE                                                  ;3.9229;0.19776;2;30;180;100;4.8;1;0;5    ;FUT KEYKEG
9553;9553;LA SUPERBE MAREA 30L KK;CLASSIQUE IPA;20;1;BIERE FUT 30L                 ;1;IPA;242;LA SUPERBE;FR  ;FRANCE                                  ;411;LA SUPERBE                                                  ;4.0172;0.21424;2;30;180;100;5.2;1;0;5    ;FUT KEYKEG
9554;9554;LA SUPERBE ZINZINE 44CL BTE;DDH IPA CITRA GALAXY;20;25;BIERE 33/44/50 CL CANETTE     ;1;IPA;242;LA SUPERBE;FR  ;FRANCE                                  ;411;LA SUPERBE                                                  ;3.5102;0.11783;2;24;47;44;6.5;1;0;3    ;CARTONS
9555;9555;LA SUPERBE ICARO 44CL BTE;IMPERIAL OAT IPA;20;25;BIERE 33/44/50 CL CANETTE     ;1;IPA;242;LA SUPERBE;FR  ;FRANCE                                  ;411;LA SUPERBE                                                  ;3.7398;0.14502;2;24;94;44;8;1;0;3    ;CARTONS
9556;9556;LA SUPERBE CLOUDY 44CL BTE;DDH IPA CITRA NECTARON;20;25;BIERE 33/44/50 CL CANETTE     ;1;IPA;242;LA SUPERBE;FR  ;FRANCE                                  ;411;LA SUPERBE                                                  ;3.459;0.11783;2;24;70;44;6.5;1;0;3    ;CARTONS
9557;9557;LA SUPERBE  717  44CL BTE;NEIPA;20;25;BIERE 33/44/50 CL CANETTE     ;1;IPA;242;LA SUPERBE;FR  ;FRANCE                                  ;411;LA SUPERBE                                                  ;3.5386;0.10877;2;24;94;44;6;1;0;3    ;CARTONS
9558;9558;POPIHN X DEBAUCHE 33VP;IMPERIAL STOUT;20;15;BIERE 75VP                    ;5;STOUT / PORTER;191;LA DEBAUCHE;FR  ;FRANCE                                  ;356;BRASSERIE LA DEBAUCHE                                       ;4.0415;0.16315;2;12;0;33;12;1;0;3    ;CARTONS
9560;9560;GOB REUTILISABLES 63CL X25;;87;2;REUTILISABLES                 ;0;;0;;    ;;16;ISAP                                                        ;6.9;0;2;24;45;100;0;1;0;     ;
9561;9561;CHEMISE POLO KROMBACHER L;REF 7182;87;6;ART. PUB.                     ;0;;86;KROMBACHER;    ;;395;KROMBACHER BRAUEREI GMBH & CO                               ;11.475;0;2;1;4;100;0;1;0;     ;
9562;9562;BASQUELAND HALL OF FAME 20L KK;DIPA;20;1;BIERE FUT 30L                 ;1;IPA;133;BASQUELAND BREWING PROJECT;ES  ;ESPAGNE                                 ;314;BASQUELAND BREWING PROJECT                                  ;5.75;0.7004;2;20;0;100;8.5;1;0;5    ;FUT KEYKEG
101645;101645;BUNDABERG GINGER BEER 37,5VP;;40;16;BOISSONS SUCREES VP           ;0;;0;;    ;;22;KARLSBRAU                                                   ;1.8487;0.1336;3;12;146;38;0;1;0;     ;
